2026-06-25T16:22:46.247578+07:00: Starting main
2026-06-25T16:22:46.252603+07:00: Started calculating satellite data
2026-06-25T16:22:46.256410+07:00: Loaded 3 satellites from SatTLE.txt
2026-06-25T16:22:46.264214+07:00: Pass for VNREDSat-1 at 2026-06-25T19:20:53.915402+07:00, mid elevation: 4.19
2026-06-25T16:22:46.264868+07:00: Pass for VNREDSat-1 at 2026-06-25T21:00:36.151431+07:00, mid elevation: 84.57
2026-06-25T16:22:46.265491+07:00: Pass for VNREDSat-1 at 2026-06-25T22:34:02.908909+07:00, mid elevation: 2.15
2026-06-25T16:22:46.266303+07:00: Pass for VNREDSat-1 at 2026-06-26T09:06:37.013565+07:00, mid elevation: 55.34
2026-06-25T16:22:46.267057+07:00: Pass for VNREDSat-1 at 2026-06-26T10:41:17.506029+07:00, mid elevation: 8.16
2026-06-25T16:22:46.267667+07:00: Pass for VNREDSat-1 at 2026-06-26T19:57:07.453160+07:00, mid elevation: 15.80
2026-06-25T16:22:46.268216+07:00: Pass for VNREDSat-1 at 2026-06-26T21:34:46.407621+07:00, mid elevation: 29.71
2026-06-25T16:22:46.268744+07:00: Pass for VNREDSat-1 at 2026-06-27T08:01:49.594377+07:00, mid elevation: 8.19
2026-06-25T16:22:46.269307+07:00: Pass for VNREDSat-1 at 2026-06-27T09:41:02.110632+07:00, mid elevation: 51.60
2026-06-25T16:22:46.269490+07:00: Found 9 valid passes for VNREDSat-1
2026-06-25T16:22:46.270601+07:00: VNREDSat-1 at 2026-06-25T19:13:32.808882+07:00: Az=101.69, El=0.00
2026-06-25T16:22:46.271589+07:00: VNREDSat-1 at 2026-06-25T19:13:33.808882+07:00: Az=101.57, El=0.03
2026-06-25T16:22:46.272463+07:00: VNREDSat-1 at 2026-06-25T19:13:34.808882+07:00: Az=101.44, El=0.06
2026-06-25T16:22:46.273724+07:00: VNREDSat-1 at 2026-06-25T19:13:35.808882+07:00: Az=101.32, El=0.10
2026-06-25T16:22:46.274795+07:00: VNREDSat-1 at 2026-06-25T19:13:36.808882+07:00: Az=101.20, El=0.13
2026-06-25T16:22:46.275631+07:00: VNREDSat-1 at 2026-06-25T19:13:37.808882+07:00: Az=101.07, El=0.16
2026-06-25T16:22:46.276516+07:00: VNREDSat-1 at 2026-06-25T19:13:38.808882+07:00: Az=100.95, El=0.19
2026-06-25T16:22:46.277310+07:00: VNREDSat-1 at 2026-06-25T19:13:39.808882+07:00: Az=100.82, El=0.22
2026-06-25T16:22:46.278140+07:00: VNREDSat-1 at 2026-06-25T19:13:40.808882+07:00: Az=100.70, El=0.26
2026-06-25T16:22:46.278930+07:00: VNREDSat-1 at 2026-06-25T19:13:41.808882+07:00: Az=100.57, El=0.29
2026-06-25T16:22:46.279841+07:00: VNREDSat-1 at 2026-06-25T19:13:42.808882+07:00: Az=100.44, El=0.32
2026-06-25T16:22:46.280858+07:00: VNREDSat-1 at 2026-06-25T19:13:43.808882+07:00: Az=100.32, El=0.35
2026-06-25T16:22:46.281815+07:00: VNREDSat-1 at 2026-06-25T19:13:44.808882+07:00: Az=100.19, El=0.38
2026-06-25T16:22:46.282703+07:00: VNREDSat-1 at 2026-06-25T19:13:45.808882+07:00: Az=100.06, El=0.41
2026-06-25T16:22:46.283620+07:00: VNREDSat-1 at 2026-06-25T19:13:46.808882+07:00: Az=99.94, El=0.45
2026-06-25T16:22:46.284428+07:00: VNREDSat-1 at 2026-06-25T19:13:47.808882+07:00: Az=99.81, El=0.48
2026-06-25T16:22:46.285377+07:00: VNREDSat-1 at 2026-06-25T19:13:48.808882+07:00: Az=99.68, El=0.51
2026-06-25T16:22:46.286246+07:00: VNREDSat-1 at 2026-06-25T19:13:49.808882+07:00: Az=99.55, El=0.54
2026-06-25T16:22:46.287103+07:00: VNREDSat-1 at 2026-06-25T19:13:50.808882+07:00: Az=99.42, El=0.57
2026-06-25T16:22:46.288053+07:00: VNREDSat-1 at 2026-06-25T19:13:51.808882+07:00: Az=99.30, El=0.60
2026-06-25T16:22:46.289674+07:00: VNREDSat-1 at 2026-06-25T19:13:52.808882+07:00: Az=99.17, El=0.63
2026-06-25T16:22:46.290713+07:00: VNREDSat-1 at 2026-06-25T19:13:53.808882+07:00: Az=99.04, El=0.66
2026-06-25T16:22:46.291971+07:00: VNREDSat-1 at 2026-06-25T19:13:54.808882+07:00: Az=98.91, El=0.69
2026-06-25T16:22:46.292975+07:00: VNREDSat-1 at 2026-06-25T19:13:55.808882+07:00: Az=98.78, El=0.73
2026-06-25T16:22:46.293899+07:00: VNREDSat-1 at 2026-06-25T19:13:56.808882+07:00: Az=98.65, El=0.76
2026-06-25T16:22:46.295074+07:00: VNREDSat-1 at 2026-06-25T19:13:57.808882+07:00: Az=98.52, El=0.79
2026-06-25T16:22:46.296070+07:00: VNREDSat-1 at 2026-06-25T19:13:58.808882+07:00: Az=98.39, El=0.82
2026-06-25T16:22:46.297179+07:00: VNREDSat-1 at 2026-06-25T19:13:59.808882+07:00: Az=98.26, El=0.85
2026-06-25T16:22:46.298151+07:00: VNREDSat-1 at 2026-06-25T19:14:00.808882+07:00: Az=98.12, El=0.88
2026-06-25T16:22:46.299076+07:00: VNREDSat-1 at 2026-06-25T19:14:01.808882+07:00: Az=97.99, El=0.91
2026-06-25T16:22:46.299976+07:00: VNREDSat-1 at 2026-06-25T19:14:02.808882+07:00: Az=97.86, El=0.94
2026-06-25T16:22:46.301043+07:00: VNREDSat-1 at 2026-06-25T19:14:03.808882+07:00: Az=97.73, El=0.97
2026-06-25T16:22:46.301957+07:00: VNREDSat-1 at 2026-06-25T19:14:04.808882+07:00: Az=97.59, El=1.00
2026-06-25T16:22:46.302818+07:00: VNREDSat-1 at 2026-06-25T19:14:05.808882+07:00: Az=97.46, El=1.03
2026-06-25T16:22:46.303619+07:00: VNREDSat-1 at 2026-06-25T19:14:06.808882+07:00: Az=97.33, El=1.06
2026-06-25T16:22:46.305417+07:00: VNREDSat-1 at 2026-06-25T19:14:07.808882+07:00: Az=97.20, El=1.09
2026-06-25T16:22:46.306449+07:00: VNREDSat-1 at 2026-06-25T19:14:08.808882+07:00: Az=97.06, El=1.12
2026-06-25T16:22:46.307350+07:00: VNREDSat-1 at 2026-06-25T19:14:09.808882+07:00: Az=96.93, El=1.15
2026-06-25T16:22:46.308284+07:00: VNREDSat-1 at 2026-06-25T19:14:10.808882+07:00: Az=96.79, El=1.18
2026-06-25T16:22:46.309141+07:00: VNREDSat-1 at 2026-06-25T19:14:11.808882+07:00: Az=96.66, El=1.20
2026-06-25T16:22:46.310007+07:00: VNREDSat-1 at 2026-06-25T19:14:12.808882+07:00: Az=96.52, El=1.23
2026-06-25T16:22:46.310870+07:00: VNREDSat-1 at 2026-06-25T19:14:13.808882+07:00: Az=96.39, El=1.26
2026-06-25T16:22:46.311679+07:00: VNREDSat-1 at 2026-06-25T19:14:14.808882+07:00: Az=96.25, El=1.29
2026-06-25T16:22:46.312500+07:00: VNREDSat-1 at 2026-06-25T19:14:15.808882+07:00: Az=96.12, El=1.32
2026-06-25T16:22:46.313312+07:00: VNREDSat-1 at 2026-06-25T19:14:16.808882+07:00: Az=95.98, El=1.35
2026-06-25T16:22:46.314129+07:00: VNREDSat-1 at 2026-06-25T19:14:17.808882+07:00: Az=95.84, El=1.38
2026-06-25T16:22:46.315004+07:00: VNREDSat-1 at 2026-06-25T19:14:18.808882+07:00: Az=95.71, El=1.41
2026-06-25T16:22:46.315867+07:00: VNREDSat-1 at 2026-06-25T19:14:19.808882+07:00: Az=95.57, El=1.44
2026-06-25T16:22:46.316844+07:00: VNREDSat-1 at 2026-06-25T19:14:20.808882+07:00: Az=95.43, El=1.46
2026-06-25T16:22:46.317695+07:00: VNREDSat-1 at 2026-06-25T19:14:21.808882+07:00: Az=95.29, El=1.49
2026-06-25T16:22:46.318572+07:00: VNREDSat-1 at 2026-06-25T19:14:22.808882+07:00: Az=95.16, El=1.52
2026-06-25T16:22:46.319365+07:00: VNREDSat-1 at 2026-06-25T19:14:23.808882+07:00: Az=95.02, El=1.55
2026-06-25T16:22:46.320661+07:00: VNREDSat-1 at 2026-06-25T19:14:24.808882+07:00: Az=94.88, El=1.58
2026-06-25T16:22:46.321681+07:00: VNREDSat-1 at 2026-06-25T19:14:25.808882+07:00: Az=94.74, El=1.60
2026-06-25T16:22:46.322654+07:00: VNREDSat-1 at 2026-06-25T19:14:26.808882+07:00: Az=94.60, El=1.63
2026-06-25T16:22:46.323612+07:00: VNREDSat-1 at 2026-06-25T19:14:27.808882+07:00: Az=94.46, El=1.66
2026-06-25T16:22:46.324520+07:00: VNREDSat-1 at 2026-06-25T19:14:28.808882+07:00: Az=94.32, El=1.69
2026-06-25T16:22:46.325333+07:00: VNREDSat-1 at 2026-06-25T19:14:29.808882+07:00: Az=94.18, El=1.71
2026-06-25T16:22:46.326149+07:00: VNREDSat-1 at 2026-06-25T19:14:30.808882+07:00: Az=94.04, El=1.74
2026-06-25T16:22:46.327028+07:00: VNREDSat-1 at 2026-06-25T19:14:31.808882+07:00: Az=93.90, El=1.77
2026-06-25T16:22:46.327871+07:00: VNREDSat-1 at 2026-06-25T19:14:32.808882+07:00: Az=93.76, El=1.80
2026-06-25T16:22:46.328688+07:00: VNREDSat-1 at 2026-06-25T19:14:33.808882+07:00: Az=93.62, El=1.82
2026-06-25T16:22:46.329509+07:00: VNREDSat-1 at 2026-06-25T19:14:34.808882+07:00: Az=93.48, El=1.85
2026-06-25T16:22:46.330293+07:00: VNREDSat-1 at 2026-06-25T19:14:35.808882+07:00: Az=93.34, El=1.88
2026-06-25T16:22:46.331059+07:00: VNREDSat-1 at 2026-06-25T19:14:36.808882+07:00: Az=93.19, El=1.90
2026-06-25T16:22:46.331830+07:00: VNREDSat-1 at 2026-06-25T19:14:37.808882+07:00: Az=93.05, El=1.93
2026-06-25T16:22:46.332571+07:00: VNREDSat-1 at 2026-06-25T19:14:38.808882+07:00: Az=92.91, El=1.96
2026-06-25T16:22:46.333357+07:00: VNREDSat-1 at 2026-06-25T19:14:39.808882+07:00: Az=92.77, El=1.98
2026-06-25T16:22:46.334168+07:00: VNREDSat-1 at 2026-06-25T19:14:40.808882+07:00: Az=92.62, El=2.01
2026-06-25T16:22:46.335000+07:00: VNREDSat-1 at 2026-06-25T19:14:41.808882+07:00: Az=92.48, El=2.04
2026-06-25T16:22:46.335975+07:00: VNREDSat-1 at 2026-06-25T19:14:42.808882+07:00: Az=92.34, El=2.06
2026-06-25T16:22:46.336858+07:00: VNREDSat-1 at 2026-06-25T19:14:43.808882+07:00: Az=92.19, El=2.09
2026-06-25T16:22:46.337838+07:00: VNREDSat-1 at 2026-06-25T19:14:44.808882+07:00: Az=92.05, El=2.11
2026-06-25T16:22:46.338678+07:00: VNREDSat-1 at 2026-06-25T19:14:45.808882+07:00: Az=91.90, El=2.14
2026-06-25T16:22:46.339538+07:00: VNREDSat-1 at 2026-06-25T19:14:46.808882+07:00: Az=91.76, El=2.16
2026-06-25T16:22:46.340371+07:00: VNREDSat-1 at 2026-06-25T19:14:47.808882+07:00: Az=91.61, El=2.19
2026-06-25T16:22:46.341199+07:00: VNREDSat-1 at 2026-06-25T19:14:48.808882+07:00: Az=91.47, El=2.22
2026-06-25T16:22:46.342022+07:00: VNREDSat-1 at 2026-06-25T19:14:49.808882+07:00: Az=91.32, El=2.24
2026-06-25T16:22:46.342841+07:00: VNREDSat-1 at 2026-06-25T19:14:50.808882+07:00: Az=91.18, El=2.27
2026-06-25T16:22:46.343710+07:00: VNREDSat-1 at 2026-06-25T19:14:51.808882+07:00: Az=91.03, El=2.29
2026-06-25T16:22:46.344592+07:00: VNREDSat-1 at 2026-06-25T19:14:52.808882+07:00: Az=90.88, El=2.32
2026-06-25T16:22:46.345528+07:00: VNREDSat-1 at 2026-06-25T19:14:53.808882+07:00: Az=90.74, El=2.34
2026-06-25T16:22:46.346420+07:00: VNREDSat-1 at 2026-06-25T19:14:54.808882+07:00: Az=90.59, El=2.36
2026-06-25T16:22:46.347222+07:00: VNREDSat-1 at 2026-06-25T19:14:55.808882+07:00: Az=90.44, El=2.39
2026-06-25T16:22:46.348021+07:00: VNREDSat-1 at 2026-06-25T19:14:56.808882+07:00: Az=90.30, El=2.41
2026-06-25T16:22:46.348808+07:00: VNREDSat-1 at 2026-06-25T19:14:57.808882+07:00: Az=90.15, El=2.44
2026-06-25T16:22:46.349844+07:00: VNREDSat-1 at 2026-06-25T19:14:58.808882+07:00: Az=90.00, El=2.46
2026-06-25T16:22:46.351100+07:00: VNREDSat-1 at 2026-06-25T19:14:59.808882+07:00: Az=89.85, El=2.49
2026-06-25T16:22:46.352226+07:00: VNREDSat-1 at 2026-06-25T19:15:00.808882+07:00: Az=89.70, El=2.51
2026-06-25T16:22:46.353231+07:00: VNREDSat-1 at 2026-06-25T19:15:01.808882+07:00: Az=89.55, El=2.53
2026-06-25T16:22:46.354315+07:00: VNREDSat-1 at 2026-06-25T19:15:02.808882+07:00: Az=89.41, El=2.56
2026-06-25T16:22:46.355304+07:00: VNREDSat-1 at 2026-06-25T19:15:03.808882+07:00: Az=89.26, El=2.58
2026-06-25T16:22:46.356207+07:00: VNREDSat-1 at 2026-06-25T19:15:04.808882+07:00: Az=89.11, El=2.60
2026-06-25T16:22:46.357044+07:00: VNREDSat-1 at 2026-06-25T19:15:05.808882+07:00: Az=88.96, El=2.63
2026-06-25T16:22:46.357942+07:00: VNREDSat-1 at 2026-06-25T19:15:06.808882+07:00: Az=88.81, El=2.65
2026-06-25T16:22:46.358796+07:00: VNREDSat-1 at 2026-06-25T19:15:07.808882+07:00: Az=88.66, El=2.67
2026-06-25T16:22:46.359612+07:00: VNREDSat-1 at 2026-06-25T19:15:08.808882+07:00: Az=88.50, El=2.69
2026-06-25T16:22:46.360467+07:00: VNREDSat-1 at 2026-06-25T19:15:09.808882+07:00: Az=88.35, El=2.72
2026-06-25T16:22:46.361252+07:00: VNREDSat-1 at 2026-06-25T19:15:10.808882+07:00: Az=88.20, El=2.74
2026-06-25T16:22:46.362195+07:00: VNREDSat-1 at 2026-06-25T19:15:11.808882+07:00: Az=88.05, El=2.76
2026-06-25T16:22:46.363126+07:00: VNREDSat-1 at 2026-06-25T19:15:12.808882+07:00: Az=87.90, El=2.78
2026-06-25T16:22:46.364121+07:00: VNREDSat-1 at 2026-06-25T19:15:13.808882+07:00: Az=87.75, El=2.81
2026-06-25T16:22:46.364948+07:00: VNREDSat-1 at 2026-06-25T19:15:14.808882+07:00: Az=87.60, El=2.83
2026-06-25T16:22:46.365782+07:00: VNREDSat-1 at 2026-06-25T19:15:15.808882+07:00: Az=87.44, El=2.85
2026-06-25T16:22:46.366548+07:00: VNREDSat-1 at 2026-06-25T19:15:16.808882+07:00: Az=87.29, El=2.87
2026-06-25T16:22:46.367421+07:00: VNREDSat-1 at 2026-06-25T19:15:17.808882+07:00: Az=87.14, El=2.89
2026-06-25T16:22:46.370421+07:00: VNREDSat-1 at 2026-06-25T19:15:18.808882+07:00: Az=86.98, El=2.91
2026-06-25T16:22:46.371635+07:00: VNREDSat-1 at 2026-06-25T19:15:19.808882+07:00: Az=86.83, El=2.93
2026-06-25T16:22:46.372829+07:00: VNREDSat-1 at 2026-06-25T19:15:20.808882+07:00: Az=86.68, El=2.96
2026-06-25T16:22:46.373866+07:00: VNREDSat-1 at 2026-06-25T19:15:21.808882+07:00: Az=86.52, El=2.98
2026-06-25T16:22:46.374872+07:00: VNREDSat-1 at 2026-06-25T19:15:22.808882+07:00: Az=86.37, El=3.00
2026-06-25T16:22:46.375937+07:00: VNREDSat-1 at 2026-06-25T19:15:23.808882+07:00: Az=86.21, El=3.02
2026-06-25T16:22:46.376951+07:00: VNREDSat-1 at 2026-06-25T19:15:24.808882+07:00: Az=86.06, El=3.04
2026-06-25T16:22:46.378077+07:00: VNREDSat-1 at 2026-06-25T19:15:25.808882+07:00: Az=85.90, El=3.06
2026-06-25T16:22:46.379309+07:00: VNREDSat-1 at 2026-06-25T19:15:26.808882+07:00: Az=85.75, El=3.08
2026-06-25T16:22:46.380294+07:00: VNREDSat-1 at 2026-06-25T19:15:27.808882+07:00: Az=85.59, El=3.10
2026-06-25T16:22:46.381378+07:00: VNREDSat-1 at 2026-06-25T19:15:28.808882+07:00: Az=85.44, El=3.12
2026-06-25T16:22:46.382448+07:00: VNREDSat-1 at 2026-06-25T19:15:29.808882+07:00: Az=85.28, El=3.14
2026-06-25T16:22:46.383448+07:00: VNREDSat-1 at 2026-06-25T19:15:30.808882+07:00: Az=85.13, El=3.16
2026-06-25T16:22:46.384617+07:00: VNREDSat-1 at 2026-06-25T19:15:31.808882+07:00: Az=84.97, El=3.18
2026-06-25T16:22:46.385633+07:00: VNREDSat-1 at 2026-06-25T19:15:32.808882+07:00: Az=84.81, El=3.19
2026-06-25T16:22:46.386463+07:00: VNREDSat-1 at 2026-06-25T19:15:33.808882+07:00: Az=84.66, El=3.21
2026-06-25T16:22:46.387273+07:00: VNREDSat-1 at 2026-06-25T19:15:34.808882+07:00: Az=84.50, El=3.23
2026-06-25T16:22:46.388123+07:00: VNREDSat-1 at 2026-06-25T19:15:35.808882+07:00: Az=84.34, El=3.25
2026-06-25T16:22:46.388937+07:00: VNREDSat-1 at 2026-06-25T19:15:36.808882+07:00: Az=84.19, El=3.27
2026-06-25T16:22:46.389750+07:00: VNREDSat-1 at 2026-06-25T19:15:37.808882+07:00: Az=84.03, El=3.29
2026-06-25T16:22:46.390835+07:00: VNREDSat-1 at 2026-06-25T19:15:38.808882+07:00: Az=83.87, El=3.31
2026-06-25T16:22:46.391829+07:00: VNREDSat-1 at 2026-06-25T19:15:39.808882+07:00: Az=83.71, El=3.32
2026-06-25T16:22:46.392801+07:00: VNREDSat-1 at 2026-06-25T19:15:40.808882+07:00: Az=83.55, El=3.34
2026-06-25T16:22:46.393723+07:00: VNREDSat-1 at 2026-06-25T19:15:41.808882+07:00: Az=83.40, El=3.36
2026-06-25T16:22:46.394774+07:00: VNREDSat-1 at 2026-06-25T19:15:42.808882+07:00: Az=83.24, El=3.38
2026-06-25T16:22:46.395659+07:00: VNREDSat-1 at 2026-06-25T19:15:43.808882+07:00: Az=83.08, El=3.39
2026-06-25T16:22:46.396487+07:00: VNREDSat-1 at 2026-06-25T19:15:44.808882+07:00: Az=82.92, El=3.41
2026-06-25T16:22:46.397308+07:00: VNREDSat-1 at 2026-06-25T19:15:45.808882+07:00: Az=82.76, El=3.43
2026-06-25T16:22:46.398177+07:00: VNREDSat-1 at 2026-06-25T19:15:46.808882+07:00: Az=82.60, El=3.45
2026-06-25T16:22:46.399047+07:00: VNREDSat-1 at 2026-06-25T19:15:47.808882+07:00: Az=82.44, El=3.46
2026-06-25T16:22:46.399910+07:00: VNREDSat-1 at 2026-06-25T19:15:48.808882+07:00: Az=82.28, El=3.48
2026-06-25T16:22:46.401073+07:00: VNREDSat-1 at 2026-06-25T19:15:49.808882+07:00: Az=82.12, El=3.49
2026-06-25T16:22:46.402151+07:00: VNREDSat-1 at 2026-06-25T19:15:50.808882+07:00: Az=81.96, El=3.51
2026-06-25T16:22:46.403077+07:00: VNREDSat-1 at 2026-06-25T19:15:51.808882+07:00: Az=81.80, El=3.53
2026-06-25T16:22:46.403965+07:00: VNREDSat-1 at 2026-06-25T19:15:52.808882+07:00: Az=81.64, El=3.54
2026-06-25T16:22:46.404909+07:00: VNREDSat-1 at 2026-06-25T19:15:53.808882+07:00: Az=81.48, El=3.56
2026-06-25T16:22:46.405855+07:00: VNREDSat-1 at 2026-06-25T19:15:54.808882+07:00: Az=81.32, El=3.57
2026-06-25T16:22:46.406683+07:00: VNREDSat-1 at 2026-06-25T19:15:55.808882+07:00: Az=81.16, El=3.59
2026-06-25T16:22:46.407500+07:00: VNREDSat-1 at 2026-06-25T19:15:56.808882+07:00: Az=80.99, El=3.60
2026-06-25T16:22:46.408301+07:00: VNREDSat-1 at 2026-06-25T19:15:57.808882+07:00: Az=80.83, El=3.62
2026-06-25T16:22:46.409135+07:00: VNREDSat-1 at 2026-06-25T19:15:58.808882+07:00: Az=80.67, El=3.63
2026-06-25T16:22:46.410003+07:00: VNREDSat-1 at 2026-06-25T19:15:59.808882+07:00: Az=80.51, El=3.65
2026-06-25T16:22:46.410857+07:00: VNREDSat-1 at 2026-06-25T19:16:00.808882+07:00: Az=80.35, El=3.66
2026-06-25T16:22:46.411632+07:00: VNREDSat-1 at 2026-06-25T19:16:01.808882+07:00: Az=80.18, El=3.68
2026-06-25T16:22:46.412519+07:00: VNREDSat-1 at 2026-06-25T19:16:02.808882+07:00: Az=80.02, El=3.69
2026-06-25T16:22:46.413370+07:00: VNREDSat-1 at 2026-06-25T19:16:03.808882+07:00: Az=79.86, El=3.70
2026-06-25T16:22:46.414357+07:00: VNREDSat-1 at 2026-06-25T19:16:04.808882+07:00: Az=79.70, El=3.72
2026-06-25T16:22:46.415339+07:00: VNREDSat-1 at 2026-06-25T19:16:05.808882+07:00: Az=79.53, El=3.73
2026-06-25T16:22:46.416570+07:00: VNREDSat-1 at 2026-06-25T19:16:06.808882+07:00: Az=79.37, El=3.74
2026-06-25T16:22:46.417736+07:00: VNREDSat-1 at 2026-06-25T19:16:07.808882+07:00: Az=79.21, El=3.76
2026-06-25T16:22:46.418817+07:00: VNREDSat-1 at 2026-06-25T19:16:08.808882+07:00: Az=79.04, El=3.77
2026-06-25T16:22:46.419831+07:00: VNREDSat-1 at 2026-06-25T19:16:09.808882+07:00: Az=78.88, El=3.78
2026-06-25T16:22:46.420901+07:00: VNREDSat-1 at 2026-06-25T19:16:10.808882+07:00: Az=78.72, El=3.80
2026-06-25T16:22:46.421924+07:00: VNREDSat-1 at 2026-06-25T19:16:11.808882+07:00: Az=78.55, El=3.81
2026-06-25T16:22:46.422805+07:00: VNREDSat-1 at 2026-06-25T19:16:12.808882+07:00: Az=78.39, El=3.82
2026-06-25T16:22:46.423701+07:00: VNREDSat-1 at 2026-06-25T19:16:13.808882+07:00: Az=78.22, El=3.83
2026-06-25T16:22:46.424606+07:00: VNREDSat-1 at 2026-06-25T19:16:14.808882+07:00: Az=78.06, El=3.84
2026-06-25T16:22:46.425882+07:00: VNREDSat-1 at 2026-06-25T19:16:15.808882+07:00: Az=77.89, El=3.86
2026-06-25T16:22:46.427020+07:00: VNREDSat-1 at 2026-06-25T19:16:16.808882+07:00: Az=77.73, El=3.87
2026-06-25T16:22:46.428020+07:00: VNREDSat-1 at 2026-06-25T19:16:17.808882+07:00: Az=77.56, El=3.88
2026-06-25T16:22:46.428887+07:00: VNREDSat-1 at 2026-06-25T19:16:18.808882+07:00: Az=77.40, El=3.89
2026-06-25T16:22:46.429799+07:00: VNREDSat-1 at 2026-06-25T19:16:19.808882+07:00: Az=77.23, El=3.90
2026-06-25T16:22:46.430638+07:00: VNREDSat-1 at 2026-06-25T19:16:20.808882+07:00: Az=77.07, El=3.91
2026-06-25T16:22:46.431555+07:00: VNREDSat-1 at 2026-06-25T19:16:21.808882+07:00: Az=76.90, El=3.92
2026-06-25T16:22:46.432521+07:00: VNREDSat-1 at 2026-06-25T19:16:22.808882+07:00: Az=76.74, El=3.93
2026-06-25T16:22:46.433545+07:00: VNREDSat-1 at 2026-06-25T19:16:23.808882+07:00: Az=76.57, El=3.94
2026-06-25T16:22:46.434393+07:00: VNREDSat-1 at 2026-06-25T19:16:24.808882+07:00: Az=76.41, El=3.95
2026-06-25T16:22:46.435267+07:00: VNREDSat-1 at 2026-06-25T19:16:25.808882+07:00: Az=76.24, El=3.96
2026-06-25T16:22:46.436081+07:00: VNREDSat-1 at 2026-06-25T19:16:26.808882+07:00: Az=76.07, El=3.97
2026-06-25T16:22:46.437380+07:00: VNREDSat-1 at 2026-06-25T19:16:27.808882+07:00: Az=75.91, El=3.98
2026-06-25T16:22:46.438524+07:00: VNREDSat-1 at 2026-06-25T19:16:28.808882+07:00: Az=75.74, El=3.99
2026-06-25T16:22:46.439699+07:00: VNREDSat-1 at 2026-06-25T19:16:29.808882+07:00: Az=75.58, El=4.00
2026-06-25T16:22:46.440699+07:00: VNREDSat-1 at 2026-06-25T19:16:30.808882+07:00: Az=75.41, El=4.01
2026-06-25T16:22:46.441606+07:00: VNREDSat-1 at 2026-06-25T19:16:31.808882+07:00: Az=75.24, El=4.01
2026-06-25T16:22:46.442441+07:00: VNREDSat-1 at 2026-06-25T19:16:32.808882+07:00: Az=75.08, El=4.02
2026-06-25T16:22:46.443200+07:00: VNREDSat-1 at 2026-06-25T19:16:33.808882+07:00: Az=74.91, El=4.03
2026-06-25T16:22:46.443975+07:00: VNREDSat-1 at 2026-06-25T19:16:34.808882+07:00: Az=74.74, El=4.04
2026-06-25T16:22:46.444812+07:00: VNREDSat-1 at 2026-06-25T19:16:35.808882+07:00: Az=74.58, El=4.05
2026-06-25T16:22:46.445631+07:00: VNREDSat-1 at 2026-06-25T19:16:36.808882+07:00: Az=74.41, El=4.05
2026-06-25T16:22:46.446437+07:00: VNREDSat-1 at 2026-06-25T19:16:37.808882+07:00: Az=74.24, El=4.06
2026-06-25T16:22:46.447430+07:00: VNREDSat-1 at 2026-06-25T19:16:38.808882+07:00: Az=74.07, El=4.07
2026-06-25T16:22:46.448286+07:00: VNREDSat-1 at 2026-06-25T19:16:39.808882+07:00: Az=73.91, El=4.08
2026-06-25T16:22:46.449280+07:00: VNREDSat-1 at 2026-06-25T19:16:40.808882+07:00: Az=73.74, El=4.08
2026-06-25T16:22:46.450255+07:00: VNREDSat-1 at 2026-06-25T19:16:41.808882+07:00: Az=73.57, El=4.09
2026-06-25T16:22:46.451257+07:00: VNREDSat-1 at 2026-06-25T19:16:42.808882+07:00: Az=73.40, El=4.10
2026-06-25T16:22:46.452327+07:00: VNREDSat-1 at 2026-06-25T19:16:43.808882+07:00: Az=73.24, El=4.10
2026-06-25T16:22:46.455099+07:00: VNREDSat-1 at 2026-06-25T19:16:44.808882+07:00: Az=73.07, El=4.11
2026-06-25T16:22:46.456275+07:00: VNREDSat-1 at 2026-06-25T19:16:45.808882+07:00: Az=72.90, El=4.11
2026-06-25T16:22:46.458759+07:00: VNREDSat-1 at 2026-06-25T19:16:46.808882+07:00: Az=72.73, El=4.12
2026-06-25T16:22:46.460099+07:00: VNREDSat-1 at 2026-06-25T19:16:47.808882+07:00: Az=72.57, El=4.12
2026-06-25T16:22:46.461647+07:00: VNREDSat-1 at 2026-06-25T19:16:48.808882+07:00: Az=72.40, El=4.13
2026-06-25T16:22:46.463358+07:00: VNREDSat-1 at 2026-06-25T19:16:49.808882+07:00: Az=72.23, El=4.13
2026-06-25T16:22:46.464421+07:00: VNREDSat-1 at 2026-06-25T19:16:50.808882+07:00: Az=72.06, El=4.14
2026-06-25T16:22:46.466356+07:00: VNREDSat-1 at 2026-06-25T19:16:51.808882+07:00: Az=71.89, El=4.14
2026-06-25T16:22:46.467335+07:00: VNREDSat-1 at 2026-06-25T19:16:52.808882+07:00: Az=71.73, El=4.15
2026-06-25T16:22:46.468317+07:00: VNREDSat-1 at 2026-06-25T19:16:53.808882+07:00: Az=71.56, El=4.15
2026-06-25T16:22:46.469911+07:00: VNREDSat-1 at 2026-06-25T19:16:54.808882+07:00: Az=71.39, El=4.16
2026-06-25T16:22:46.471154+07:00: VNREDSat-1 at 2026-06-25T19:16:55.808882+07:00: Az=71.22, El=4.16
2026-06-25T16:22:46.472429+07:00: VNREDSat-1 at 2026-06-25T19:16:56.808882+07:00: Az=71.05, El=4.16
2026-06-25T16:22:46.474266+07:00: VNREDSat-1 at 2026-06-25T19:16:57.808882+07:00: Az=70.88, El=4.17
2026-06-25T16:22:46.476357+07:00: VNREDSat-1 at 2026-06-25T19:16:58.808882+07:00: Az=70.71, El=4.17
2026-06-25T16:22:46.477580+07:00: VNREDSat-1 at 2026-06-25T19:16:59.808882+07:00: Az=70.55, El=4.17
2026-06-25T16:22:46.478560+07:00: VNREDSat-1 at 2026-06-25T19:17:00.808882+07:00: Az=70.38, El=4.18
2026-06-25T16:22:46.479451+07:00: VNREDSat-1 at 2026-06-25T19:17:01.808882+07:00: Az=70.21, El=4.18
2026-06-25T16:22:46.480328+07:00: VNREDSat-1 at 2026-06-25T19:17:02.808882+07:00: Az=70.04, El=4.18
2026-06-25T16:22:46.481247+07:00: VNREDSat-1 at 2026-06-25T19:17:03.808882+07:00: Az=69.87, El=4.18
2026-06-25T16:22:46.482176+07:00: VNREDSat-1 at 2026-06-25T19:17:04.808882+07:00: Az=69.70, El=4.18
2026-06-25T16:22:46.483006+07:00: VNREDSat-1 at 2026-06-25T19:17:05.808882+07:00: Az=69.53, El=4.19
2026-06-25T16:22:46.483777+07:00: VNREDSat-1 at 2026-06-25T19:17:06.808882+07:00: Az=69.37, El=4.19
2026-06-25T16:22:46.484565+07:00: VNREDSat-1 at 2026-06-25T19:17:07.808882+07:00: Az=69.20, El=4.19
2026-06-25T16:22:46.485323+07:00: VNREDSat-1 at 2026-06-25T19:17:08.808882+07:00: Az=69.03, El=4.19
2026-06-25T16:22:46.486124+07:00: VNREDSat-1 at 2026-06-25T19:17:09.808882+07:00: Az=68.86, El=4.19
2026-06-25T16:22:46.486874+07:00: VNREDSat-1 at 2026-06-25T19:17:10.808882+07:00: Az=68.69, El=4.19
2026-06-25T16:22:46.487636+07:00: VNREDSat-1 at 2026-06-25T19:17:11.808882+07:00: Az=68.52, El=4.19
2026-06-25T16:22:46.488504+07:00: VNREDSat-1 at 2026-06-25T19:17:12.808882+07:00: Az=68.35, El=4.19
2026-06-25T16:22:46.489999+07:00: VNREDSat-1 at 2026-06-25T19:17:13.808882+07:00: Az=68.18, El=4.19
2026-06-25T16:22:46.491182+07:00: VNREDSat-1 at 2026-06-25T19:17:14.808882+07:00: Az=68.02, El=4.19
2026-06-25T16:22:46.492248+07:00: VNREDSat-1 at 2026-06-25T19:17:15.808882+07:00: Az=67.85, El=4.19
2026-06-25T16:22:46.493220+07:00: VNREDSat-1 at 2026-06-25T19:17:16.808882+07:00: Az=67.68, El=4.19
2026-06-25T16:22:46.494097+07:00: VNREDSat-1 at 2026-06-25T19:17:17.808882+07:00: Az=67.51, El=4.19
2026-06-25T16:22:46.494966+07:00: VNREDSat-1 at 2026-06-25T19:17:18.808882+07:00: Az=67.34, El=4.19
2026-06-25T16:22:46.495855+07:00: VNREDSat-1 at 2026-06-25T19:17:19.808882+07:00: Az=67.17, El=4.19
2026-06-25T16:22:46.496687+07:00: VNREDSat-1 at 2026-06-25T19:17:20.808882+07:00: Az=67.00, El=4.19
2026-06-25T16:22:46.497520+07:00: VNREDSat-1 at 2026-06-25T19:17:21.808882+07:00: Az=66.83, El=4.19
2026-06-25T16:22:46.498300+07:00: VNREDSat-1 at 2026-06-25T19:17:22.808882+07:00: Az=66.67, El=4.18
2026-06-25T16:22:46.499103+07:00: VNREDSat-1 at 2026-06-25T19:17:23.808882+07:00: Az=66.50, El=4.18
2026-06-25T16:22:46.499943+07:00: VNREDSat-1 at 2026-06-25T19:17:24.808882+07:00: Az=66.33, El=4.18
2026-06-25T16:22:46.500729+07:00: VNREDSat-1 at 2026-06-25T19:17:25.808882+07:00: Az=66.16, El=4.18
2026-06-25T16:22:46.501529+07:00: VNREDSat-1 at 2026-06-25T19:17:26.808882+07:00: Az=65.99, El=4.17
2026-06-25T16:22:46.502400+07:00: VNREDSat-1 at 2026-06-25T19:17:27.808882+07:00: Az=65.82, El=4.17
2026-06-25T16:22:46.503237+07:00: VNREDSat-1 at 2026-06-25T19:17:28.808882+07:00: Az=65.65, El=4.17
2026-06-25T16:22:46.504071+07:00: VNREDSat-1 at 2026-06-25T19:17:29.808882+07:00: Az=65.49, El=4.17
2026-06-25T16:22:46.505186+07:00: VNREDSat-1 at 2026-06-25T19:17:30.808882+07:00: Az=65.32, El=4.16
2026-06-25T16:22:46.506086+07:00: VNREDSat-1 at 2026-06-25T19:17:31.808882+07:00: Az=65.15, El=4.16
2026-06-25T16:22:46.506971+07:00: VNREDSat-1 at 2026-06-25T19:17:32.808882+07:00: Az=64.98, El=4.15
2026-06-25T16:22:46.507887+07:00: VNREDSat-1 at 2026-06-25T19:17:33.808882+07:00: Az=64.81, El=4.15
2026-06-25T16:22:46.508732+07:00: VNREDSat-1 at 2026-06-25T19:17:34.808882+07:00: Az=64.64, El=4.15
2026-06-25T16:22:46.509545+07:00: VNREDSat-1 at 2026-06-25T19:17:35.808882+07:00: Az=64.48, El=4.14
2026-06-25T16:22:46.510342+07:00: VNREDSat-1 at 2026-06-25T19:17:36.808882+07:00: Az=64.31, El=4.14
2026-06-25T16:22:46.511121+07:00: VNREDSat-1 at 2026-06-25T19:17:37.808882+07:00: Az=64.14, El=4.13
2026-06-25T16:22:46.511955+07:00: VNREDSat-1 at 2026-06-25T19:17:38.808882+07:00: Az=63.97, El=4.13
2026-06-25T16:22:46.512802+07:00: VNREDSat-1 at 2026-06-25T19:17:39.808882+07:00: Az=63.80, El=4.12
2026-06-25T16:22:46.513671+07:00: VNREDSat-1 at 2026-06-25T19:17:40.808882+07:00: Az=63.64, El=4.12
2026-06-25T16:22:46.514459+07:00: VNREDSat-1 at 2026-06-25T19:17:41.808882+07:00: Az=63.47, El=4.11
2026-06-25T16:22:46.515303+07:00: VNREDSat-1 at 2026-06-25T19:17:42.808882+07:00: Az=63.30, El=4.11
2026-06-25T16:22:46.516277+07:00: VNREDSat-1 at 2026-06-25T19:17:43.808882+07:00: Az=63.13, El=4.10
2026-06-25T16:22:46.517198+07:00: VNREDSat-1 at 2026-06-25T19:17:44.808882+07:00: Az=62.97, El=4.09
2026-06-25T16:22:46.518190+07:00: VNREDSat-1 at 2026-06-25T19:17:45.808882+07:00: Az=62.80, El=4.09
2026-06-25T16:22:46.519098+07:00: VNREDSat-1 at 2026-06-25T19:17:46.808882+07:00: Az=62.63, El=4.08
2026-06-25T16:22:46.519938+07:00: VNREDSat-1 at 2026-06-25T19:17:47.808882+07:00: Az=62.46, El=4.07
2026-06-25T16:22:46.520805+07:00: VNREDSat-1 at 2026-06-25T19:17:48.808882+07:00: Az=62.30, El=4.07
2026-06-25T16:22:46.521657+07:00: VNREDSat-1 at 2026-06-25T19:17:49.808882+07:00: Az=62.13, El=4.06
2026-06-25T16:22:46.522534+07:00: VNREDSat-1 at 2026-06-25T19:17:50.808882+07:00: Az=61.96, El=4.05
2026-06-25T16:22:46.523417+07:00: VNREDSat-1 at 2026-06-25T19:17:51.808882+07:00: Az=61.80, El=4.04
2026-06-25T16:22:46.524273+07:00: VNREDSat-1 at 2026-06-25T19:17:52.808882+07:00: Az=61.63, El=4.04
2026-06-25T16:22:46.525088+07:00: VNREDSat-1 at 2026-06-25T19:17:53.808882+07:00: Az=61.46, El=4.03
2026-06-25T16:22:46.525846+07:00: VNREDSat-1 at 2026-06-25T19:17:54.808882+07:00: Az=61.30, El=4.02
2026-06-25T16:22:46.526620+07:00: VNREDSat-1 at 2026-06-25T19:17:55.808882+07:00: Az=61.13, El=4.01
2026-06-25T16:22:46.527372+07:00: VNREDSat-1 at 2026-06-25T19:17:56.808882+07:00: Az=60.96, El=4.00
2026-06-25T16:22:46.528212+07:00: VNREDSat-1 at 2026-06-25T19:17:57.808882+07:00: Az=60.80, El=3.99
2026-06-25T16:22:46.529529+07:00: VNREDSat-1 at 2026-06-25T19:17:58.808882+07:00: Az=60.63, El=3.98
2026-06-25T16:22:46.530831+07:00: VNREDSat-1 at 2026-06-25T19:17:59.808882+07:00: Az=60.46, El=3.98
2026-06-25T16:22:46.531971+07:00: VNREDSat-1 at 2026-06-25T19:18:00.808882+07:00: Az=60.30, El=3.97
2026-06-25T16:22:46.532976+07:00: VNREDSat-1 at 2026-06-25T19:18:01.808882+07:00: Az=60.13, El=3.96
2026-06-25T16:22:46.534293+07:00: VNREDSat-1 at 2026-06-25T19:18:02.808882+07:00: Az=59.97, El=3.95
2026-06-25T16:22:46.535541+07:00: VNREDSat-1 at 2026-06-25T19:18:03.808882+07:00: Az=59.80, El=3.94
2026-06-25T16:22:46.536986+07:00: VNREDSat-1 at 2026-06-25T19:18:04.808882+07:00: Az=59.64, El=3.93
2026-06-25T16:22:46.537994+07:00: VNREDSat-1 at 2026-06-25T19:18:05.808882+07:00: Az=59.47, El=3.92
2026-06-25T16:22:46.538850+07:00: VNREDSat-1 at 2026-06-25T19:18:06.808882+07:00: Az=59.31, El=3.91
2026-06-25T16:22:46.541629+07:00: VNREDSat-1 at 2026-06-25T19:18:07.808882+07:00: Az=59.14, El=3.89
2026-06-25T16:22:46.542613+07:00: VNREDSat-1 at 2026-06-25T19:18:08.808882+07:00: Az=58.98, El=3.88
2026-06-25T16:22:46.543484+07:00: VNREDSat-1 at 2026-06-25T19:18:09.808882+07:00: Az=58.81, El=3.87
2026-06-25T16:22:46.544654+07:00: VNREDSat-1 at 2026-06-25T19:18:10.808882+07:00: Az=58.65, El=3.86
2026-06-25T16:22:46.545591+07:00: VNREDSat-1 at 2026-06-25T19:18:11.808882+07:00: Az=58.48, El=3.85
2026-06-25T16:22:46.546449+07:00: VNREDSat-1 at 2026-06-25T19:18:12.808882+07:00: Az=58.32, El=3.84
2026-06-25T16:22:46.547566+07:00: VNREDSat-1 at 2026-06-25T19:18:13.808882+07:00: Az=58.15, El=3.83
2026-06-25T16:22:46.548719+07:00: VNREDSat-1 at 2026-06-25T19:18:14.808882+07:00: Az=57.99, El=3.81
2026-06-25T16:22:46.549585+07:00: VNREDSat-1 at 2026-06-25T19:18:15.808882+07:00: Az=57.83, El=3.80
2026-06-25T16:22:46.550429+07:00: VNREDSat-1 at 2026-06-25T19:18:16.808882+07:00: Az=57.66, El=3.79
2026-06-25T16:22:46.551386+07:00: VNREDSat-1 at 2026-06-25T19:18:17.808882+07:00: Az=57.50, El=3.78
2026-06-25T16:22:46.552256+07:00: VNREDSat-1 at 2026-06-25T19:18:18.808882+07:00: Az=57.34, El=3.76
2026-06-25T16:22:46.553125+07:00: VNREDSat-1 at 2026-06-25T19:18:19.808882+07:00: Az=57.17, El=3.75
2026-06-25T16:22:46.553944+07:00: VNREDSat-1 at 2026-06-25T19:18:20.808882+07:00: Az=57.01, El=3.74
2026-06-25T16:22:46.554737+07:00: VNREDSat-1 at 2026-06-25T19:18:21.808882+07:00: Az=56.85, El=3.72
2026-06-25T16:22:46.555543+07:00: VNREDSat-1 at 2026-06-25T19:18:22.808882+07:00: Az=56.68, El=3.71
2026-06-25T16:22:46.556380+07:00: VNREDSat-1 at 2026-06-25T19:18:23.808882+07:00: Az=56.52, El=3.70
2026-06-25T16:22:46.557228+07:00: VNREDSat-1 at 2026-06-25T19:18:24.808882+07:00: Az=56.36, El=3.68
2026-06-25T16:22:46.558228+07:00: VNREDSat-1 at 2026-06-25T19:18:25.808882+07:00: Az=56.20, El=3.67
2026-06-25T16:22:46.559207+07:00: VNREDSat-1 at 2026-06-25T19:18:26.808882+07:00: Az=56.03, El=3.65
2026-06-25T16:22:46.560104+07:00: VNREDSat-1 at 2026-06-25T19:18:27.808882+07:00: Az=55.87, El=3.64
2026-06-25T16:22:46.561353+07:00: VNREDSat-1 at 2026-06-25T19:18:28.808882+07:00: Az=55.71, El=3.63
2026-06-25T16:22:46.562423+07:00: VNREDSat-1 at 2026-06-25T19:18:29.808882+07:00: Az=55.55, El=3.61
2026-06-25T16:22:46.563548+07:00: VNREDSat-1 at 2026-06-25T19:18:30.808882+07:00: Az=55.39, El=3.60
2026-06-25T16:22:46.564489+07:00: VNREDSat-1 at 2026-06-25T19:18:31.808882+07:00: Az=55.23, El=3.58
2026-06-25T16:22:46.565421+07:00: VNREDSat-1 at 2026-06-25T19:18:32.808882+07:00: Az=55.07, El=3.57
2026-06-25T16:22:46.566259+07:00: VNREDSat-1 at 2026-06-25T19:18:33.808882+07:00: Az=54.91, El=3.55
2026-06-25T16:22:46.567081+07:00: VNREDSat-1 at 2026-06-25T19:18:34.808882+07:00: Az=54.74, El=3.53
2026-06-25T16:22:46.568621+07:00: VNREDSat-1 at 2026-06-25T19:18:35.808882+07:00: Az=54.58, El=3.52
2026-06-25T16:22:46.570183+07:00: VNREDSat-1 at 2026-06-25T19:18:36.808882+07:00: Az=54.42, El=3.50
2026-06-25T16:22:46.571140+07:00: VNREDSat-1 at 2026-06-25T19:18:37.808882+07:00: Az=54.26, El=3.49
2026-06-25T16:22:46.571964+07:00: VNREDSat-1 at 2026-06-25T19:18:38.808882+07:00: Az=54.10, El=3.47
2026-06-25T16:22:46.573513+07:00: VNREDSat-1 at 2026-06-25T19:18:39.808882+07:00: Az=53.95, El=3.45
2026-06-25T16:22:46.574347+07:00: VNREDSat-1 at 2026-06-25T19:18:40.808882+07:00: Az=53.79, El=3.44
2026-06-25T16:22:46.575325+07:00: VNREDSat-1 at 2026-06-25T19:18:41.808882+07:00: Az=53.63, El=3.42
2026-06-25T16:22:46.576340+07:00: VNREDSat-1 at 2026-06-25T19:18:42.808882+07:00: Az=53.47, El=3.40
2026-06-25T16:22:46.578662+07:00: VNREDSat-1 at 2026-06-25T19:18:43.808882+07:00: Az=53.31, El=3.39
2026-06-25T16:22:46.580606+07:00: VNREDSat-1 at 2026-06-25T19:18:44.808882+07:00: Az=53.15, El=3.37
2026-06-25T16:22:46.582121+07:00: VNREDSat-1 at 2026-06-25T19:18:45.808882+07:00: Az=52.99, El=3.35
2026-06-25T16:22:46.583309+07:00: VNREDSat-1 at 2026-06-25T19:18:46.808882+07:00: Az=52.83, El=3.33
2026-06-25T16:22:46.584434+07:00: VNREDSat-1 at 2026-06-25T19:18:47.808882+07:00: Az=52.68, El=3.31
2026-06-25T16:22:46.585827+07:00: VNREDSat-1 at 2026-06-25T19:18:48.808882+07:00: Az=52.52, El=3.30
2026-06-25T16:22:46.587038+07:00: VNREDSat-1 at 2026-06-25T19:18:49.808882+07:00: Az=52.36, El=3.28
2026-06-25T16:22:46.588479+07:00: VNREDSat-1 at 2026-06-25T19:18:50.808882+07:00: Az=52.20, El=3.26
2026-06-25T16:22:46.589469+07:00: VNREDSat-1 at 2026-06-25T19:18:51.808882+07:00: Az=52.05, El=3.24
2026-06-25T16:22:46.590666+07:00: VNREDSat-1 at 2026-06-25T19:18:52.808882+07:00: Az=51.89, El=3.22
2026-06-25T16:22:46.591667+07:00: VNREDSat-1 at 2026-06-25T19:18:53.808882+07:00: Az=51.73, El=3.20
2026-06-25T16:22:46.593341+07:00: VNREDSat-1 at 2026-06-25T19:18:54.808882+07:00: Az=51.58, El=3.18
2026-06-25T16:22:46.594559+07:00: VNREDSat-1 at 2026-06-25T19:18:55.808882+07:00: Az=51.42, El=3.17
2026-06-25T16:22:46.595856+07:00: VNREDSat-1 at 2026-06-25T19:18:56.808882+07:00: Az=51.27, El=3.15
2026-06-25T16:22:46.597316+07:00: VNREDSat-1 at 2026-06-25T19:18:57.808882+07:00: Az=51.11, El=3.13
2026-06-25T16:22:46.598565+07:00: VNREDSat-1 at 2026-06-25T19:18:58.808882+07:00: Az=50.96, El=3.11
2026-06-25T16:22:46.599847+07:00: VNREDSat-1 at 2026-06-25T19:18:59.808882+07:00: Az=50.80, El=3.09
2026-06-25T16:22:46.600749+07:00: VNREDSat-1 at 2026-06-25T19:19:00.808882+07:00: Az=50.65, El=3.07
2026-06-25T16:22:46.601638+07:00: VNREDSat-1 at 2026-06-25T19:19:01.808882+07:00: Az=50.49, El=3.05
2026-06-25T16:22:46.602505+07:00: VNREDSat-1 at 2026-06-25T19:19:02.808882+07:00: Az=50.34, El=3.03
2026-06-25T16:22:46.603347+07:00: VNREDSat-1 at 2026-06-25T19:19:03.808882+07:00: Az=50.18, El=3.01
2026-06-25T16:22:46.604332+07:00: VNREDSat-1 at 2026-06-25T19:19:04.808882+07:00: Az=50.03, El=2.99
2026-06-25T16:22:46.605242+07:00: VNREDSat-1 at 2026-06-25T19:19:05.808882+07:00: Az=49.87, El=2.96
2026-06-25T16:22:46.606165+07:00: VNREDSat-1 at 2026-06-25T19:19:06.808882+07:00: Az=49.72, El=2.94
2026-06-25T16:22:46.607228+07:00: VNREDSat-1 at 2026-06-25T19:19:07.808882+07:00: Az=49.57, El=2.92
2026-06-25T16:22:46.608695+07:00: VNREDSat-1 at 2026-06-25T19:19:08.808882+07:00: Az=49.42, El=2.90
2026-06-25T16:22:46.610201+07:00: VNREDSat-1 at 2026-06-25T19:19:09.808882+07:00: Az=49.26, El=2.88
2026-06-25T16:22:46.611274+07:00: VNREDSat-1 at 2026-06-25T19:19:10.808882+07:00: Az=49.11, El=2.86
2026-06-25T16:22:46.612107+07:00: VNREDSat-1 at 2026-06-25T19:19:11.808882+07:00: Az=48.96, El=2.84
2026-06-25T16:22:46.612959+07:00: VNREDSat-1 at 2026-06-25T19:19:12.808882+07:00: Az=48.81, El=2.81
2026-06-25T16:22:46.613811+07:00: VNREDSat-1 at 2026-06-25T19:19:13.808882+07:00: Az=48.65, El=2.79
2026-06-25T16:22:46.614603+07:00: VNREDSat-1 at 2026-06-25T19:19:14.808882+07:00: Az=48.50, El=2.77
2026-06-25T16:22:46.615400+07:00: VNREDSat-1 at 2026-06-25T19:19:15.808882+07:00: Az=48.35, El=2.75
2026-06-25T16:22:46.616904+07:00: VNREDSat-1 at 2026-06-25T19:19:16.808882+07:00: Az=48.20, El=2.73
2026-06-25T16:22:46.618347+07:00: VNREDSat-1 at 2026-06-25T19:19:17.808882+07:00: Az=48.05, El=2.70
2026-06-25T16:22:46.619469+07:00: VNREDSat-1 at 2026-06-25T19:19:18.808882+07:00: Az=47.90, El=2.68
2026-06-25T16:22:46.620490+07:00: VNREDSat-1 at 2026-06-25T19:19:19.808882+07:00: Az=47.75, El=2.66
2026-06-25T16:22:46.621373+07:00: VNREDSat-1 at 2026-06-25T19:19:20.808882+07:00: Az=47.60, El=2.64
2026-06-25T16:22:46.622244+07:00: VNREDSat-1 at 2026-06-25T19:19:21.808882+07:00: Az=47.45, El=2.61
2026-06-25T16:22:46.623095+07:00: VNREDSat-1 at 2026-06-25T19:19:22.808882+07:00: Az=47.30, El=2.59
2026-06-25T16:22:46.623955+07:00: VNREDSat-1 at 2026-06-25T19:19:23.808882+07:00: Az=47.15, El=2.57
2026-06-25T16:22:46.624799+07:00: VNREDSat-1 at 2026-06-25T19:19:24.808882+07:00: Az=47.00, El=2.54
2026-06-25T16:22:46.625717+07:00: VNREDSat-1 at 2026-06-25T19:19:25.808882+07:00: Az=46.85, El=2.52
2026-06-25T16:22:46.626523+07:00: VNREDSat-1 at 2026-06-25T19:19:26.808882+07:00: Az=46.71, El=2.49
2026-06-25T16:22:46.627388+07:00: VNREDSat-1 at 2026-06-25T19:19:27.808882+07:00: Az=46.56, El=2.47
2026-06-25T16:22:46.628236+07:00: VNREDSat-1 at 2026-06-25T19:19:28.808882+07:00: Az=46.41, El=2.45
2026-06-25T16:22:46.629104+07:00: VNREDSat-1 at 2026-06-25T19:19:29.808882+07:00: Az=46.26, El=2.42
2026-06-25T16:22:46.629973+07:00: VNREDSat-1 at 2026-06-25T19:19:30.808882+07:00: Az=46.12, El=2.40
2026-06-25T16:22:46.630845+07:00: VNREDSat-1 at 2026-06-25T19:19:31.808882+07:00: Az=45.97, El=2.37
2026-06-25T16:22:46.631811+07:00: VNREDSat-1 at 2026-06-25T19:19:32.808882+07:00: Az=45.82, El=2.35
2026-06-25T16:22:46.632969+07:00: VNREDSat-1 at 2026-06-25T19:19:33.808882+07:00: Az=45.68, El=2.32
2026-06-25T16:22:46.634000+07:00: VNREDSat-1 at 2026-06-25T19:19:34.808882+07:00: Az=45.53, El=2.30
2026-06-25T16:22:46.635077+07:00: VNREDSat-1 at 2026-06-25T19:19:35.808882+07:00: Az=45.38, El=2.27
2026-06-25T16:22:46.635958+07:00: VNREDSat-1 at 2026-06-25T19:19:36.808882+07:00: Az=45.24, El=2.25
2026-06-25T16:22:46.636823+07:00: VNREDSat-1 at 2026-06-25T19:19:37.808882+07:00: Az=45.09, El=2.22
2026-06-25T16:22:46.637653+07:00: VNREDSat-1 at 2026-06-25T19:19:38.808882+07:00: Az=44.95, El=2.20
2026-06-25T16:22:46.638647+07:00: VNREDSat-1 at 2026-06-25T19:19:39.808882+07:00: Az=44.80, El=2.17
2026-06-25T16:22:46.639603+07:00: VNREDSat-1 at 2026-06-25T19:19:40.808882+07:00: Az=44.66, El=2.15
2026-06-25T16:22:46.640500+07:00: VNREDSat-1 at 2026-06-25T19:19:41.808882+07:00: Az=44.52, El=2.12
2026-06-25T16:22:46.641487+07:00: VNREDSat-1 at 2026-06-25T19:19:42.808882+07:00: Az=44.37, El=2.10
2026-06-25T16:22:46.642620+07:00: VNREDSat-1 at 2026-06-25T19:19:43.808882+07:00: Az=44.23, El=2.07
2026-06-25T16:22:46.643529+07:00: VNREDSat-1 at 2026-06-25T19:19:44.808882+07:00: Az=44.08, El=2.04
2026-06-25T16:22:46.644412+07:00: VNREDSat-1 at 2026-06-25T19:19:45.808882+07:00: Az=43.94, El=2.02
2026-06-25T16:22:46.645305+07:00: VNREDSat-1 at 2026-06-25T19:19:46.808882+07:00: Az=43.80, El=1.99
2026-06-25T16:22:46.646133+07:00: VNREDSat-1 at 2026-06-25T19:19:47.808882+07:00: Az=43.66, El=1.97
2026-06-25T16:22:46.646990+07:00: VNREDSat-1 at 2026-06-25T19:19:48.808882+07:00: Az=43.51, El=1.94
2026-06-25T16:22:46.648013+07:00: VNREDSat-1 at 2026-06-25T19:19:49.808882+07:00: Az=43.37, El=1.91
2026-06-25T16:22:46.648903+07:00: VNREDSat-1 at 2026-06-25T19:19:50.808882+07:00: Az=43.23, El=1.89
2026-06-25T16:22:46.649748+07:00: VNREDSat-1 at 2026-06-25T19:19:51.808882+07:00: Az=43.09, El=1.86
2026-06-25T16:22:46.650532+07:00: VNREDSat-1 at 2026-06-25T19:19:52.808882+07:00: Az=42.95, El=1.83
2026-06-25T16:22:46.651361+07:00: VNREDSat-1 at 2026-06-25T19:19:53.808882+07:00: Az=42.81, El=1.81
2026-06-25T16:22:46.652178+07:00: VNREDSat-1 at 2026-06-25T19:19:54.808882+07:00: Az=42.67, El=1.78
2026-06-25T16:22:46.652982+07:00: VNREDSat-1 at 2026-06-25T19:19:55.808882+07:00: Az=42.53, El=1.75
2026-06-25T16:22:46.653819+07:00: VNREDSat-1 at 2026-06-25T19:19:56.808882+07:00: Az=42.39, El=1.72
2026-06-25T16:22:46.654669+07:00: VNREDSat-1 at 2026-06-25T19:19:57.808882+07:00: Az=42.25, El=1.70
2026-06-25T16:22:46.655852+07:00: VNREDSat-1 at 2026-06-25T19:19:58.808882+07:00: Az=42.11, El=1.67
2026-06-25T16:22:46.656945+07:00: VNREDSat-1 at 2026-06-25T19:19:59.808882+07:00: Az=41.97, El=1.64
2026-06-25T16:22:46.657774+07:00: VNREDSat-1 at 2026-06-25T19:20:00.808882+07:00: Az=41.83, El=1.61
2026-06-25T16:22:46.658649+07:00: VNREDSat-1 at 2026-06-25T19:20:01.808882+07:00: Az=41.69, El=1.58
2026-06-25T16:22:46.659492+07:00: VNREDSat-1 at 2026-06-25T19:20:02.808882+07:00: Az=41.56, El=1.56
2026-06-25T16:22:46.660300+07:00: VNREDSat-1 at 2026-06-25T19:20:03.808882+07:00: Az=41.42, El=1.53
2026-06-25T16:22:46.661161+07:00: VNREDSat-1 at 2026-06-25T19:20:04.808882+07:00: Az=41.28, El=1.50
2026-06-25T16:22:46.662268+07:00: VNREDSat-1 at 2026-06-25T19:20:05.808882+07:00: Az=41.14, El=1.47
2026-06-25T16:22:46.663693+07:00: VNREDSat-1 at 2026-06-25T19:20:06.808882+07:00: Az=41.01, El=1.44
2026-06-25T16:22:46.665307+07:00: VNREDSat-1 at 2026-06-25T19:20:07.808882+07:00: Az=40.87, El=1.41
2026-06-25T16:22:46.667071+07:00: VNREDSat-1 at 2026-06-25T19:20:08.808882+07:00: Az=40.73, El=1.39
2026-06-25T16:22:46.668545+07:00: VNREDSat-1 at 2026-06-25T19:20:09.808882+07:00: Az=40.60, El=1.36
2026-06-25T16:22:46.669958+07:00: VNREDSat-1 at 2026-06-25T19:20:10.808882+07:00: Az=40.46, El=1.33
2026-06-25T16:22:46.671728+07:00: VNREDSat-1 at 2026-06-25T19:20:11.808882+07:00: Az=40.33, El=1.30
2026-06-25T16:22:46.672764+07:00: VNREDSat-1 at 2026-06-25T19:20:12.808882+07:00: Az=40.19, El=1.27
2026-06-25T16:22:46.674041+07:00: VNREDSat-1 at 2026-06-25T19:20:13.808882+07:00: Az=40.06, El=1.24
2026-06-25T16:22:46.675719+07:00: VNREDSat-1 at 2026-06-25T19:20:14.808882+07:00: Az=39.92, El=1.21
2026-06-25T16:22:46.676619+07:00: VNREDSat-1 at 2026-06-25T19:20:15.808882+07:00: Az=39.79, El=1.18
2026-06-25T16:22:46.677451+07:00: VNREDSat-1 at 2026-06-25T19:20:16.808882+07:00: Az=39.66, El=1.15
2026-06-25T16:22:46.678222+07:00: VNREDSat-1 at 2026-06-25T19:20:17.808882+07:00: Az=39.52, El=1.12
2026-06-25T16:22:46.679878+07:00: VNREDSat-1 at 2026-06-25T19:20:18.808882+07:00: Az=39.39, El=1.09
2026-06-25T16:22:46.681050+07:00: VNREDSat-1 at 2026-06-25T19:20:19.808882+07:00: Az=39.26, El=1.06
2026-06-25T16:22:46.682303+07:00: VNREDSat-1 at 2026-06-25T19:20:20.808882+07:00: Az=39.12, El=1.03
2026-06-25T16:22:46.683714+07:00: VNREDSat-1 at 2026-06-25T19:20:21.808882+07:00: Az=38.99, El=1.00
2026-06-25T16:22:46.684913+07:00: VNREDSat-1 at 2026-06-25T19:20:22.808882+07:00: Az=38.86, El=0.97
2026-06-25T16:22:46.685919+07:00: VNREDSat-1 at 2026-06-25T19:20:23.808882+07:00: Az=38.73, El=0.94
2026-06-25T16:22:46.687007+07:00: VNREDSat-1 at 2026-06-25T19:20:24.808882+07:00: Az=38.60, El=0.91
2026-06-25T16:22:46.688100+07:00: VNREDSat-1 at 2026-06-25T19:20:25.808882+07:00: Az=38.46, El=0.88
2026-06-25T16:22:46.689085+07:00: VNREDSat-1 at 2026-06-25T19:20:26.808882+07:00: Az=38.33, El=0.85
2026-06-25T16:22:46.690116+07:00: VNREDSat-1 at 2026-06-25T19:20:27.808882+07:00: Az=38.20, El=0.82
2026-06-25T16:22:46.691049+07:00: VNREDSat-1 at 2026-06-25T19:20:28.808882+07:00: Az=38.07, El=0.79
2026-06-25T16:22:46.691905+07:00: VNREDSat-1 at 2026-06-25T19:20:29.808882+07:00: Az=37.94, El=0.76
2026-06-25T16:22:46.692689+07:00: VNREDSat-1 at 2026-06-25T19:20:30.808882+07:00: Az=37.81, El=0.73
2026-06-25T16:22:46.693477+07:00: VNREDSat-1 at 2026-06-25T19:20:31.808882+07:00: Az=37.68, El=0.70
2026-06-25T16:22:46.694261+07:00: VNREDSat-1 at 2026-06-25T19:20:32.808882+07:00: Az=37.55, El=0.67
2026-06-25T16:22:46.695037+07:00: VNREDSat-1 at 2026-06-25T19:20:33.808882+07:00: Az=37.43, El=0.64
2026-06-25T16:22:46.695821+07:00: VNREDSat-1 at 2026-06-25T19:20:34.808882+07:00: Az=37.30, El=0.61
2026-06-25T16:22:46.696627+07:00: VNREDSat-1 at 2026-06-25T19:20:35.808882+07:00: Az=37.17, El=0.58
2026-06-25T16:22:46.697643+07:00: VNREDSat-1 at 2026-06-25T19:20:36.808882+07:00: Az=37.04, El=0.54
2026-06-25T16:22:46.698626+07:00: VNREDSat-1 at 2026-06-25T19:20:37.808882+07:00: Az=36.91, El=0.51
2026-06-25T16:22:46.699537+07:00: VNREDSat-1 at 2026-06-25T19:20:38.808882+07:00: Az=36.79, El=0.48
2026-06-25T16:22:46.700471+07:00: VNREDSat-1 at 2026-06-25T19:20:39.808882+07:00: Az=36.66, El=0.45
2026-06-25T16:22:46.701359+07:00: VNREDSat-1 at 2026-06-25T19:20:40.808882+07:00: Az=36.53, El=0.42
2026-06-25T16:22:46.702195+07:00: VNREDSat-1 at 2026-06-25T19:20:41.808882+07:00: Az=36.41, El=0.39
2026-06-25T16:22:46.702958+07:00: VNREDSat-1 at 2026-06-25T19:20:42.808882+07:00: Az=36.28, El=0.36
2026-06-25T16:22:46.703822+07:00: VNREDSat-1 at 2026-06-25T19:20:43.808882+07:00: Az=36.16, El=0.32
2026-06-25T16:22:46.704650+07:00: VNREDSat-1 at 2026-06-25T19:20:44.808882+07:00: Az=36.03, El=0.29
2026-06-25T16:22:46.705448+07:00: VNREDSat-1 at 2026-06-25T19:20:45.808882+07:00: Az=35.91, El=0.26
2026-06-25T16:22:46.706211+07:00: VNREDSat-1 at 2026-06-25T19:20:46.808882+07:00: Az=35.78, El=0.23
2026-06-25T16:22:46.707024+07:00: VNREDSat-1 at 2026-06-25T19:20:47.808882+07:00: Az=35.66, El=0.20
2026-06-25T16:22:46.707816+07:00: VNREDSat-1 at 2026-06-25T19:20:48.808882+07:00: Az=35.53, El=0.16
2026-06-25T16:22:46.708632+07:00: VNREDSat-1 at 2026-06-25T19:20:49.808882+07:00: Az=35.41, El=0.13
2026-06-25T16:22:46.709464+07:00: VNREDSat-1 at 2026-06-25T19:20:50.808882+07:00: Az=35.28, El=0.10
2026-06-25T16:22:46.710254+07:00: VNREDSat-1 at 2026-06-25T19:20:51.808882+07:00: Az=35.16, El=0.07
2026-06-25T16:22:46.711098+07:00: VNREDSat-1 at 2026-06-25T19:20:52.808882+07:00: Az=35.04, El=0.04
2026-06-25T16:22:46.711928+07:00: VNREDSat-1 at 2026-06-25T19:20:53.808882+07:00: Az=34.92, El=0.00
2026-06-25T16:22:46.712129+07:00: Calculated 442 points for VNREDSat-1 (Az: 34.92-101.69, El: 0.00-4.19)
2026-06-25T16:22:46.716926+07:00: Pass for SPOT 6 at 2026-06-25T20:12:47.968034+07:00, mid elevation: 4.74
2026-06-25T16:22:46.717686+07:00: Pass for SPOT 6 at 2026-06-25T21:52:47.964216+07:00, mid elevation: 82.95
2026-06-25T16:22:46.718227+07:00: Pass for SPOT 6 at 2026-06-25T23:26:37.913361+07:00, mid elevation: 2.26
2026-06-25T16:22:46.718742+07:00: Pass for SPOT 6 at 2026-06-26T10:02:05.259403+07:00, mid elevation: 62.02
2026-06-25T16:22:46.719258+07:00: Pass for SPOT 6 at 2026-06-26T11:36:54.560067+07:00, mid elevation: 7.52
2026-06-25T16:22:46.719797+07:00: Pass for SPOT 6 at 2026-06-26T20:55:42.333069+07:00, mid elevation: 19.81
2026-06-25T16:22:46.720325+07:00: Pass for SPOT 6 at 2026-06-26T22:33:24.813320+07:00, mid elevation: 24.95
2026-06-25T16:22:46.720846+07:00: Pass for SPOT 6 at 2026-06-27T09:04:04.028074+07:00, mid elevation: 12.06
2026-06-25T16:22:46.721377+07:00: Pass for SPOT 6 at 2026-06-27T10:42:54.423508+07:00, mid elevation: 39.32
2026-06-25T16:22:46.721559+07:00: Found 9 valid passes for SPOT 6
2026-06-25T16:22:46.722522+07:00: SPOT 6 at 2026-06-25T20:04:57.975089+07:00: Az=103.24, El=0.00
2026-06-25T16:22:46.723401+07:00: SPOT 6 at 2026-06-25T20:04:58.975089+07:00: Az=103.12, El=0.03
2026-06-25T16:22:46.724253+07:00: SPOT 6 at 2026-06-25T20:04:59.975089+07:00: Az=103.00, El=0.07
2026-06-25T16:22:46.725346+07:00: SPOT 6 at 2026-06-25T20:05:00.975089+07:00: Az=102.88, El=0.10
2026-06-25T16:22:46.726294+07:00: SPOT 6 at 2026-06-25T20:05:01.975089+07:00: Az=102.76, El=0.13
2026-06-25T16:22:46.727164+07:00: SPOT 6 at 2026-06-25T20:05:02.975089+07:00: Az=102.64, El=0.17
2026-06-25T16:22:46.728014+07:00: SPOT 6 at 2026-06-25T20:05:03.975089+07:00: Az=102.52, El=0.20
2026-06-25T16:22:46.728895+07:00: SPOT 6 at 2026-06-25T20:05:04.975089+07:00: Az=102.40, El=0.23
2026-06-25T16:22:46.729658+07:00: SPOT 6 at 2026-06-25T20:05:05.975089+07:00: Az=102.28, El=0.27
2026-06-25T16:22:46.730444+07:00: SPOT 6 at 2026-06-25T20:05:06.975089+07:00: Az=102.15, El=0.30
2026-06-25T16:22:46.731345+07:00: SPOT 6 at 2026-06-25T20:05:07.975089+07:00: Az=102.03, El=0.33
2026-06-25T16:22:46.732185+07:00: SPOT 6 at 2026-06-25T20:05:08.975089+07:00: Az=101.91, El=0.37
2026-06-25T16:22:46.732985+07:00: SPOT 6 at 2026-06-25T20:05:09.975089+07:00: Az=101.79, El=0.40
2026-06-25T16:22:46.733783+07:00: SPOT 6 at 2026-06-25T20:05:10.975089+07:00: Az=101.67, El=0.43
2026-06-25T16:22:46.734757+07:00: SPOT 6 at 2026-06-25T20:05:11.975089+07:00: Az=101.54, El=0.47
2026-06-25T16:22:46.735651+07:00: SPOT 6 at 2026-06-25T20:05:12.975089+07:00: Az=101.42, El=0.50
2026-06-25T16:22:46.736886+07:00: SPOT 6 at 2026-06-25T20:05:13.975089+07:00: Az=101.30, El=0.53
2026-06-25T16:22:46.737891+07:00: SPOT 6 at 2026-06-25T20:05:14.975089+07:00: Az=101.17, El=0.56
2026-06-25T16:22:46.738815+07:00: SPOT 6 at 2026-06-25T20:05:15.975089+07:00: Az=101.05, El=0.60
2026-06-25T16:22:46.739717+07:00: SPOT 6 at 2026-06-25T20:05:16.975089+07:00: Az=100.92, El=0.63
2026-06-25T16:22:46.740934+07:00: SPOT 6 at 2026-06-25T20:05:17.975089+07:00: Az=100.80, El=0.66
2026-06-25T16:22:46.741746+07:00: SPOT 6 at 2026-06-25T20:05:18.975089+07:00: Az=100.67, El=0.69
2026-06-25T16:22:46.742624+07:00: SPOT 6 at 2026-06-25T20:05:19.975089+07:00: Az=100.55, El=0.73
2026-06-25T16:22:46.743398+07:00: SPOT 6 at 2026-06-25T20:05:20.975089+07:00: Az=100.42, El=0.76
2026-06-25T16:22:46.744203+07:00: SPOT 6 at 2026-06-25T20:05:21.975089+07:00: Az=100.30, El=0.79
2026-06-25T16:22:46.745052+07:00: SPOT 6 at 2026-06-25T20:05:22.975089+07:00: Az=100.17, El=0.82
2026-06-25T16:22:46.746169+07:00: SPOT 6 at 2026-06-25T20:05:23.975089+07:00: Az=100.04, El=0.86
2026-06-25T16:22:46.747076+07:00: SPOT 6 at 2026-06-25T20:05:24.975089+07:00: Az=99.92, El=0.89
2026-06-25T16:22:46.747897+07:00: SPOT 6 at 2026-06-25T20:05:25.975089+07:00: Az=99.79, El=0.92
2026-06-25T16:22:46.748732+07:00: SPOT 6 at 2026-06-25T20:05:26.975089+07:00: Az=99.66, El=0.95
2026-06-25T16:22:46.749501+07:00: SPOT 6 at 2026-06-25T20:05:27.975089+07:00: Az=99.54, El=0.98
2026-06-25T16:22:46.750356+07:00: SPOT 6 at 2026-06-25T20:05:28.975089+07:00: Az=99.41, El=1.01
2026-06-25T16:22:46.751460+07:00: SPOT 6 at 2026-06-25T20:05:29.975089+07:00: Az=99.28, El=1.05
2026-06-25T16:22:46.752470+07:00: SPOT 6 at 2026-06-25T20:05:30.975089+07:00: Az=99.15, El=1.08
2026-06-25T16:22:46.753399+07:00: SPOT 6 at 2026-06-25T20:05:31.975089+07:00: Az=99.02, El=1.11
2026-06-25T16:22:46.754383+07:00: SPOT 6 at 2026-06-25T20:05:32.975089+07:00: Az=98.89, El=1.14
2026-06-25T16:22:46.755361+07:00: SPOT 6 at 2026-06-25T20:05:33.975089+07:00: Az=98.76, El=1.17
2026-06-25T16:22:46.756189+07:00: SPOT 6 at 2026-06-25T20:05:34.975089+07:00: Az=98.63, El=1.20
2026-06-25T16:22:46.757044+07:00: SPOT 6 at 2026-06-25T20:05:35.975089+07:00: Az=98.50, El=1.23
2026-06-25T16:22:46.758093+07:00: SPOT 6 at 2026-06-25T20:05:36.975089+07:00: Az=98.37, El=1.26
2026-06-25T16:22:46.758970+07:00: SPOT 6 at 2026-06-25T20:05:37.975089+07:00: Az=98.24, El=1.30
2026-06-25T16:22:46.759858+07:00: SPOT 6 at 2026-06-25T20:05:38.975089+07:00: Az=98.11, El=1.33
2026-06-25T16:22:46.760680+07:00: SPOT 6 at 2026-06-25T20:05:39.975089+07:00: Az=97.98, El=1.36
2026-06-25T16:22:46.761551+07:00: SPOT 6 at 2026-06-25T20:05:40.975089+07:00: Az=97.85, El=1.39
2026-06-25T16:22:46.762337+07:00: SPOT 6 at 2026-06-25T20:05:41.975089+07:00: Az=97.72, El=1.42
2026-06-25T16:22:46.763170+07:00: SPOT 6 at 2026-06-25T20:05:42.975089+07:00: Az=97.58, El=1.45
2026-06-25T16:22:46.763933+07:00: SPOT 6 at 2026-06-25T20:05:43.975089+07:00: Az=97.45, El=1.48
2026-06-25T16:22:46.764737+07:00: SPOT 6 at 2026-06-25T20:05:44.975089+07:00: Az=97.32, El=1.51
2026-06-25T16:22:46.765557+07:00: SPOT 6 at 2026-06-25T20:05:45.975089+07:00: Az=97.19, El=1.54
2026-06-25T16:22:46.766413+07:00: SPOT 6 at 2026-06-25T20:05:46.975089+07:00: Az=97.05, El=1.57
2026-06-25T16:22:46.767650+07:00: SPOT 6 at 2026-06-25T20:05:47.975089+07:00: Az=96.92, El=1.60
2026-06-25T16:22:46.768520+07:00: SPOT 6 at 2026-06-25T20:05:48.975089+07:00: Az=96.79, El=1.63
2026-06-25T16:22:46.769515+07:00: SPOT 6 at 2026-06-25T20:05:49.975089+07:00: Az=96.65, El=1.66
2026-06-25T16:22:46.770442+07:00: SPOT 6 at 2026-06-25T20:05:50.975089+07:00: Az=96.52, El=1.69
2026-06-25T16:22:46.771346+07:00: SPOT 6 at 2026-06-25T20:05:51.975089+07:00: Az=96.38, El=1.72
2026-06-25T16:22:46.772208+07:00: SPOT 6 at 2026-06-25T20:05:52.975089+07:00: Az=96.25, El=1.75
2026-06-25T16:22:46.773124+07:00: SPOT 6 at 2026-06-25T20:05:53.975089+07:00: Az=96.11, El=1.78
2026-06-25T16:22:46.774008+07:00: SPOT 6 at 2026-06-25T20:05:54.975089+07:00: Az=95.98, El=1.81
2026-06-25T16:22:46.774797+07:00: SPOT 6 at 2026-06-25T20:05:55.975089+07:00: Az=95.84, El=1.84
2026-06-25T16:22:46.775644+07:00: SPOT 6 at 2026-06-25T20:05:56.975089+07:00: Az=95.70, El=1.87
2026-06-25T16:22:46.776442+07:00: SPOT 6 at 2026-06-25T20:05:57.975089+07:00: Az=95.57, El=1.90
2026-06-25T16:22:46.777275+07:00: SPOT 6 at 2026-06-25T20:05:58.975089+07:00: Az=95.43, El=1.92
2026-06-25T16:22:46.778100+07:00: SPOT 6 at 2026-06-25T20:05:59.975089+07:00: Az=95.29, El=1.95
2026-06-25T16:22:46.778882+07:00: SPOT 6 at 2026-06-25T20:06:00.975089+07:00: Az=95.16, El=1.98
2026-06-25T16:22:46.779751+07:00: SPOT 6 at 2026-06-25T20:06:01.975089+07:00: Az=95.02, El=2.01
2026-06-25T16:22:46.780652+07:00: SPOT 6 at 2026-06-25T20:06:02.975089+07:00: Az=94.88, El=2.04
2026-06-25T16:22:46.781516+07:00: SPOT 6 at 2026-06-25T20:06:03.975089+07:00: Az=94.74, El=2.07
2026-06-25T16:22:46.782360+07:00: SPOT 6 at 2026-06-25T20:06:04.975089+07:00: Az=94.60, El=2.10
2026-06-25T16:22:46.783136+07:00: SPOT 6 at 2026-06-25T20:06:05.975089+07:00: Az=94.46, El=2.12
2026-06-25T16:22:46.783970+07:00: SPOT 6 at 2026-06-25T20:06:06.975089+07:00: Az=94.32, El=2.15
2026-06-25T16:22:46.784994+07:00: SPOT 6 at 2026-06-25T20:06:07.975089+07:00: Az=94.18, El=2.18
2026-06-25T16:22:46.785935+07:00: SPOT 6 at 2026-06-25T20:06:08.975089+07:00: Az=94.05, El=2.21
2026-06-25T16:22:46.787599+07:00: SPOT 6 at 2026-06-25T20:06:09.975089+07:00: Az=93.91, El=2.24
2026-06-25T16:22:46.789137+07:00: SPOT 6 at 2026-06-25T20:06:10.975089+07:00: Az=93.76, El=2.26
2026-06-25T16:22:46.790148+07:00: SPOT 6 at 2026-06-25T20:06:11.975089+07:00: Az=93.62, El=2.29
2026-06-25T16:22:46.791029+07:00: SPOT 6 at 2026-06-25T20:06:12.975089+07:00: Az=93.48, El=2.32
2026-06-25T16:22:46.791838+07:00: SPOT 6 at 2026-06-25T20:06:13.975089+07:00: Az=93.34, El=2.35
2026-06-25T16:22:46.792694+07:00: SPOT 6 at 2026-06-25T20:06:14.975089+07:00: Az=93.20, El=2.37
2026-06-25T16:22:46.793644+07:00: SPOT 6 at 2026-06-25T20:06:15.975089+07:00: Az=93.06, El=2.40
2026-06-25T16:22:46.794516+07:00: SPOT 6 at 2026-06-25T20:06:16.975089+07:00: Az=92.92, El=2.43
2026-06-25T16:22:46.795444+07:00: SPOT 6 at 2026-06-25T20:06:17.975089+07:00: Az=92.77, El=2.46
2026-06-25T16:22:46.796236+07:00: SPOT 6 at 2026-06-25T20:06:18.975089+07:00: Az=92.63, El=2.48
2026-06-25T16:22:46.797180+07:00: SPOT 6 at 2026-06-25T20:06:19.975089+07:00: Az=92.49, El=2.51
2026-06-25T16:22:46.798018+07:00: SPOT 6 at 2026-06-25T20:06:20.975089+07:00: Az=92.35, El=2.54
2026-06-25T16:22:46.798783+07:00: SPOT 6 at 2026-06-25T20:06:21.975089+07:00: Az=92.20, El=2.56
2026-06-25T16:22:46.799546+07:00: SPOT 6 at 2026-06-25T20:06:22.975089+07:00: Az=92.06, El=2.59
2026-06-25T16:22:46.800286+07:00: SPOT 6 at 2026-06-25T20:06:23.975089+07:00: Az=91.91, El=2.61
2026-06-25T16:22:46.802218+07:00: SPOT 6 at 2026-06-25T20:06:24.975089+07:00: Az=91.77, El=2.64
2026-06-25T16:22:46.803335+07:00: SPOT 6 at 2026-06-25T20:06:25.975089+07:00: Az=91.62, El=2.67
2026-06-25T16:22:46.804425+07:00: SPOT 6 at 2026-06-25T20:06:26.975089+07:00: Az=91.48, El=2.69
2026-06-25T16:22:46.805435+07:00: SPOT 6 at 2026-06-25T20:06:27.975089+07:00: Az=91.33, El=2.72
2026-06-25T16:22:46.806525+07:00: SPOT 6 at 2026-06-25T20:06:28.975089+07:00: Az=91.19, El=2.74
2026-06-25T16:22:46.807602+07:00: SPOT 6 at 2026-06-25T20:06:29.975089+07:00: Az=91.04, El=2.77
2026-06-25T16:22:46.808816+07:00: SPOT 6 at 2026-06-25T20:06:30.975089+07:00: Az=90.90, El=2.79
2026-06-25T16:22:46.809738+07:00: SPOT 6 at 2026-06-25T20:06:31.975089+07:00: Az=90.75, El=2.82
2026-06-25T16:22:46.810767+07:00: SPOT 6 at 2026-06-25T20:06:32.975089+07:00: Az=90.60, El=2.85
2026-06-25T16:22:46.811607+07:00: SPOT 6 at 2026-06-25T20:06:33.975089+07:00: Az=90.46, El=2.87
2026-06-25T16:22:46.812421+07:00: SPOT 6 at 2026-06-25T20:06:34.975089+07:00: Az=90.31, El=2.89
2026-06-25T16:22:46.813202+07:00: SPOT 6 at 2026-06-25T20:06:35.975089+07:00: Az=90.16, El=2.92
2026-06-25T16:22:46.813993+07:00: SPOT 6 at 2026-06-25T20:06:36.975089+07:00: Az=90.02, El=2.94
2026-06-25T16:22:46.814933+07:00: SPOT 6 at 2026-06-25T20:06:37.975089+07:00: Az=89.87, El=2.97
2026-06-25T16:22:46.815937+07:00: SPOT 6 at 2026-06-25T20:06:38.975089+07:00: Az=89.72, El=2.99
2026-06-25T16:22:46.817205+07:00: SPOT 6 at 2026-06-25T20:06:39.975089+07:00: Az=89.57, El=3.02
2026-06-25T16:22:46.818099+07:00: SPOT 6 at 2026-06-25T20:06:40.975089+07:00: Az=89.42, El=3.04
2026-06-25T16:22:46.818936+07:00: SPOT 6 at 2026-06-25T20:06:41.975089+07:00: Az=89.27, El=3.07
2026-06-25T16:22:46.819915+07:00: SPOT 6 at 2026-06-25T20:06:42.975089+07:00: Az=89.12, El=3.09
2026-06-25T16:22:46.820812+07:00: SPOT 6 at 2026-06-25T20:06:43.975089+07:00: Az=88.97, El=3.11
2026-06-25T16:22:46.821783+07:00: SPOT 6 at 2026-06-25T20:06:44.975089+07:00: Az=88.82, El=3.14
2026-06-25T16:22:46.822644+07:00: SPOT 6 at 2026-06-25T20:06:45.975089+07:00: Az=88.67, El=3.16
2026-06-25T16:22:46.823475+07:00: SPOT 6 at 2026-06-25T20:06:46.975089+07:00: Az=88.52, El=3.18
2026-06-25T16:22:46.824260+07:00: SPOT 6 at 2026-06-25T20:06:47.975089+07:00: Az=88.37, El=3.21
2026-06-25T16:22:46.825094+07:00: SPOT 6 at 2026-06-25T20:06:48.975089+07:00: Az=88.22, El=3.23
2026-06-25T16:22:46.825884+07:00: SPOT 6 at 2026-06-25T20:06:49.975089+07:00: Az=88.07, El=3.25
2026-06-25T16:22:46.826698+07:00: SPOT 6 at 2026-06-25T20:06:50.975089+07:00: Az=87.92, El=3.27
2026-06-25T16:22:46.827469+07:00: SPOT 6 at 2026-06-25T20:06:51.975089+07:00: Az=87.77, El=3.30
2026-06-25T16:22:46.828279+07:00: SPOT 6 at 2026-06-25T20:06:52.975089+07:00: Az=87.62, El=3.32
2026-06-25T16:22:46.829093+07:00: SPOT 6 at 2026-06-25T20:06:53.975089+07:00: Az=87.46, El=3.34
2026-06-25T16:22:46.829860+07:00: SPOT 6 at 2026-06-25T20:06:54.975089+07:00: Az=87.31, El=3.36
2026-06-25T16:22:46.830665+07:00: SPOT 6 at 2026-06-25T20:06:55.975089+07:00: Az=87.16, El=3.39
2026-06-25T16:22:46.831633+07:00: SPOT 6 at 2026-06-25T20:06:56.975089+07:00: Az=87.01, El=3.41
2026-06-25T16:22:46.833068+07:00: SPOT 6 at 2026-06-25T20:06:57.975089+07:00: Az=86.85, El=3.43
2026-06-25T16:22:46.834257+07:00: SPOT 6 at 2026-06-25T20:06:58.975089+07:00: Az=86.70, El=3.45
2026-06-25T16:22:46.835482+07:00: SPOT 6 at 2026-06-25T20:06:59.975089+07:00: Az=86.55, El=3.47
2026-06-25T16:22:46.836530+07:00: SPOT 6 at 2026-06-25T20:07:00.975089+07:00: Az=86.39, El=3.49
2026-06-25T16:22:46.837482+07:00: SPOT 6 at 2026-06-25T20:07:01.975089+07:00: Az=86.24, El=3.51
2026-06-25T16:22:46.838531+07:00: SPOT 6 at 2026-06-25T20:07:02.975089+07:00: Az=86.08, El=3.54
2026-06-25T16:22:46.839389+07:00: SPOT 6 at 2026-06-25T20:07:03.975089+07:00: Az=85.93, El=3.56
2026-06-25T16:22:46.840153+07:00: SPOT 6 at 2026-06-25T20:07:04.975089+07:00: Az=85.78, El=3.58
2026-06-25T16:22:46.840921+07:00: SPOT 6 at 2026-06-25T20:07:05.975089+07:00: Az=85.62, El=3.60
2026-06-25T16:22:46.841692+07:00: SPOT 6 at 2026-06-25T20:07:06.975089+07:00: Az=85.46, El=3.62
2026-06-25T16:22:46.842480+07:00: SPOT 6 at 2026-06-25T20:07:07.975089+07:00: Az=85.31, El=3.64
2026-06-25T16:22:46.843258+07:00: SPOT 6 at 2026-06-25T20:07:08.975089+07:00: Az=85.15, El=3.66
2026-06-25T16:22:46.844091+07:00: SPOT 6 at 2026-06-25T20:07:09.975089+07:00: Az=85.00, El=3.68
2026-06-25T16:22:46.844886+07:00: SPOT 6 at 2026-06-25T20:07:10.975089+07:00: Az=84.84, El=3.70
2026-06-25T16:22:46.845801+07:00: SPOT 6 at 2026-06-25T20:07:11.975089+07:00: Az=84.69, El=3.72
2026-06-25T16:22:46.846691+07:00: SPOT 6 at 2026-06-25T20:07:12.975089+07:00: Az=84.53, El=3.74
2026-06-25T16:22:46.847591+07:00: SPOT 6 at 2026-06-25T20:07:13.975089+07:00: Az=84.37, El=3.75
2026-06-25T16:22:46.848487+07:00: SPOT 6 at 2026-06-25T20:07:14.975089+07:00: Az=84.21, El=3.77
2026-06-25T16:22:46.849465+07:00: SPOT 6 at 2026-06-25T20:07:15.975089+07:00: Az=84.06, El=3.79
2026-06-25T16:22:46.850432+07:00: SPOT 6 at 2026-06-25T20:07:16.975089+07:00: Az=83.90, El=3.81
2026-06-25T16:22:46.851315+07:00: SPOT 6 at 2026-06-25T20:07:17.975089+07:00: Az=83.74, El=3.83
2026-06-25T16:22:46.852180+07:00: SPOT 6 at 2026-06-25T20:07:18.975089+07:00: Az=83.58, El=3.85
2026-06-25T16:22:46.852981+07:00: SPOT 6 at 2026-06-25T20:07:19.975089+07:00: Az=83.43, El=3.87
2026-06-25T16:22:46.853768+07:00: SPOT 6 at 2026-06-25T20:07:20.975089+07:00: Az=83.27, El=3.88
2026-06-25T16:22:46.855767+07:00: SPOT 6 at 2026-06-25T20:07:21.975089+07:00: Az=83.11, El=3.90
2026-06-25T16:22:46.857143+07:00: SPOT 6 at 2026-06-25T20:07:22.975089+07:00: Az=82.95, El=3.92
2026-06-25T16:22:46.858341+07:00: SPOT 6 at 2026-06-25T20:07:23.975089+07:00: Az=82.79, El=3.94
2026-06-25T16:22:46.859619+07:00: SPOT 6 at 2026-06-25T20:07:24.975089+07:00: Az=82.63, El=3.95
2026-06-25T16:22:46.861267+07:00: SPOT 6 at 2026-06-25T20:07:25.975089+07:00: Az=82.47, El=3.97
2026-06-25T16:22:46.862826+07:00: SPOT 6 at 2026-06-25T20:07:26.975089+07:00: Az=82.31, El=3.99
2026-06-25T16:22:46.864717+07:00: SPOT 6 at 2026-06-25T20:07:27.975089+07:00: Az=82.15, El=4.01
2026-06-25T16:22:46.866245+07:00: SPOT 6 at 2026-06-25T20:07:28.975089+07:00: Az=81.99, El=4.02
2026-06-25T16:22:46.867906+07:00: SPOT 6 at 2026-06-25T20:07:29.975089+07:00: Az=81.83, El=4.04
2026-06-25T16:22:46.869176+07:00: SPOT 6 at 2026-06-25T20:07:30.975089+07:00: Az=81.67, El=4.05
2026-06-25T16:22:46.870843+07:00: SPOT 6 at 2026-06-25T20:07:31.975089+07:00: Az=81.51, El=4.07
2026-06-25T16:22:46.872472+07:00: SPOT 6 at 2026-06-25T20:07:32.975089+07:00: Az=81.35, El=4.09
2026-06-25T16:22:46.873777+07:00: SPOT 6 at 2026-06-25T20:07:33.975089+07:00: Az=81.19, El=4.10
2026-06-25T16:22:46.875054+07:00: SPOT 6 at 2026-06-25T20:07:34.975089+07:00: Az=81.03, El=4.12
2026-06-25T16:22:46.876027+07:00: SPOT 6 at 2026-06-25T20:07:35.975089+07:00: Az=80.87, El=4.13
2026-06-25T16:22:46.877100+07:00: SPOT 6 at 2026-06-25T20:07:36.975089+07:00: Az=80.71, El=4.15
2026-06-25T16:22:46.878771+07:00: SPOT 6 at 2026-06-25T20:07:37.975089+07:00: Az=80.54, El=4.16
2026-06-25T16:22:46.880118+07:00: SPOT 6 at 2026-06-25T20:07:38.975089+07:00: Az=80.38, El=4.18
2026-06-25T16:22:46.882170+07:00: SPOT 6 at 2026-06-25T20:07:39.975089+07:00: Az=80.22, El=4.19
2026-06-25T16:22:46.883201+07:00: SPOT 6 at 2026-06-25T20:07:40.975089+07:00: Az=80.06, El=4.21
2026-06-25T16:22:46.884220+07:00: SPOT 6 at 2026-06-25T20:07:41.975089+07:00: Az=79.90, El=4.22
2026-06-25T16:22:46.886474+07:00: SPOT 6 at 2026-06-25T20:07:42.975089+07:00: Az=79.73, El=4.24
2026-06-25T16:22:46.888402+07:00: SPOT 6 at 2026-06-25T20:07:43.975089+07:00: Az=79.57, El=4.25
2026-06-25T16:22:46.890813+07:00: SPOT 6 at 2026-06-25T20:07:44.975089+07:00: Az=79.41, El=4.26
2026-06-25T16:22:46.892710+07:00: SPOT 6 at 2026-06-25T20:07:45.975089+07:00: Az=79.24, El=4.28
2026-06-25T16:22:46.894636+07:00: SPOT 6 at 2026-06-25T20:07:46.975089+07:00: Az=79.08, El=4.29
2026-06-25T16:22:46.896323+07:00: SPOT 6 at 2026-06-25T20:07:47.975089+07:00: Az=78.92, El=4.30
2026-06-25T16:22:46.898661+07:00: SPOT 6 at 2026-06-25T20:07:48.975089+07:00: Az=78.75, El=4.32
2026-06-25T16:22:46.900663+07:00: SPOT 6 at 2026-06-25T20:07:49.975089+07:00: Az=78.59, El=4.33
2026-06-25T16:22:46.902021+07:00: SPOT 6 at 2026-06-25T20:07:50.975089+07:00: Az=78.43, El=4.34
2026-06-25T16:22:46.903250+07:00: SPOT 6 at 2026-06-25T20:07:51.975089+07:00: Az=78.26, El=4.35
2026-06-25T16:22:46.904382+07:00: SPOT 6 at 2026-06-25T20:07:52.975089+07:00: Az=78.10, El=4.37
2026-06-25T16:22:46.906412+07:00: SPOT 6 at 2026-06-25T20:07:53.975089+07:00: Az=77.93, El=4.38
2026-06-25T16:22:46.907730+07:00: SPOT 6 at 2026-06-25T20:07:54.975089+07:00: Az=77.77, El=4.39
2026-06-25T16:22:46.909109+07:00: SPOT 6 at 2026-06-25T20:07:55.975089+07:00: Az=77.60, El=4.40
2026-06-25T16:22:46.910111+07:00: SPOT 6 at 2026-06-25T20:07:56.975089+07:00: Az=77.44, El=4.41
2026-06-25T16:22:46.911014+07:00: SPOT 6 at 2026-06-25T20:07:57.975089+07:00: Az=77.27, El=4.43
2026-06-25T16:22:46.912431+07:00: SPOT 6 at 2026-06-25T20:07:58.975089+07:00: Az=77.11, El=4.44
2026-06-25T16:22:46.913713+07:00: SPOT 6 at 2026-06-25T20:07:59.975089+07:00: Az=76.94, El=4.45
2026-06-25T16:22:46.914649+07:00: SPOT 6 at 2026-06-25T20:08:00.975089+07:00: Az=76.78, El=4.46
2026-06-25T16:22:46.915801+07:00: SPOT 6 at 2026-06-25T20:08:01.975089+07:00: Az=76.61, El=4.47
2026-06-25T16:22:46.916885+07:00: SPOT 6 at 2026-06-25T20:08:02.975089+07:00: Az=76.45, El=4.48
2026-06-25T16:22:46.917848+07:00: SPOT 6 at 2026-06-25T20:08:03.975089+07:00: Az=76.28, El=4.49
2026-06-25T16:22:46.918827+07:00: SPOT 6 at 2026-06-25T20:08:04.975089+07:00: Az=76.12, El=4.50
2026-06-25T16:22:46.920066+07:00: SPOT 6 at 2026-06-25T20:08:05.975089+07:00: Az=75.95, El=4.51
2026-06-25T16:22:46.921108+07:00: SPOT 6 at 2026-06-25T20:08:06.975089+07:00: Az=75.78, El=4.52
2026-06-25T16:22:46.922074+07:00: SPOT 6 at 2026-06-25T20:08:07.975089+07:00: Az=75.62, El=4.53
2026-06-25T16:22:46.922939+07:00: SPOT 6 at 2026-06-25T20:08:08.975089+07:00: Az=75.45, El=4.54
2026-06-25T16:22:46.923726+07:00: SPOT 6 at 2026-06-25T20:08:09.975089+07:00: Az=75.28, El=4.55
2026-06-25T16:22:46.924547+07:00: SPOT 6 at 2026-06-25T20:08:10.975089+07:00: Az=75.12, El=4.55
2026-06-25T16:22:46.925345+07:00: SPOT 6 at 2026-06-25T20:08:11.975089+07:00: Az=74.95, El=4.56
2026-06-25T16:22:46.926114+07:00: SPOT 6 at 2026-06-25T20:08:12.975089+07:00: Az=74.78, El=4.57
2026-06-25T16:22:46.927070+07:00: SPOT 6 at 2026-06-25T20:08:13.975089+07:00: Az=74.62, El=4.58
2026-06-25T16:22:46.927890+07:00: SPOT 6 at 2026-06-25T20:08:14.975089+07:00: Az=74.45, El=4.59
2026-06-25T16:22:46.928633+07:00: SPOT 6 at 2026-06-25T20:08:15.975089+07:00: Az=74.28, El=4.60
2026-06-25T16:22:46.929402+07:00: SPOT 6 at 2026-06-25T20:08:16.975089+07:00: Az=74.12, El=4.60
2026-06-25T16:22:46.930172+07:00: SPOT 6 at 2026-06-25T20:08:17.975089+07:00: Az=73.95, El=4.61
2026-06-25T16:22:46.930946+07:00: SPOT 6 at 2026-06-25T20:08:18.975089+07:00: Az=73.78, El=4.62
2026-06-25T16:22:46.931731+07:00: SPOT 6 at 2026-06-25T20:08:19.975089+07:00: Az=73.61, El=4.62
2026-06-25T16:22:46.932756+07:00: SPOT 6 at 2026-06-25T20:08:20.975089+07:00: Az=73.45, El=4.63
2026-06-25T16:22:46.933689+07:00: SPOT 6 at 2026-06-25T20:08:21.975089+07:00: Az=73.28, El=4.64
2026-06-25T16:22:46.934629+07:00: SPOT 6 at 2026-06-25T20:08:22.975089+07:00: Az=73.11, El=4.64
2026-06-25T16:22:46.935480+07:00: SPOT 6 at 2026-06-25T20:08:23.975089+07:00: Az=72.94, El=4.65
2026-06-25T16:22:46.936328+07:00: SPOT 6 at 2026-06-25T20:08:24.975089+07:00: Az=72.78, El=4.66
2026-06-25T16:22:46.937482+07:00: SPOT 6 at 2026-06-25T20:08:25.975089+07:00: Az=72.61, El=4.66
2026-06-25T16:22:46.938371+07:00: SPOT 6 at 2026-06-25T20:08:26.975089+07:00: Az=72.44, El=4.67
2026-06-25T16:22:46.939162+07:00: SPOT 6 at 2026-06-25T20:08:27.975089+07:00: Az=72.27, El=4.67
2026-06-25T16:22:46.940016+07:00: SPOT 6 at 2026-06-25T20:08:28.975089+07:00: Az=72.10, El=4.68
2026-06-25T16:22:46.940884+07:00: SPOT 6 at 2026-06-25T20:08:29.975089+07:00: Az=71.94, El=4.68
2026-06-25T16:22:46.941727+07:00: SPOT 6 at 2026-06-25T20:08:30.975089+07:00: Az=71.77, El=4.69
2026-06-25T16:22:46.942525+07:00: SPOT 6 at 2026-06-25T20:08:31.975089+07:00: Az=71.60, El=4.69
2026-06-25T16:22:46.943315+07:00: SPOT 6 at 2026-06-25T20:08:32.975089+07:00: Az=71.43, El=4.70
2026-06-25T16:22:46.944074+07:00: SPOT 6 at 2026-06-25T20:08:33.975089+07:00: Az=71.26, El=4.70
2026-06-25T16:22:46.944882+07:00: SPOT 6 at 2026-06-25T20:08:34.975089+07:00: Az=71.09, El=4.70
2026-06-25T16:22:46.945707+07:00: SPOT 6 at 2026-06-25T20:08:35.975089+07:00: Az=70.93, El=4.71
2026-06-25T16:22:46.946668+07:00: SPOT 6 at 2026-06-25T20:08:36.975089+07:00: Az=70.76, El=4.71
2026-06-25T16:22:46.947786+07:00: SPOT 6 at 2026-06-25T20:08:37.975089+07:00: Az=70.59, El=4.72
2026-06-25T16:22:46.948744+07:00: SPOT 6 at 2026-06-25T20:08:38.975089+07:00: Az=70.42, El=4.72
2026-06-25T16:22:46.949781+07:00: SPOT 6 at 2026-06-25T20:08:39.975089+07:00: Az=70.25, El=4.72
2026-06-25T16:22:46.950769+07:00: SPOT 6 at 2026-06-25T20:08:40.975089+07:00: Az=70.08, El=4.72
2026-06-25T16:22:46.951688+07:00: SPOT 6 at 2026-06-25T20:08:41.975089+07:00: Az=69.91, El=4.73
2026-06-25T16:22:46.952560+07:00: SPOT 6 at 2026-06-25T20:08:42.975089+07:00: Az=69.75, El=4.73
2026-06-25T16:22:46.953440+07:00: SPOT 6 at 2026-06-25T20:08:43.975089+07:00: Az=69.58, El=4.73
2026-06-25T16:22:46.954380+07:00: SPOT 6 at 2026-06-25T20:08:44.975089+07:00: Az=69.41, El=4.73
2026-06-25T16:22:46.955303+07:00: SPOT 6 at 2026-06-25T20:08:45.975089+07:00: Az=69.24, El=4.73
2026-06-25T16:22:46.956181+07:00: SPOT 6 at 2026-06-25T20:08:46.975089+07:00: Az=69.07, El=4.74
2026-06-25T16:22:46.957030+07:00: SPOT 6 at 2026-06-25T20:08:47.975089+07:00: Az=68.90, El=4.74
2026-06-25T16:22:46.957891+07:00: SPOT 6 at 2026-06-25T20:08:48.975089+07:00: Az=68.73, El=4.74
2026-06-25T16:22:46.959101+07:00: SPOT 6 at 2026-06-25T20:08:49.975089+07:00: Az=68.56, El=4.74
2026-06-25T16:22:46.960492+07:00: SPOT 6 at 2026-06-25T20:08:50.975089+07:00: Az=68.40, El=4.74
2026-06-25T16:22:46.961494+07:00: SPOT 6 at 2026-06-25T20:08:51.975089+07:00: Az=68.23, El=4.74
2026-06-25T16:22:46.962356+07:00: SPOT 6 at 2026-06-25T20:08:52.975089+07:00: Az=68.06, El=4.74
2026-06-25T16:22:46.963224+07:00: SPOT 6 at 2026-06-25T20:08:53.975089+07:00: Az=67.89, El=4.74
2026-06-25T16:22:46.964063+07:00: SPOT 6 at 2026-06-25T20:08:54.975089+07:00: Az=67.72, El=4.74
2026-06-25T16:22:46.965478+07:00: SPOT 6 at 2026-06-25T20:08:55.975089+07:00: Az=67.55, El=4.74
2026-06-25T16:22:46.967185+07:00: SPOT 6 at 2026-06-25T20:08:56.975089+07:00: Az=67.38, El=4.74
2026-06-25T16:22:46.969136+07:00: SPOT 6 at 2026-06-25T20:08:57.975089+07:00: Az=67.21, El=4.74
2026-06-25T16:22:46.970861+07:00: SPOT 6 at 2026-06-25T20:08:58.975089+07:00: Az=67.04, El=4.74
2026-06-25T16:22:46.971967+07:00: SPOT 6 at 2026-06-25T20:08:59.975089+07:00: Az=66.88, El=4.73
2026-06-25T16:22:46.972986+07:00: SPOT 6 at 2026-06-25T20:09:00.975089+07:00: Az=66.71, El=4.73
2026-06-25T16:22:46.974408+07:00: SPOT 6 at 2026-06-25T20:09:01.975089+07:00: Az=66.54, El=4.73
2026-06-25T16:22:46.975920+07:00: SPOT 6 at 2026-06-25T20:09:02.975089+07:00: Az=66.37, El=4.73
2026-06-25T16:22:46.977334+07:00: SPOT 6 at 2026-06-25T20:09:03.975089+07:00: Az=66.20, El=4.73
2026-06-25T16:22:46.978348+07:00: SPOT 6 at 2026-06-25T20:09:04.975089+07:00: Az=66.03, El=4.73
2026-06-25T16:22:46.979245+07:00: SPOT 6 at 2026-06-25T20:09:05.975089+07:00: Az=65.86, El=4.72
2026-06-25T16:22:46.980216+07:00: SPOT 6 at 2026-06-25T20:09:06.975089+07:00: Az=65.69, El=4.72
2026-06-25T16:22:46.981747+07:00: SPOT 6 at 2026-06-25T20:09:07.975089+07:00: Az=65.53, El=4.72
2026-06-25T16:22:46.982751+07:00: SPOT 6 at 2026-06-25T20:09:08.975089+07:00: Az=65.36, El=4.71
2026-06-25T16:22:46.983603+07:00: SPOT 6 at 2026-06-25T20:09:09.975089+07:00: Az=65.19, El=4.71
2026-06-25T16:22:46.984394+07:00: SPOT 6 at 2026-06-25T20:09:10.975089+07:00: Az=65.02, El=4.71
2026-06-25T16:22:46.985182+07:00: SPOT 6 at 2026-06-25T20:09:11.975089+07:00: Az=64.85, El=4.70
2026-06-25T16:22:46.986039+07:00: SPOT 6 at 2026-06-25T20:09:12.975089+07:00: Az=64.68, El=4.70
2026-06-25T16:22:46.986837+07:00: SPOT 6 at 2026-06-25T20:09:13.975089+07:00: Az=64.52, El=4.69
2026-06-25T16:22:46.987638+07:00: SPOT 6 at 2026-06-25T20:09:14.975089+07:00: Az=64.35, El=4.69
2026-06-25T16:22:46.988405+07:00: SPOT 6 at 2026-06-25T20:09:15.975089+07:00: Az=64.18, El=4.69
2026-06-25T16:22:46.989202+07:00: SPOT 6 at 2026-06-25T20:09:16.975089+07:00: Az=64.01, El=4.68
2026-06-25T16:22:46.989962+07:00: SPOT 6 at 2026-06-25T20:09:17.975089+07:00: Az=63.84, El=4.68
2026-06-25T16:22:46.990755+07:00: SPOT 6 at 2026-06-25T20:09:18.975089+07:00: Az=63.68, El=4.67
2026-06-25T16:22:46.991505+07:00: SPOT 6 at 2026-06-25T20:09:19.975089+07:00: Az=63.51, El=4.67
2026-06-25T16:22:46.992309+07:00: SPOT 6 at 2026-06-25T20:09:20.975089+07:00: Az=63.34, El=4.66
2026-06-25T16:22:46.993082+07:00: SPOT 6 at 2026-06-25T20:09:21.975089+07:00: Az=63.17, El=4.65
2026-06-25T16:22:46.993864+07:00: SPOT 6 at 2026-06-25T20:09:22.975089+07:00: Az=63.00, El=4.65
2026-06-25T16:22:46.994635+07:00: SPOT 6 at 2026-06-25T20:09:23.975089+07:00: Az=62.84, El=4.64
2026-06-25T16:22:46.995633+07:00: SPOT 6 at 2026-06-25T20:09:24.975089+07:00: Az=62.67, El=4.64
2026-06-25T16:22:46.996861+07:00: SPOT 6 at 2026-06-25T20:09:25.975089+07:00: Az=62.50, El=4.63
2026-06-25T16:22:46.998056+07:00: SPOT 6 at 2026-06-25T20:09:26.975089+07:00: Az=62.33, El=4.62
2026-06-25T16:22:46.999154+07:00: SPOT 6 at 2026-06-25T20:09:27.975089+07:00: Az=62.17, El=4.61
2026-06-25T16:22:47.000065+07:00: SPOT 6 at 2026-06-25T20:09:28.975089+07:00: Az=62.00, El=4.61
2026-06-25T16:22:47.000878+07:00: SPOT 6 at 2026-06-25T20:09:29.975089+07:00: Az=61.83, El=4.60
2026-06-25T16:22:47.001699+07:00: SPOT 6 at 2026-06-25T20:09:30.975089+07:00: Az=61.67, El=4.59
2026-06-25T16:22:47.002495+07:00: SPOT 6 at 2026-06-25T20:09:31.975089+07:00: Az=61.50, El=4.58
2026-06-25T16:22:47.003298+07:00: SPOT 6 at 2026-06-25T20:09:32.975089+07:00: Az=61.33, El=4.58
2026-06-25T16:22:47.004046+07:00: SPOT 6 at 2026-06-25T20:09:33.975089+07:00: Az=61.16, El=4.57
2026-06-25T16:22:47.004828+07:00: SPOT 6 at 2026-06-25T20:09:34.975089+07:00: Az=61.00, El=4.56
2026-06-25T16:22:47.005622+07:00: SPOT 6 at 2026-06-25T20:09:35.975089+07:00: Az=60.83, El=4.55
2026-06-25T16:22:47.006435+07:00: SPOT 6 at 2026-06-25T20:09:36.975089+07:00: Az=60.67, El=4.54
2026-06-25T16:22:47.007211+07:00: SPOT 6 at 2026-06-25T20:09:37.975089+07:00: Az=60.50, El=4.53
2026-06-25T16:22:47.007956+07:00: SPOT 6 at 2026-06-25T20:09:38.975089+07:00: Az=60.33, El=4.52
2026-06-25T16:22:47.008709+07:00: SPOT 6 at 2026-06-25T20:09:39.975089+07:00: Az=60.17, El=4.51
2026-06-25T16:22:47.009559+07:00: SPOT 6 at 2026-06-25T20:09:40.975089+07:00: Az=60.00, El=4.50
2026-06-25T16:22:47.010338+07:00: SPOT 6 at 2026-06-25T20:09:41.975089+07:00: Az=59.84, El=4.49
2026-06-25T16:22:47.011276+07:00: SPOT 6 at 2026-06-25T20:09:42.975089+07:00: Az=59.67, El=4.48
2026-06-25T16:22:47.012141+07:00: SPOT 6 at 2026-06-25T20:09:43.975089+07:00: Az=59.50, El=4.47
2026-06-25T16:22:47.012963+07:00: SPOT 6 at 2026-06-25T20:09:44.975089+07:00: Az=59.34, El=4.46
2026-06-25T16:22:47.013800+07:00: SPOT 6 at 2026-06-25T20:09:45.975089+07:00: Az=59.17, El=4.45
2026-06-25T16:22:47.014615+07:00: SPOT 6 at 2026-06-25T20:09:46.975089+07:00: Az=59.01, El=4.44
2026-06-25T16:22:47.015545+07:00: SPOT 6 at 2026-06-25T20:09:47.975089+07:00: Az=58.84, El=4.43
2026-06-25T16:22:47.016401+07:00: SPOT 6 at 2026-06-25T20:09:48.975089+07:00: Az=58.68, El=4.42
2026-06-25T16:22:47.018673+07:00: SPOT 6 at 2026-06-25T20:09:49.975089+07:00: Az=58.51, El=4.41
2026-06-25T16:22:47.019983+07:00: SPOT 6 at 2026-06-25T20:09:50.975089+07:00: Az=58.35, El=4.40
2026-06-25T16:22:47.021017+07:00: SPOT 6 at 2026-06-25T20:09:51.975089+07:00: Az=58.18, El=4.39
2026-06-25T16:22:47.022056+07:00: SPOT 6 at 2026-06-25T20:09:52.975089+07:00: Az=58.02, El=4.37
2026-06-25T16:22:47.023488+07:00: SPOT 6 at 2026-06-25T20:09:53.975089+07:00: Az=57.86, El=4.36
2026-06-25T16:22:47.024667+07:00: SPOT 6 at 2026-06-25T20:09:54.975089+07:00: Az=57.69, El=4.35
2026-06-25T16:22:47.025644+07:00: SPOT 6 at 2026-06-25T20:09:55.975089+07:00: Az=57.53, El=4.34
2026-06-25T16:22:47.026549+07:00: SPOT 6 at 2026-06-25T20:09:56.975089+07:00: Az=57.36, El=4.32
2026-06-25T16:22:47.027357+07:00: SPOT 6 at 2026-06-25T20:09:57.975089+07:00: Az=57.20, El=4.31
2026-06-25T16:22:47.028129+07:00: SPOT 6 at 2026-06-25T20:09:58.975089+07:00: Az=57.04, El=4.30
2026-06-25T16:22:47.028940+07:00: SPOT 6 at 2026-06-25T20:09:59.975089+07:00: Az=56.87, El=4.28
2026-06-25T16:22:47.029801+07:00: SPOT 6 at 2026-06-25T20:10:00.975089+07:00: Az=56.71, El=4.27
2026-06-25T16:22:47.030698+07:00: SPOT 6 at 2026-06-25T20:10:01.975089+07:00: Az=56.55, El=4.26
2026-06-25T16:22:47.031535+07:00: SPOT 6 at 2026-06-25T20:10:02.975089+07:00: Az=56.39, El=4.24
2026-06-25T16:22:47.032392+07:00: SPOT 6 at 2026-06-25T20:10:03.975089+07:00: Az=56.22, El=4.23
2026-06-25T16:22:47.033223+07:00: SPOT 6 at 2026-06-25T20:10:04.975089+07:00: Az=56.06, El=4.21
2026-06-25T16:22:47.034065+07:00: SPOT 6 at 2026-06-25T20:10:05.975089+07:00: Az=55.90, El=4.20
2026-06-25T16:22:47.034878+07:00: SPOT 6 at 2026-06-25T20:10:06.975089+07:00: Az=55.74, El=4.19
2026-06-25T16:22:47.035752+07:00: SPOT 6 at 2026-06-25T20:10:07.975089+07:00: Az=55.58, El=4.17
2026-06-25T16:22:47.036732+07:00: SPOT 6 at 2026-06-25T20:10:08.975089+07:00: Az=55.41, El=4.16
2026-06-25T16:22:47.037690+07:00: SPOT 6 at 2026-06-25T20:10:09.975089+07:00: Az=55.25, El=4.14
2026-06-25T16:22:47.039474+07:00: SPOT 6 at 2026-06-25T20:10:10.975089+07:00: Az=55.09, El=4.13
2026-06-25T16:22:47.041046+07:00: SPOT 6 at 2026-06-25T20:10:11.975089+07:00: Az=54.93, El=4.11
2026-06-25T16:22:47.042248+07:00: SPOT 6 at 2026-06-25T20:10:12.975089+07:00: Az=54.77, El=4.09
2026-06-25T16:22:47.043145+07:00: SPOT 6 at 2026-06-25T20:10:13.975089+07:00: Az=54.61, El=4.08
2026-06-25T16:22:47.044134+07:00: SPOT 6 at 2026-06-25T20:10:14.975089+07:00: Az=54.45, El=4.06
2026-06-25T16:22:47.044994+07:00: SPOT 6 at 2026-06-25T20:10:15.975089+07:00: Az=54.29, El=4.05
2026-06-25T16:22:47.045861+07:00: SPOT 6 at 2026-06-25T20:10:16.975089+07:00: Az=54.13, El=4.03
2026-06-25T16:22:47.046685+07:00: SPOT 6 at 2026-06-25T20:10:17.975089+07:00: Az=53.97, El=4.01
2026-06-25T16:22:47.047484+07:00: SPOT 6 at 2026-06-25T20:10:18.975089+07:00: Az=53.81, El=4.00
2026-06-25T16:22:47.048276+07:00: SPOT 6 at 2026-06-25T20:10:19.975089+07:00: Az=53.65, El=3.98
2026-06-25T16:22:47.049329+07:00: SPOT 6 at 2026-06-25T20:10:20.975089+07:00: Az=53.49, El=3.96
2026-06-25T16:22:47.050170+07:00: SPOT 6 at 2026-06-25T20:10:21.975089+07:00: Az=53.33, El=3.95
2026-06-25T16:22:47.051137+07:00: SPOT 6 at 2026-06-25T20:10:22.975089+07:00: Az=53.17, El=3.93
2026-06-25T16:22:47.051989+07:00: SPOT 6 at 2026-06-25T20:10:23.975089+07:00: Az=53.01, El=3.91
2026-06-25T16:22:47.052828+07:00: SPOT 6 at 2026-06-25T20:10:24.975089+07:00: Az=52.85, El=3.89
2026-06-25T16:22:47.053650+07:00: SPOT 6 at 2026-06-25T20:10:25.975089+07:00: Az=52.70, El=3.87
2026-06-25T16:22:47.054599+07:00: SPOT 6 at 2026-06-25T20:10:26.975089+07:00: Az=52.54, El=3.86
2026-06-25T16:22:47.055636+07:00: SPOT 6 at 2026-06-25T20:10:27.975089+07:00: Az=52.38, El=3.84
2026-06-25T16:22:47.056449+07:00: SPOT 6 at 2026-06-25T20:10:28.975089+07:00: Az=52.22, El=3.82
2026-06-25T16:22:47.057299+07:00: SPOT 6 at 2026-06-25T20:10:29.975089+07:00: Az=52.07, El=3.80
2026-06-25T16:22:47.058198+07:00: SPOT 6 at 2026-06-25T20:10:30.975089+07:00: Az=51.91, El=3.78
2026-06-25T16:22:47.059076+07:00: SPOT 6 at 2026-06-25T20:10:31.975089+07:00: Az=51.75, El=3.76
2026-06-25T16:22:47.060000+07:00: SPOT 6 at 2026-06-25T20:10:32.975089+07:00: Az=51.60, El=3.74
2026-06-25T16:22:47.060799+07:00: SPOT 6 at 2026-06-25T20:10:33.975089+07:00: Az=51.44, El=3.72
2026-06-25T16:22:47.061669+07:00: SPOT 6 at 2026-06-25T20:10:34.975089+07:00: Az=51.28, El=3.71
2026-06-25T16:22:47.062535+07:00: SPOT 6 at 2026-06-25T20:10:35.975089+07:00: Az=51.13, El=3.69
2026-06-25T16:22:47.063365+07:00: SPOT 6 at 2026-06-25T20:10:36.975089+07:00: Az=50.97, El=3.67
2026-06-25T16:22:47.064214+07:00: SPOT 6 at 2026-06-25T20:10:37.975089+07:00: Az=50.82, El=3.65
2026-06-25T16:22:47.065268+07:00: SPOT 6 at 2026-06-25T20:10:38.975089+07:00: Az=50.66, El=3.63
2026-06-25T16:22:47.066143+07:00: SPOT 6 at 2026-06-25T20:10:39.975089+07:00: Az=50.50, El=3.61
2026-06-25T16:22:47.066962+07:00: SPOT 6 at 2026-06-25T20:10:40.975089+07:00: Az=50.35, El=3.59
2026-06-25T16:22:47.067753+07:00: SPOT 6 at 2026-06-25T20:10:41.975089+07:00: Az=50.20, El=3.56
2026-06-25T16:22:47.068572+07:00: SPOT 6 at 2026-06-25T20:10:42.975089+07:00: Az=50.04, El=3.54
2026-06-25T16:22:47.069370+07:00: SPOT 6 at 2026-06-25T20:10:43.975089+07:00: Az=49.89, El=3.52
2026-06-25T16:22:47.070458+07:00: SPOT 6 at 2026-06-25T20:10:44.975089+07:00: Az=49.73, El=3.50
2026-06-25T16:22:47.071961+07:00: SPOT 6 at 2026-06-25T20:10:45.975089+07:00: Az=49.58, El=3.48
2026-06-25T16:22:47.073115+07:00: SPOT 6 at 2026-06-25T20:10:46.975089+07:00: Az=49.43, El=3.46
2026-06-25T16:22:47.074048+07:00: SPOT 6 at 2026-06-25T20:10:47.975089+07:00: Az=49.27, El=3.44
2026-06-25T16:22:47.074915+07:00: SPOT 6 at 2026-06-25T20:10:48.975089+07:00: Az=49.12, El=3.42
2026-06-25T16:22:47.075812+07:00: SPOT 6 at 2026-06-25T20:10:49.975089+07:00: Az=48.97, El=3.39
2026-06-25T16:22:47.076764+07:00: SPOT 6 at 2026-06-25T20:10:50.975089+07:00: Az=48.82, El=3.37
2026-06-25T16:22:47.077740+07:00: SPOT 6 at 2026-06-25T20:10:51.975089+07:00: Az=48.66, El=3.35
2026-06-25T16:22:47.078645+07:00: SPOT 6 at 2026-06-25T20:10:52.975089+07:00: Az=48.51, El=3.33
2026-06-25T16:22:47.079520+07:00: SPOT 6 at 2026-06-25T20:10:53.975089+07:00: Az=48.36, El=3.31
2026-06-25T16:22:47.080307+07:00: SPOT 6 at 2026-06-25T20:10:54.975089+07:00: Az=48.21, El=3.28
2026-06-25T16:22:47.081146+07:00: SPOT 6 at 2026-06-25T20:10:55.975089+07:00: Az=48.06, El=3.26
2026-06-25T16:22:47.081952+07:00: SPOT 6 at 2026-06-25T20:10:56.975089+07:00: Az=47.91, El=3.24
2026-06-25T16:22:47.082749+07:00: SPOT 6 at 2026-06-25T20:10:57.975089+07:00: Az=47.76, El=3.21
2026-06-25T16:22:47.083497+07:00: SPOT 6 at 2026-06-25T20:10:58.975089+07:00: Az=47.61, El=3.19
2026-06-25T16:22:47.084277+07:00: SPOT 6 at 2026-06-25T20:10:59.975089+07:00: Az=47.46, El=3.17
2026-06-25T16:22:47.085036+07:00: SPOT 6 at 2026-06-25T20:11:00.975089+07:00: Az=47.31, El=3.15
2026-06-25T16:22:47.085827+07:00: SPOT 6 at 2026-06-25T20:11:01.975089+07:00: Az=47.16, El=3.12
2026-06-25T16:22:47.086601+07:00: SPOT 6 at 2026-06-25T20:11:02.975089+07:00: Az=47.01, El=3.10
2026-06-25T16:22:47.087407+07:00: SPOT 6 at 2026-06-25T20:11:03.975089+07:00: Az=46.86, El=3.07
2026-06-25T16:22:47.088183+07:00: SPOT 6 at 2026-06-25T20:11:04.975089+07:00: Az=46.71, El=3.05
2026-06-25T16:22:47.088954+07:00: SPOT 6 at 2026-06-25T20:11:05.975089+07:00: Az=46.56, El=3.03
2026-06-25T16:22:47.089759+07:00: SPOT 6 at 2026-06-25T20:11:06.975089+07:00: Az=46.41, El=3.00
2026-06-25T16:22:47.090503+07:00: SPOT 6 at 2026-06-25T20:11:07.975089+07:00: Az=46.27, El=2.98
2026-06-25T16:22:47.091700+07:00: SPOT 6 at 2026-06-25T20:11:08.975089+07:00: Az=46.12, El=2.95
2026-06-25T16:22:47.094584+07:00: SPOT 6 at 2026-06-25T20:11:09.975089+07:00: Az=45.97, El=2.93
2026-06-25T16:22:47.096009+07:00: SPOT 6 at 2026-06-25T20:11:10.975089+07:00: Az=45.82, El=2.90
2026-06-25T16:22:47.097235+07:00: SPOT 6 at 2026-06-25T20:11:11.975089+07:00: Az=45.68, El=2.88
2026-06-25T16:22:47.098374+07:00: SPOT 6 at 2026-06-25T20:11:12.975089+07:00: Az=45.53, El=2.85
2026-06-25T16:22:47.099333+07:00: SPOT 6 at 2026-06-25T20:11:13.975089+07:00: Az=45.38, El=2.83
2026-06-25T16:22:47.100476+07:00: SPOT 6 at 2026-06-25T20:11:14.975089+07:00: Az=45.24, El=2.80
2026-06-25T16:22:47.101455+07:00: SPOT 6 at 2026-06-25T20:11:15.975089+07:00: Az=45.09, El=2.78
2026-06-25T16:22:47.102577+07:00: SPOT 6 at 2026-06-25T20:11:16.975089+07:00: Az=44.95, El=2.75
2026-06-25T16:22:47.103600+07:00: SPOT 6 at 2026-06-25T20:11:17.975089+07:00: Az=44.80, El=2.73
2026-06-25T16:22:47.104593+07:00: SPOT 6 at 2026-06-25T20:11:18.975089+07:00: Az=44.66, El=2.70
2026-06-25T16:22:47.105651+07:00: SPOT 6 at 2026-06-25T20:11:19.975089+07:00: Az=44.51, El=2.68
2026-06-25T16:22:47.107132+07:00: SPOT 6 at 2026-06-25T20:11:20.975089+07:00: Az=44.37, El=2.65
2026-06-25T16:22:47.108661+07:00: SPOT 6 at 2026-06-25T20:11:21.975089+07:00: Az=44.22, El=2.62
2026-06-25T16:22:47.109928+07:00: SPOT 6 at 2026-06-25T20:11:22.975089+07:00: Az=44.08, El=2.60
2026-06-25T16:22:47.111596+07:00: SPOT 6 at 2026-06-25T20:11:23.975089+07:00: Az=43.94, El=2.57
2026-06-25T16:22:47.113005+07:00: SPOT 6 at 2026-06-25T20:11:24.975089+07:00: Az=43.79, El=2.54
2026-06-25T16:22:47.115029+07:00: SPOT 6 at 2026-06-25T20:11:25.975089+07:00: Az=43.65, El=2.52
2026-06-25T16:22:47.116586+07:00: SPOT 6 at 2026-06-25T20:11:26.975089+07:00: Az=43.51, El=2.49
2026-06-25T16:22:47.118037+07:00: SPOT 6 at 2026-06-25T20:11:27.975089+07:00: Az=43.37, El=2.46
2026-06-25T16:22:47.119047+07:00: SPOT 6 at 2026-06-25T20:11:28.975089+07:00: Az=43.22, El=2.44
2026-06-25T16:22:47.119976+07:00: SPOT 6 at 2026-06-25T20:11:29.975089+07:00: Az=43.08, El=2.41
2026-06-25T16:22:47.121269+07:00: SPOT 6 at 2026-06-25T20:11:30.975089+07:00: Az=42.94, El=2.38
2026-06-25T16:22:47.122240+07:00: SPOT 6 at 2026-06-25T20:11:31.975089+07:00: Az=42.80, El=2.35
2026-06-25T16:22:47.123080+07:00: SPOT 6 at 2026-06-25T20:11:32.975089+07:00: Az=42.66, El=2.33
2026-06-25T16:22:47.123922+07:00: SPOT 6 at 2026-06-25T20:11:33.975089+07:00: Az=42.52, El=2.30
2026-06-25T16:22:47.124777+07:00: SPOT 6 at 2026-06-25T20:11:34.975089+07:00: Az=42.38, El=2.27
2026-06-25T16:22:47.125701+07:00: SPOT 6 at 2026-06-25T20:11:35.975089+07:00: Az=42.24, El=2.24
2026-06-25T16:22:47.126507+07:00: SPOT 6 at 2026-06-25T20:11:36.975089+07:00: Az=42.10, El=2.22
2026-06-25T16:22:47.128153+07:00: SPOT 6 at 2026-06-25T20:11:37.975089+07:00: Az=41.96, El=2.19
2026-06-25T16:22:47.129627+07:00: SPOT 6 at 2026-06-25T20:11:38.975089+07:00: Az=41.82, El=2.16
2026-06-25T16:22:47.130707+07:00: SPOT 6 at 2026-06-25T20:11:39.975089+07:00: Az=41.68, El=2.13
2026-06-25T16:22:47.131672+07:00: SPOT 6 at 2026-06-25T20:11:40.975089+07:00: Az=41.54, El=2.10
2026-06-25T16:22:47.132580+07:00: SPOT 6 at 2026-06-25T20:11:41.975089+07:00: Az=41.40, El=2.08
2026-06-25T16:22:47.133482+07:00: SPOT 6 at 2026-06-25T20:11:42.975089+07:00: Az=41.27, El=2.05
2026-06-25T16:22:47.134611+07:00: SPOT 6 at 2026-06-25T20:11:43.975089+07:00: Az=41.13, El=2.02
2026-06-25T16:22:47.135900+07:00: SPOT 6 at 2026-06-25T20:11:44.975089+07:00: Az=40.99, El=1.99
2026-06-25T16:22:47.136985+07:00: SPOT 6 at 2026-06-25T20:11:45.975089+07:00: Az=40.85, El=1.96
2026-06-25T16:22:47.137983+07:00: SPOT 6 at 2026-06-25T20:11:46.975089+07:00: Az=40.72, El=1.93
2026-06-25T16:22:47.139026+07:00: SPOT 6 at 2026-06-25T20:11:47.975089+07:00: Az=40.58, El=1.90
2026-06-25T16:22:47.140141+07:00: SPOT 6 at 2026-06-25T20:11:48.975089+07:00: Az=40.45, El=1.87
2026-06-25T16:22:47.141661+07:00: SPOT 6 at 2026-06-25T20:11:49.975089+07:00: Az=40.31, El=1.84
2026-06-25T16:22:47.142596+07:00: SPOT 6 at 2026-06-25T20:11:50.975089+07:00: Az=40.17, El=1.81
2026-06-25T16:22:47.143454+07:00: SPOT 6 at 2026-06-25T20:11:51.975089+07:00: Az=40.04, El=1.78
2026-06-25T16:22:47.144629+07:00: SPOT 6 at 2026-06-25T20:11:52.975089+07:00: Az=39.90, El=1.76
2026-06-25T16:22:47.145642+07:00: SPOT 6 at 2026-06-25T20:11:53.975089+07:00: Az=39.77, El=1.73
2026-06-25T16:22:47.146611+07:00: SPOT 6 at 2026-06-25T20:11:54.975089+07:00: Az=39.64, El=1.70
2026-06-25T16:22:47.147534+07:00: SPOT 6 at 2026-06-25T20:11:55.975089+07:00: Az=39.50, El=1.67
2026-06-25T16:22:47.148516+07:00: SPOT 6 at 2026-06-25T20:11:56.975089+07:00: Az=39.37, El=1.64
2026-06-25T16:22:47.149446+07:00: SPOT 6 at 2026-06-25T20:11:57.975089+07:00: Az=39.23, El=1.61
2026-06-25T16:22:47.150609+07:00: SPOT 6 at 2026-06-25T20:11:58.975089+07:00: Az=39.10, El=1.58
2026-06-25T16:22:47.151621+07:00: SPOT 6 at 2026-06-25T20:11:59.975089+07:00: Az=38.97, El=1.55
2026-06-25T16:22:47.152516+07:00: SPOT 6 at 2026-06-25T20:12:00.975089+07:00: Az=38.84, El=1.52
2026-06-25T16:22:47.153472+07:00: SPOT 6 at 2026-06-25T20:12:01.975089+07:00: Az=38.70, El=1.48
2026-06-25T16:22:47.154391+07:00: SPOT 6 at 2026-06-25T20:12:02.975089+07:00: Az=38.57, El=1.45
2026-06-25T16:22:47.155480+07:00: SPOT 6 at 2026-06-25T20:12:03.975089+07:00: Az=38.44, El=1.42
2026-06-25T16:22:47.156392+07:00: SPOT 6 at 2026-06-25T20:12:04.975089+07:00: Az=38.31, El=1.39
2026-06-25T16:22:47.157235+07:00: SPOT 6 at 2026-06-25T20:12:05.975089+07:00: Az=38.18, El=1.36
2026-06-25T16:22:47.158075+07:00: SPOT 6 at 2026-06-25T20:12:06.975089+07:00: Az=38.05, El=1.33
2026-06-25T16:22:47.158909+07:00: SPOT 6 at 2026-06-25T20:12:07.975089+07:00: Az=37.92, El=1.30
2026-06-25T16:22:47.159700+07:00: SPOT 6 at 2026-06-25T20:12:08.975089+07:00: Az=37.79, El=1.27
2026-06-25T16:22:47.160602+07:00: SPOT 6 at 2026-06-25T20:12:09.975089+07:00: Az=37.66, El=1.24
2026-06-25T16:22:47.161658+07:00: SPOT 6 at 2026-06-25T20:12:10.975089+07:00: Az=37.53, El=1.21
2026-06-25T16:22:47.162610+07:00: SPOT 6 at 2026-06-25T20:12:11.975089+07:00: Az=37.40, El=1.18
2026-06-25T16:22:47.163543+07:00: SPOT 6 at 2026-06-25T20:12:12.975089+07:00: Az=37.27, El=1.14
2026-06-25T16:22:47.164387+07:00: SPOT 6 at 2026-06-25T20:12:13.975089+07:00: Az=37.14, El=1.11
2026-06-25T16:22:47.165286+07:00: SPOT 6 at 2026-06-25T20:12:14.975089+07:00: Az=37.01, El=1.08
2026-06-25T16:22:47.166690+07:00: SPOT 6 at 2026-06-25T20:12:15.975089+07:00: Az=36.88, El=1.05
2026-06-25T16:22:47.168064+07:00: SPOT 6 at 2026-06-25T20:12:16.975089+07:00: Az=36.76, El=1.02
2026-06-25T16:22:47.169668+07:00: SPOT 6 at 2026-06-25T20:12:17.975089+07:00: Az=36.63, El=0.99
2026-06-25T16:22:47.171300+07:00: SPOT 6 at 2026-06-25T20:12:18.975089+07:00: Az=36.50, El=0.95
2026-06-25T16:22:47.172488+07:00: SPOT 6 at 2026-06-25T20:12:19.975089+07:00: Az=36.38, El=0.92
2026-06-25T16:22:47.173389+07:00: SPOT 6 at 2026-06-25T20:12:20.975089+07:00: Az=36.25, El=0.89
2026-06-25T16:22:47.174257+07:00: SPOT 6 at 2026-06-25T20:12:21.975089+07:00: Az=36.12, El=0.86
2026-06-25T16:22:47.175127+07:00: SPOT 6 at 2026-06-25T20:12:22.975089+07:00: Az=36.00, El=0.83
2026-06-25T16:22:47.176023+07:00: SPOT 6 at 2026-06-25T20:12:23.975089+07:00: Az=35.87, El=0.79
2026-06-25T16:22:47.176842+07:00: SPOT 6 at 2026-06-25T20:12:24.975089+07:00: Az=35.75, El=0.76
2026-06-25T16:22:47.177675+07:00: SPOT 6 at 2026-06-25T20:12:25.975089+07:00: Az=35.62, El=0.73
2026-06-25T16:22:47.178533+07:00: SPOT 6 at 2026-06-25T20:12:26.975089+07:00: Az=35.50, El=0.70
2026-06-25T16:22:47.179348+07:00: SPOT 6 at 2026-06-25T20:12:27.975089+07:00: Az=35.37, El=0.66
2026-06-25T16:22:47.180273+07:00: SPOT 6 at 2026-06-25T20:12:28.975089+07:00: Az=35.25, El=0.63
2026-06-25T16:22:47.181223+07:00: SPOT 6 at 2026-06-25T20:12:29.975089+07:00: Az=35.13, El=0.60
2026-06-25T16:22:47.182261+07:00: SPOT 6 at 2026-06-25T20:12:30.975089+07:00: Az=35.00, El=0.57
2026-06-25T16:22:47.183422+07:00: SPOT 6 at 2026-06-25T20:12:31.975089+07:00: Az=34.88, El=0.53
2026-06-25T16:22:47.184454+07:00: SPOT 6 at 2026-06-25T20:12:32.975089+07:00: Az=34.76, El=0.50
2026-06-25T16:22:47.185470+07:00: SPOT 6 at 2026-06-25T20:12:33.975089+07:00: Az=34.63, El=0.47
2026-06-25T16:22:47.186389+07:00: SPOT 6 at 2026-06-25T20:12:34.975089+07:00: Az=34.51, El=0.43
2026-06-25T16:22:47.187690+07:00: SPOT 6 at 2026-06-25T20:12:35.975089+07:00: Az=34.39, El=0.40
2026-06-25T16:22:47.188824+07:00: SPOT 6 at 2026-06-25T20:12:36.975089+07:00: Az=34.27, El=0.37
2026-06-25T16:22:47.189826+07:00: SPOT 6 at 2026-06-25T20:12:37.975089+07:00: Az=34.15, El=0.34
2026-06-25T16:22:47.190990+07:00: SPOT 6 at 2026-06-25T20:12:38.975089+07:00: Az=34.03, El=0.30
2026-06-25T16:22:47.192078+07:00: SPOT 6 at 2026-06-25T20:12:39.975089+07:00: Az=33.90, El=0.27
2026-06-25T16:22:47.193070+07:00: SPOT 6 at 2026-06-25T20:12:40.975089+07:00: Az=33.78, El=0.24
2026-06-25T16:22:47.194062+07:00: SPOT 6 at 2026-06-25T20:12:41.975089+07:00: Az=33.66, El=0.20
2026-06-25T16:22:47.195016+07:00: SPOT 6 at 2026-06-25T20:12:42.975089+07:00: Az=33.54, El=0.17
2026-06-25T16:22:47.195929+07:00: SPOT 6 at 2026-06-25T20:12:43.975089+07:00: Az=33.43, El=0.13
2026-06-25T16:22:47.196948+07:00: SPOT 6 at 2026-06-25T20:12:44.975089+07:00: Az=33.31, El=0.10
2026-06-25T16:22:47.197788+07:00: SPOT 6 at 2026-06-25T20:12:45.975089+07:00: Az=33.19, El=0.07
2026-06-25T16:22:47.199338+07:00: SPOT 6 at 2026-06-25T20:12:46.975089+07:00: Az=33.07, El=0.03
2026-06-25T16:22:47.199650+07:00: Calculated 470 points for SPOT 6 (Az: 33.07-103.24, El: 0.00-4.74)
2026-06-25T16:22:47.204674+07:00: Pass for SPOT 7 at 2026-06-25T20:52:20.639856+07:00, mid elevation: 26.30
2026-06-25T16:22:47.205668+07:00: Pass for SPOT 7 at 2026-06-25T22:29:23.732310+07:00, mid elevation: 18.29
2026-06-25T16:22:47.206634+07:00: Pass for SPOT 7 at 2026-06-26T08:59:58.392312+07:00, mid elevation: 16.25
2026-06-25T16:22:47.207225+07:00: Pass for SPOT 7 at 2026-06-26T10:37:58.215820+07:00, mid elevation: 29.51
2026-06-25T16:22:47.207766+07:00: Pass for SPOT 7 at 2026-06-26T19:51:22.677279+07:00, mid elevation: 3.02
2026-06-25T16:22:47.208319+07:00: Pass for SPOT 7 at 2026-06-26T21:31:49.803026+07:00, mid elevation: 82.07
2026-06-25T16:22:47.208863+07:00: Pass for SPOT 7 at 2026-06-26T23:06:17.041810+07:00, mid elevation: 3.86
2026-06-25T16:22:47.209391+07:00: Pass for SPOT 7 at 2026-06-27T09:40:04.534682+07:00, mid elevation: 49.58
2026-06-25T16:22:47.209951+07:00: Pass for SPOT 7 at 2026-06-27T11:15:20.821118+07:00, mid elevation: 9.67
2026-06-25T16:22:47.210154+07:00: Found 9 valid passes for SPOT 7
2026-06-25T16:22:47.211555+07:00: SPOT 7 at 2026-06-25T20:39:32.338732+07:00: Az=142.28, El=0.00
2026-06-25T16:22:47.212507+07:00: SPOT 7 at 2026-06-25T20:39:33.338732+07:00: Az=142.23, El=0.06
2026-06-25T16:22:47.213310+07:00: SPOT 7 at 2026-06-25T20:39:34.338732+07:00: Az=142.17, El=0.12
2026-06-25T16:22:47.214119+07:00: SPOT 7 at 2026-06-25T20:39:35.338732+07:00: Az=142.11, El=0.17
2026-06-25T16:22:47.214952+07:00: SPOT 7 at 2026-06-25T20:39:36.338732+07:00: Az=142.06, El=0.23
2026-06-25T16:22:47.216507+07:00: SPOT 7 at 2026-06-25T20:39:37.338732+07:00: Az=142.00, El=0.29
2026-06-25T16:22:47.217656+07:00: SPOT 7 at 2026-06-25T20:39:38.338732+07:00: Az=141.94, El=0.35
2026-06-25T16:22:47.218697+07:00: SPOT 7 at 2026-06-25T20:39:39.338732+07:00: Az=141.89, El=0.40
2026-06-25T16:22:47.219807+07:00: SPOT 7 at 2026-06-25T20:39:40.338732+07:00: Az=141.83, El=0.46
2026-06-25T16:22:47.220829+07:00: SPOT 7 at 2026-06-25T20:39:41.338732+07:00: Az=141.77, El=0.52
2026-06-25T16:22:47.221748+07:00: SPOT 7 at 2026-06-25T20:39:42.338732+07:00: Az=141.71, El=0.58
2026-06-25T16:22:47.222581+07:00: SPOT 7 at 2026-06-25T20:39:43.338732+07:00: Az=141.66, El=0.63
2026-06-25T16:22:47.223385+07:00: SPOT 7 at 2026-06-25T20:39:44.338732+07:00: Az=141.60, El=0.69
2026-06-25T16:22:47.224367+07:00: SPOT 7 at 2026-06-25T20:39:45.338732+07:00: Az=141.54, El=0.75
2026-06-25T16:22:47.225312+07:00: SPOT 7 at 2026-06-25T20:39:46.338732+07:00: Az=141.48, El=0.81
2026-06-25T16:22:47.226169+07:00: SPOT 7 at 2026-06-25T20:39:47.338732+07:00: Az=141.42, El=0.87
2026-06-25T16:22:47.227019+07:00: SPOT 7 at 2026-06-25T20:39:48.338732+07:00: Az=141.36, El=0.93
2026-06-25T16:22:47.227873+07:00: SPOT 7 at 2026-06-25T20:39:49.338732+07:00: Az=141.30, El=0.98
2026-06-25T16:22:47.228735+07:00: SPOT 7 at 2026-06-25T20:39:50.338732+07:00: Az=141.24, El=1.04
2026-06-25T16:22:47.229567+07:00: SPOT 7 at 2026-06-25T20:39:51.338732+07:00: Az=141.18, El=1.10
2026-06-25T16:22:47.230355+07:00: SPOT 7 at 2026-06-25T20:39:52.338732+07:00: Az=141.12, El=1.16
2026-06-25T16:22:47.231810+07:00: SPOT 7 at 2026-06-25T20:39:53.338732+07:00: Az=141.06, El=1.22
2026-06-25T16:22:47.233075+07:00: SPOT 7 at 2026-06-25T20:39:54.338732+07:00: Az=141.00, El=1.28
2026-06-25T16:22:47.234135+07:00: SPOT 7 at 2026-06-25T20:39:55.338732+07:00: Az=140.94, El=1.34
2026-06-25T16:22:47.234975+07:00: SPOT 7 at 2026-06-25T20:39:56.338732+07:00: Az=140.88, El=1.40
2026-06-25T16:22:47.235829+07:00: SPOT 7 at 2026-06-25T20:39:57.338732+07:00: Az=140.82, El=1.46
2026-06-25T16:22:47.236624+07:00: SPOT 7 at 2026-06-25T20:39:58.338732+07:00: Az=140.75, El=1.52
2026-06-25T16:22:47.237425+07:00: SPOT 7 at 2026-06-25T20:39:59.338732+07:00: Az=140.69, El=1.58
2026-06-25T16:22:47.238808+07:00: SPOT 7 at 2026-06-25T20:40:00.338732+07:00: Az=140.63, El=1.64
2026-06-25T16:22:47.240496+07:00: SPOT 7 at 2026-06-25T20:40:01.338732+07:00: Az=140.57, El=1.70
2026-06-25T16:22:47.241609+07:00: SPOT 7 at 2026-06-25T20:40:02.338732+07:00: Az=140.50, El=1.76
2026-06-25T16:22:47.242595+07:00: SPOT 7 at 2026-06-25T20:40:03.338732+07:00: Az=140.44, El=1.82
2026-06-25T16:22:47.243463+07:00: SPOT 7 at 2026-06-25T20:40:04.338732+07:00: Az=140.38, El=1.88
2026-06-25T16:22:47.244262+07:00: SPOT 7 at 2026-06-25T20:40:05.338732+07:00: Az=140.31, El=1.94
2026-06-25T16:22:47.245227+07:00: SPOT 7 at 2026-06-25T20:40:06.338732+07:00: Az=140.25, El=2.00
2026-06-25T16:22:47.246228+07:00: SPOT 7 at 2026-06-25T20:40:07.338732+07:00: Az=140.18, El=2.06
2026-06-25T16:22:47.247120+07:00: SPOT 7 at 2026-06-25T20:40:08.338732+07:00: Az=140.12, El=2.12
2026-06-25T16:22:47.247990+07:00: SPOT 7 at 2026-06-25T20:40:09.338732+07:00: Az=140.05, El=2.18
2026-06-25T16:22:47.248801+07:00: SPOT 7 at 2026-06-25T20:40:10.338732+07:00: Az=139.99, El=2.24
2026-06-25T16:22:47.249613+07:00: SPOT 7 at 2026-06-25T20:40:11.338732+07:00: Az=139.92, El=2.30
2026-06-25T16:22:47.250481+07:00: SPOT 7 at 2026-06-25T20:40:12.338732+07:00: Az=139.86, El=2.36
2026-06-25T16:22:47.251290+07:00: SPOT 7 at 2026-06-25T20:40:13.338732+07:00: Az=139.79, El=2.42
2026-06-25T16:22:47.252075+07:00: SPOT 7 at 2026-06-25T20:40:14.338732+07:00: Az=139.73, El=2.48
2026-06-25T16:22:47.252873+07:00: SPOT 7 at 2026-06-25T20:40:15.338732+07:00: Az=139.66, El=2.54
2026-06-25T16:22:47.253661+07:00: SPOT 7 at 2026-06-25T20:40:16.338732+07:00: Az=139.59, El=2.61
2026-06-25T16:22:47.254773+07:00: SPOT 7 at 2026-06-25T20:40:17.338732+07:00: Az=139.52, El=2.67
2026-06-25T16:22:47.255734+07:00: SPOT 7 at 2026-06-25T20:40:18.338732+07:00: Az=139.46, El=2.73
2026-06-25T16:22:47.256610+07:00: SPOT 7 at 2026-06-25T20:40:19.338732+07:00: Az=139.39, El=2.79
2026-06-25T16:22:47.257443+07:00: SPOT 7 at 2026-06-25T20:40:20.338732+07:00: Az=139.32, El=2.85
2026-06-25T16:22:47.258371+07:00: SPOT 7 at 2026-06-25T20:40:21.338732+07:00: Az=139.25, El=2.92
2026-06-25T16:22:47.259278+07:00: SPOT 7 at 2026-06-25T20:40:22.338732+07:00: Az=139.18, El=2.98
2026-06-25T16:22:47.260192+07:00: SPOT 7 at 2026-06-25T20:40:23.338732+07:00: Az=139.11, El=3.04
2026-06-25T16:22:47.261103+07:00: SPOT 7 at 2026-06-25T20:40:24.338732+07:00: Az=139.04, El=3.10
2026-06-25T16:22:47.261953+07:00: SPOT 7 at 2026-06-25T20:40:25.338732+07:00: Az=138.97, El=3.17
2026-06-25T16:22:47.262794+07:00: SPOT 7 at 2026-06-25T20:40:26.338732+07:00: Az=138.90, El=3.23
2026-06-25T16:22:47.263617+07:00: SPOT 7 at 2026-06-25T20:40:27.338732+07:00: Az=138.83, El=3.29
2026-06-25T16:22:47.264446+07:00: SPOT 7 at 2026-06-25T20:40:28.338732+07:00: Az=138.76, El=3.35
2026-06-25T16:22:47.265266+07:00: SPOT 7 at 2026-06-25T20:40:29.338732+07:00: Az=138.69, El=3.42
2026-06-25T16:22:47.266326+07:00: SPOT 7 at 2026-06-25T20:40:30.338732+07:00: Az=138.62, El=3.48
2026-06-25T16:22:47.267168+07:00: SPOT 7 at 2026-06-25T20:40:31.338732+07:00: Az=138.55, El=3.54
2026-06-25T16:22:47.267999+07:00: SPOT 7 at 2026-06-25T20:40:32.338732+07:00: Az=138.47, El=3.61
2026-06-25T16:22:47.268935+07:00: SPOT 7 at 2026-06-25T20:40:33.338732+07:00: Az=138.40, El=3.67
2026-06-25T16:22:47.269804+07:00: SPOT 7 at 2026-06-25T20:40:34.338732+07:00: Az=138.33, El=3.74
2026-06-25T16:22:47.270608+07:00: SPOT 7 at 2026-06-25T20:40:35.338732+07:00: Az=138.25, El=3.80
2026-06-25T16:22:47.271467+07:00: SPOT 7 at 2026-06-25T20:40:36.338732+07:00: Az=138.18, El=3.86
2026-06-25T16:22:47.272256+07:00: SPOT 7 at 2026-06-25T20:40:37.338732+07:00: Az=138.11, El=3.93
2026-06-25T16:22:47.273050+07:00: SPOT 7 at 2026-06-25T20:40:38.338732+07:00: Az=138.03, El=3.99
2026-06-25T16:22:47.273879+07:00: SPOT 7 at 2026-06-25T20:40:39.338732+07:00: Az=137.96, El=4.06
2026-06-25T16:22:47.274691+07:00: SPOT 7 at 2026-06-25T20:40:40.338732+07:00: Az=137.88, El=4.12
2026-06-25T16:22:47.275445+07:00: SPOT 7 at 2026-06-25T20:40:41.338732+07:00: Az=137.81, El=4.19
2026-06-25T16:22:47.276263+07:00: SPOT 7 at 2026-06-25T20:40:42.338732+07:00: Az=137.73, El=4.25
2026-06-25T16:22:47.277024+07:00: SPOT 7 at 2026-06-25T20:40:43.338732+07:00: Az=137.66, El=4.32
2026-06-25T16:22:47.277842+07:00: SPOT 7 at 2026-06-25T20:40:44.338732+07:00: Az=137.58, El=4.38
2026-06-25T16:22:47.278653+07:00: SPOT 7 at 2026-06-25T20:40:45.338732+07:00: Az=137.50, El=4.45
2026-06-25T16:22:47.279440+07:00: SPOT 7 at 2026-06-25T20:40:46.338732+07:00: Az=137.42, El=4.51
2026-06-25T16:22:47.280232+07:00: SPOT 7 at 2026-06-25T20:40:47.338732+07:00: Az=137.35, El=4.58
2026-06-25T16:22:47.281061+07:00: SPOT 7 at 2026-06-25T20:40:48.338732+07:00: Az=137.27, El=4.64
2026-06-25T16:22:47.281892+07:00: SPOT 7 at 2026-06-25T20:40:49.338732+07:00: Az=137.19, El=4.71
2026-06-25T16:22:47.282691+07:00: SPOT 7 at 2026-06-25T20:40:50.338732+07:00: Az=137.11, El=4.77
2026-06-25T16:22:47.283627+07:00: SPOT 7 at 2026-06-25T20:40:51.338732+07:00: Az=137.03, El=4.84
2026-06-25T16:22:47.285071+07:00: SPOT 7 at 2026-06-25T20:40:52.338732+07:00: Az=136.95, El=4.91
2026-06-25T16:22:47.286225+07:00: SPOT 7 at 2026-06-25T20:40:53.338732+07:00: Az=136.87, El=4.97
2026-06-25T16:22:47.287246+07:00: SPOT 7 at 2026-06-25T20:40:54.338732+07:00: Az=136.79, El=5.04
2026-06-25T16:22:47.288269+07:00: SPOT 7 at 2026-06-25T20:40:55.338732+07:00: Az=136.71, El=5.11
2026-06-25T16:22:47.289198+07:00: SPOT 7 at 2026-06-25T20:40:56.338732+07:00: Az=136.63, El=5.17
2026-06-25T16:22:47.290073+07:00: SPOT 7 at 2026-06-25T20:40:57.338732+07:00: Az=136.55, El=5.24
2026-06-25T16:22:47.290896+07:00: SPOT 7 at 2026-06-25T20:40:58.338732+07:00: Az=136.47, El=5.31
2026-06-25T16:22:47.291772+07:00: SPOT 7 at 2026-06-25T20:40:59.338732+07:00: Az=136.38, El=5.37
2026-06-25T16:22:47.292777+07:00: SPOT 7 at 2026-06-25T20:41:00.338732+07:00: Az=136.30, El=5.44
2026-06-25T16:22:47.293846+07:00: SPOT 7 at 2026-06-25T20:41:01.338732+07:00: Az=136.22, El=5.51
2026-06-25T16:22:47.294763+07:00: SPOT 7 at 2026-06-25T20:41:02.338732+07:00: Az=136.13, El=5.58
2026-06-25T16:22:47.295701+07:00: SPOT 7 at 2026-06-25T20:41:03.338732+07:00: Az=136.05, El=5.64
2026-06-25T16:22:47.296525+07:00: SPOT 7 at 2026-06-25T20:41:04.338732+07:00: Az=135.96, El=5.71
2026-06-25T16:22:47.297352+07:00: SPOT 7 at 2026-06-25T20:41:05.338732+07:00: Az=135.88, El=5.78
2026-06-25T16:22:47.298157+07:00: SPOT 7 at 2026-06-25T20:41:06.338732+07:00: Az=135.79, El=5.85
2026-06-25T16:22:47.299094+07:00: SPOT 7 at 2026-06-25T20:41:07.338732+07:00: Az=135.71, El=5.92
2026-06-25T16:22:47.299964+07:00: SPOT 7 at 2026-06-25T20:41:08.338732+07:00: Az=135.62, El=5.98
2026-06-25T16:22:47.301574+07:00: SPOT 7 at 2026-06-25T20:41:09.338732+07:00: Az=135.53, El=6.05
2026-06-25T16:22:47.302608+07:00: SPOT 7 at 2026-06-25T20:41:10.338732+07:00: Az=135.45, El=6.12
2026-06-25T16:22:47.303556+07:00: SPOT 7 at 2026-06-25T20:41:11.338732+07:00: Az=135.36, El=6.19
2026-06-25T16:22:47.304524+07:00: SPOT 7 at 2026-06-25T20:41:12.338732+07:00: Az=135.27, El=6.26
2026-06-25T16:22:47.305402+07:00: SPOT 7 at 2026-06-25T20:41:13.338732+07:00: Az=135.18, El=6.33
2026-06-25T16:22:47.306249+07:00: SPOT 7 at 2026-06-25T20:41:14.338732+07:00: Az=135.09, El=6.40
2026-06-25T16:22:47.307346+07:00: SPOT 7 at 2026-06-25T20:41:15.338732+07:00: Az=135.00, El=6.47
2026-06-25T16:22:47.308374+07:00: SPOT 7 at 2026-06-25T20:41:16.338732+07:00: Az=134.91, El=6.54
2026-06-25T16:22:47.309266+07:00: SPOT 7 at 2026-06-25T20:41:17.338732+07:00: Az=134.82, El=6.61
2026-06-25T16:22:47.310225+07:00: SPOT 7 at 2026-06-25T20:41:18.338732+07:00: Az=134.73, El=6.68
2026-06-25T16:22:47.311041+07:00: SPOT 7 at 2026-06-25T20:41:19.338732+07:00: Az=134.64, El=6.75
2026-06-25T16:22:47.311824+07:00: SPOT 7 at 2026-06-25T20:41:20.338732+07:00: Az=134.55, El=6.82
2026-06-25T16:22:47.312802+07:00: SPOT 7 at 2026-06-25T20:41:21.338732+07:00: Az=134.46, El=6.89
2026-06-25T16:22:47.313565+07:00: SPOT 7 at 2026-06-25T20:41:22.338732+07:00: Az=134.36, El=6.96
2026-06-25T16:22:47.314368+07:00: SPOT 7 at 2026-06-25T20:41:23.338732+07:00: Az=134.27, El=7.03
2026-06-25T16:22:47.315298+07:00: SPOT 7 at 2026-06-25T20:41:24.338732+07:00: Az=134.18, El=7.10
2026-06-25T16:22:47.316389+07:00: SPOT 7 at 2026-06-25T20:41:25.338732+07:00: Az=134.08, El=7.17
2026-06-25T16:22:47.317694+07:00: SPOT 7 at 2026-06-25T20:41:26.338732+07:00: Az=133.99, El=7.24
2026-06-25T16:22:47.319313+07:00: SPOT 7 at 2026-06-25T20:41:27.338732+07:00: Az=133.89, El=7.31
2026-06-25T16:22:47.320793+07:00: SPOT 7 at 2026-06-25T20:41:28.338732+07:00: Az=133.80, El=7.39
2026-06-25T16:22:47.322377+07:00: SPOT 7 at 2026-06-25T20:41:29.338732+07:00: Az=133.70, El=7.46
2026-06-25T16:22:47.324169+07:00: SPOT 7 at 2026-06-25T20:41:30.338732+07:00: Az=133.60, El=7.53
2026-06-25T16:22:47.326204+07:00: SPOT 7 at 2026-06-25T20:41:31.338732+07:00: Az=133.50, El=7.60
2026-06-25T16:22:47.327359+07:00: SPOT 7 at 2026-06-25T20:41:32.338732+07:00: Az=133.41, El=7.67
2026-06-25T16:22:47.328457+07:00: SPOT 7 at 2026-06-25T20:41:33.338732+07:00: Az=133.31, El=7.75
2026-06-25T16:22:47.329594+07:00: SPOT 7 at 2026-06-25T20:41:34.338732+07:00: Az=133.21, El=7.82
2026-06-25T16:22:47.330545+07:00: SPOT 7 at 2026-06-25T20:41:35.338732+07:00: Az=133.11, El=7.89
2026-06-25T16:22:47.331471+07:00: SPOT 7 at 2026-06-25T20:41:36.338732+07:00: Az=133.01, El=7.96
2026-06-25T16:22:47.332339+07:00: SPOT 7 at 2026-06-25T20:41:37.338732+07:00: Az=132.91, El=8.04
2026-06-25T16:22:47.333217+07:00: SPOT 7 at 2026-06-25T20:41:38.338732+07:00: Az=132.81, El=8.11
2026-06-25T16:22:47.334116+07:00: SPOT 7 at 2026-06-25T20:41:39.338732+07:00: Az=132.71, El=8.18
2026-06-25T16:22:47.335022+07:00: SPOT 7 at 2026-06-25T20:41:40.338732+07:00: Az=132.60, El=8.26
2026-06-25T16:22:47.336289+07:00: SPOT 7 at 2026-06-25T20:41:41.338732+07:00: Az=132.50, El=8.33
2026-06-25T16:22:47.337261+07:00: SPOT 7 at 2026-06-25T20:41:42.338732+07:00: Az=132.40, El=8.40
2026-06-25T16:22:47.338099+07:00: SPOT 7 at 2026-06-25T20:41:43.338732+07:00: Az=132.29, El=8.48
2026-06-25T16:22:47.338938+07:00: SPOT 7 at 2026-06-25T20:41:44.338732+07:00: Az=132.19, El=8.55
2026-06-25T16:22:47.339770+07:00: SPOT 7 at 2026-06-25T20:41:45.338732+07:00: Az=132.08, El=8.63
2026-06-25T16:22:47.340590+07:00: SPOT 7 at 2026-06-25T20:41:46.338732+07:00: Az=131.98, El=8.70
2026-06-25T16:22:47.341418+07:00: SPOT 7 at 2026-06-25T20:41:47.338732+07:00: Az=131.87, El=8.78
2026-06-25T16:22:47.342316+07:00: SPOT 7 at 2026-06-25T20:41:48.338732+07:00: Az=131.76, El=8.85
2026-06-25T16:22:47.343323+07:00: SPOT 7 at 2026-06-25T20:41:49.338732+07:00: Az=131.66, El=8.93
2026-06-25T16:22:47.344291+07:00: SPOT 7 at 2026-06-25T20:41:50.338732+07:00: Az=131.55, El=9.00
2026-06-25T16:22:47.345339+07:00: SPOT 7 at 2026-06-25T20:41:51.338732+07:00: Az=131.44, El=9.08
2026-06-25T16:22:47.346168+07:00: SPOT 7 at 2026-06-25T20:41:52.338732+07:00: Az=131.33, El=9.15
2026-06-25T16:22:47.347052+07:00: SPOT 7 at 2026-06-25T20:41:53.338732+07:00: Az=131.22, El=9.23
2026-06-25T16:22:47.347848+07:00: SPOT 7 at 2026-06-25T20:41:54.338732+07:00: Az=131.11, El=9.30
2026-06-25T16:22:47.348685+07:00: SPOT 7 at 2026-06-25T20:41:55.338732+07:00: Az=131.00, El=9.38
2026-06-25T16:22:47.349752+07:00: SPOT 7 at 2026-06-25T20:41:56.338732+07:00: Az=130.89, El=9.45
2026-06-25T16:22:47.350644+07:00: SPOT 7 at 2026-06-25T20:41:57.338732+07:00: Az=130.77, El=9.53
2026-06-25T16:22:47.351836+07:00: SPOT 7 at 2026-06-25T20:41:58.338732+07:00: Az=130.66, El=9.61
2026-06-25T16:22:47.353297+07:00: SPOT 7 at 2026-06-25T20:41:59.338732+07:00: Az=130.55, El=9.68
2026-06-25T16:22:47.354361+07:00: SPOT 7 at 2026-06-25T20:42:00.338732+07:00: Az=130.43, El=9.76
2026-06-25T16:22:47.355380+07:00: SPOT 7 at 2026-06-25T20:42:01.338732+07:00: Az=130.32, El=9.84
2026-06-25T16:22:47.356391+07:00: SPOT 7 at 2026-06-25T20:42:02.338732+07:00: Az=130.20, El=9.91
2026-06-25T16:22:47.357390+07:00: SPOT 7 at 2026-06-25T20:42:03.338732+07:00: Az=130.08, El=9.99
2026-06-25T16:22:47.358247+07:00: SPOT 7 at 2026-06-25T20:42:04.338732+07:00: Az=129.97, El=10.07
2026-06-25T16:22:47.359759+07:00: SPOT 7 at 2026-06-25T20:42:05.338732+07:00: Az=129.85, El=10.15
2026-06-25T16:22:47.360962+07:00: SPOT 7 at 2026-06-25T20:42:06.338732+07:00: Az=129.73, El=10.22
2026-06-25T16:22:47.361835+07:00: SPOT 7 at 2026-06-25T20:42:07.338732+07:00: Az=129.61, El=10.30
2026-06-25T16:22:47.362721+07:00: SPOT 7 at 2026-06-25T20:42:08.338732+07:00: Az=129.49, El=10.38
2026-06-25T16:22:47.363686+07:00: SPOT 7 at 2026-06-25T20:42:09.338732+07:00: Az=129.37, El=10.46
2026-06-25T16:22:47.364617+07:00: SPOT 7 at 2026-06-25T20:42:10.338732+07:00: Az=129.25, El=10.54
2026-06-25T16:22:47.365451+07:00: SPOT 7 at 2026-06-25T20:42:11.338732+07:00: Az=129.13, El=10.62
2026-06-25T16:22:47.366222+07:00: SPOT 7 at 2026-06-25T20:42:12.338732+07:00: Az=129.01, El=10.69
2026-06-25T16:22:47.367010+07:00: SPOT 7 at 2026-06-25T20:42:13.338732+07:00: Az=128.88, El=10.77
2026-06-25T16:22:47.367800+07:00: SPOT 7 at 2026-06-25T20:42:14.338732+07:00: Az=128.76, El=10.85
2026-06-25T16:22:47.368591+07:00: SPOT 7 at 2026-06-25T20:42:15.338732+07:00: Az=128.63, El=10.93
2026-06-25T16:22:47.369355+07:00: SPOT 7 at 2026-06-25T20:42:16.338732+07:00: Az=128.51, El=11.01
2026-06-25T16:22:47.370179+07:00: SPOT 7 at 2026-06-25T20:42:17.338732+07:00: Az=128.38, El=11.09
2026-06-25T16:22:47.370951+07:00: SPOT 7 at 2026-06-25T20:42:18.338732+07:00: Az=128.26, El=11.17
2026-06-25T16:22:47.371769+07:00: SPOT 7 at 2026-06-25T20:42:19.338732+07:00: Az=128.13, El=11.25
2026-06-25T16:22:47.372530+07:00: SPOT 7 at 2026-06-25T20:42:20.338732+07:00: Az=128.00, El=11.33
2026-06-25T16:22:47.373333+07:00: SPOT 7 at 2026-06-25T20:42:21.338732+07:00: Az=127.87, El=11.41
2026-06-25T16:22:47.374093+07:00: SPOT 7 at 2026-06-25T20:42:22.338732+07:00: Az=127.74, El=11.49
2026-06-25T16:22:47.375030+07:00: SPOT 7 at 2026-06-25T20:42:23.338732+07:00: Az=127.61, El=11.57
2026-06-25T16:22:47.376242+07:00: SPOT 7 at 2026-06-25T20:42:24.338732+07:00: Az=127.48, El=11.65
2026-06-25T16:22:47.377195+07:00: SPOT 7 at 2026-06-25T20:42:25.338732+07:00: Az=127.35, El=11.73
2026-06-25T16:22:47.378142+07:00: SPOT 7 at 2026-06-25T20:42:26.338732+07:00: Az=127.21, El=11.81
2026-06-25T16:22:47.379104+07:00: SPOT 7 at 2026-06-25T20:42:27.338732+07:00: Az=127.08, El=11.89
2026-06-25T16:22:47.379988+07:00: SPOT 7 at 2026-06-25T20:42:28.338732+07:00: Az=126.94, El=11.98
2026-06-25T16:22:47.380822+07:00: SPOT 7 at 2026-06-25T20:42:29.338732+07:00: Az=126.81, El=12.06
2026-06-25T16:22:47.381709+07:00: SPOT 7 at 2026-06-25T20:42:30.338732+07:00: Az=126.67, El=12.14
2026-06-25T16:22:47.382541+07:00: SPOT 7 at 2026-06-25T20:42:31.338732+07:00: Az=126.53, El=12.22
2026-06-25T16:22:47.383415+07:00: SPOT 7 at 2026-06-25T20:42:32.338732+07:00: Az=126.40, El=12.30
2026-06-25T16:22:47.384314+07:00: SPOT 7 at 2026-06-25T20:42:33.338732+07:00: Az=126.26, El=12.39
2026-06-25T16:22:47.385243+07:00: SPOT 7 at 2026-06-25T20:42:34.338732+07:00: Az=126.12, El=12.47
2026-06-25T16:22:47.386108+07:00: SPOT 7 at 2026-06-25T20:42:35.338732+07:00: Az=125.98, El=12.55
2026-06-25T16:22:47.386923+07:00: SPOT 7 at 2026-06-25T20:42:36.338732+07:00: Az=125.84, El=12.63
2026-06-25T16:22:47.387748+07:00: SPOT 7 at 2026-06-25T20:42:37.338732+07:00: Az=125.69, El=12.72
2026-06-25T16:22:47.388522+07:00: SPOT 7 at 2026-06-25T20:42:38.338732+07:00: Az=125.55, El=12.80
2026-06-25T16:22:47.389326+07:00: SPOT 7 at 2026-06-25T20:42:39.338732+07:00: Az=125.41, El=12.88
2026-06-25T16:22:47.390085+07:00: SPOT 7 at 2026-06-25T20:42:40.338732+07:00: Az=125.26, El=12.96
2026-06-25T16:22:47.391372+07:00: SPOT 7 at 2026-06-25T20:42:41.338732+07:00: Az=125.12, El=13.05
2026-06-25T16:22:47.392708+07:00: SPOT 7 at 2026-06-25T20:42:42.338732+07:00: Az=124.97, El=13.13
2026-06-25T16:22:47.393868+07:00: SPOT 7 at 2026-06-25T20:42:43.338732+07:00: Az=124.82, El=13.22
2026-06-25T16:22:47.394954+07:00: SPOT 7 at 2026-06-25T20:42:44.338732+07:00: Az=124.67, El=13.30
2026-06-25T16:22:47.395925+07:00: SPOT 7 at 2026-06-25T20:42:45.338732+07:00: Az=124.52, El=13.38
2026-06-25T16:22:47.396841+07:00: SPOT 7 at 2026-06-25T20:42:46.338732+07:00: Az=124.37, El=13.47
2026-06-25T16:22:47.397754+07:00: SPOT 7 at 2026-06-25T20:42:47.338732+07:00: Az=124.22, El=13.55
2026-06-25T16:22:47.398679+07:00: SPOT 7 at 2026-06-25T20:42:48.338732+07:00: Az=124.07, El=13.64
2026-06-25T16:22:47.399538+07:00: SPOT 7 at 2026-06-25T20:42:49.338732+07:00: Az=123.92, El=13.72
2026-06-25T16:22:47.400407+07:00: SPOT 7 at 2026-06-25T20:42:50.338732+07:00: Az=123.76, El=13.80
2026-06-25T16:22:47.401431+07:00: SPOT 7 at 2026-06-25T20:42:51.338732+07:00: Az=123.61, El=13.89
2026-06-25T16:22:47.402415+07:00: SPOT 7 at 2026-06-25T20:42:52.338732+07:00: Az=123.45, El=13.97
2026-06-25T16:22:47.403389+07:00: SPOT 7 at 2026-06-25T20:42:53.338732+07:00: Az=123.30, El=14.06
2026-06-25T16:22:47.404204+07:00: SPOT 7 at 2026-06-25T20:42:54.338732+07:00: Az=123.14, El=14.15
2026-06-25T16:22:47.405072+07:00: SPOT 7 at 2026-06-25T20:42:55.338732+07:00: Az=122.98, El=14.23
2026-06-25T16:22:47.406569+07:00: SPOT 7 at 2026-06-25T20:42:56.338732+07:00: Az=122.82, El=14.32
2026-06-25T16:22:47.407782+07:00: SPOT 7 at 2026-06-25T20:42:57.338732+07:00: Az=122.66, El=14.40
2026-06-25T16:22:47.408929+07:00: SPOT 7 at 2026-06-25T20:42:58.338732+07:00: Az=122.50, El=14.49
2026-06-25T16:22:47.410196+07:00: SPOT 7 at 2026-06-25T20:42:59.338732+07:00: Az=122.34, El=14.57
2026-06-25T16:22:47.411309+07:00: SPOT 7 at 2026-06-25T20:43:00.338732+07:00: Az=122.17, El=14.66
2026-06-25T16:22:47.412483+07:00: SPOT 7 at 2026-06-25T20:43:01.338732+07:00: Az=122.01, El=14.75
2026-06-25T16:22:47.413483+07:00: SPOT 7 at 2026-06-25T20:43:02.338732+07:00: Az=121.84, El=14.83
2026-06-25T16:22:47.414413+07:00: SPOT 7 at 2026-06-25T20:43:03.338732+07:00: Az=121.68, El=14.92
2026-06-25T16:22:47.415384+07:00: SPOT 7 at 2026-06-25T20:43:04.338732+07:00: Az=121.51, El=15.00
2026-06-25T16:22:47.416268+07:00: SPOT 7 at 2026-06-25T20:43:05.338732+07:00: Az=121.34, El=15.09
2026-06-25T16:22:47.417109+07:00: SPOT 7 at 2026-06-25T20:43:06.338732+07:00: Az=121.17, El=15.18
2026-06-25T16:22:47.418028+07:00: SPOT 7 at 2026-06-25T20:43:07.338732+07:00: Az=121.00, El=15.26
2026-06-25T16:22:47.418916+07:00: SPOT 7 at 2026-06-25T20:43:08.338732+07:00: Az=120.83, El=15.35
2026-06-25T16:22:47.419764+07:00: SPOT 7 at 2026-06-25T20:43:09.338732+07:00: Az=120.65, El=15.44
2026-06-25T16:22:47.420567+07:00: SPOT 7 at 2026-06-25T20:43:10.338732+07:00: Az=120.48, El=15.53
2026-06-25T16:22:47.421569+07:00: SPOT 7 at 2026-06-25T20:43:11.338732+07:00: Az=120.30, El=15.61
2026-06-25T16:22:47.422376+07:00: SPOT 7 at 2026-06-25T20:43:12.338732+07:00: Az=120.13, El=15.70
2026-06-25T16:22:47.423178+07:00: SPOT 7 at 2026-06-25T20:43:13.338732+07:00: Az=119.95, El=15.79
2026-06-25T16:22:47.423940+07:00: SPOT 7 at 2026-06-25T20:43:14.338732+07:00: Az=119.77, El=15.87
2026-06-25T16:22:47.424719+07:00: SPOT 7 at 2026-06-25T20:43:15.338732+07:00: Az=119.59, El=15.96
2026-06-25T16:22:47.426198+07:00: SPOT 7 at 2026-06-25T20:43:16.338732+07:00: Az=119.41, El=16.05
2026-06-25T16:22:47.427452+07:00: SPOT 7 at 2026-06-25T20:43:17.338732+07:00: Az=119.23, El=16.14
2026-06-25T16:22:47.428544+07:00: SPOT 7 at 2026-06-25T20:43:18.338732+07:00: Az=119.05, El=16.23
2026-06-25T16:22:47.429473+07:00: SPOT 7 at 2026-06-25T20:43:19.338732+07:00: Az=118.86, El=16.31
2026-06-25T16:22:47.430323+07:00: SPOT 7 at 2026-06-25T20:43:20.338732+07:00: Az=118.68, El=16.40
2026-06-25T16:22:47.431210+07:00: SPOT 7 at 2026-06-25T20:43:21.338732+07:00: Az=118.49, El=16.49
2026-06-25T16:22:47.432057+07:00: SPOT 7 at 2026-06-25T20:43:22.338732+07:00: Az=118.30, El=16.58
2026-06-25T16:22:47.433604+07:00: SPOT 7 at 2026-06-25T20:43:23.338732+07:00: Az=118.11, El=16.67
2026-06-25T16:22:47.434646+07:00: SPOT 7 at 2026-06-25T20:43:24.338732+07:00: Az=117.92, El=16.75
2026-06-25T16:22:47.435536+07:00: SPOT 7 at 2026-06-25T20:43:25.338732+07:00: Az=117.73, El=16.84
2026-06-25T16:22:47.436462+07:00: SPOT 7 at 2026-06-25T20:43:26.338732+07:00: Az=117.54, El=16.93
2026-06-25T16:22:47.437388+07:00: SPOT 7 at 2026-06-25T20:43:27.338732+07:00: Az=117.35, El=17.02
2026-06-25T16:22:47.438170+07:00: SPOT 7 at 2026-06-25T20:43:28.338732+07:00: Az=117.15, El=17.11
2026-06-25T16:22:47.439050+07:00: SPOT 7 at 2026-06-25T20:43:29.338732+07:00: Az=116.96, El=17.20
2026-06-25T16:22:47.440327+07:00: SPOT 7 at 2026-06-25T20:43:30.338732+07:00: Az=116.76, El=17.28
2026-06-25T16:22:47.441297+07:00: SPOT 7 at 2026-06-25T20:43:31.338732+07:00: Az=116.56, El=17.37
2026-06-25T16:22:47.442106+07:00: SPOT 7 at 2026-06-25T20:43:32.338732+07:00: Az=116.36, El=17.46
2026-06-25T16:22:47.442966+07:00: SPOT 7 at 2026-06-25T20:43:33.338732+07:00: Az=116.16, El=17.55
2026-06-25T16:22:47.443801+07:00: SPOT 7 at 2026-06-25T20:43:34.338732+07:00: Az=115.96, El=17.64
2026-06-25T16:22:47.444762+07:00: SPOT 7 at 2026-06-25T20:43:35.338732+07:00: Az=115.75, El=17.73
2026-06-25T16:22:47.445692+07:00: SPOT 7 at 2026-06-25T20:43:36.338732+07:00: Az=115.55, El=17.81
2026-06-25T16:22:47.446666+07:00: SPOT 7 at 2026-06-25T20:43:37.338732+07:00: Az=115.34, El=17.90
2026-06-25T16:22:47.447957+07:00: SPOT 7 at 2026-06-25T20:43:38.338732+07:00: Az=115.14, El=17.99
2026-06-25T16:22:47.448951+07:00: SPOT 7 at 2026-06-25T20:43:39.338732+07:00: Az=114.93, El=18.08
2026-06-25T16:22:47.450144+07:00: SPOT 7 at 2026-06-25T20:43:40.338732+07:00: Az=114.72, El=18.17
2026-06-25T16:22:47.451244+07:00: SPOT 7 at 2026-06-25T20:43:41.338732+07:00: Az=114.51, El=18.26
2026-06-25T16:22:47.452180+07:00: SPOT 7 at 2026-06-25T20:43:42.338732+07:00: Az=114.29, El=18.35
2026-06-25T16:22:47.453089+07:00: SPOT 7 at 2026-06-25T20:43:43.338732+07:00: Az=114.08, El=18.43
2026-06-25T16:22:47.454027+07:00: SPOT 7 at 2026-06-25T20:43:44.338732+07:00: Az=113.87, El=18.52
2026-06-25T16:22:47.454966+07:00: SPOT 7 at 2026-06-25T20:43:45.338732+07:00: Az=113.65, El=18.61
2026-06-25T16:22:47.455915+07:00: SPOT 7 at 2026-06-25T20:43:46.338732+07:00: Az=113.43, El=18.70
2026-06-25T16:22:47.456885+07:00: SPOT 7 at 2026-06-25T20:43:47.338732+07:00: Az=113.21, El=18.79
2026-06-25T16:22:47.457690+07:00: SPOT 7 at 2026-06-25T20:43:48.338732+07:00: Az=112.99, El=18.88
2026-06-25T16:22:47.458507+07:00: SPOT 7 at 2026-06-25T20:43:49.338732+07:00: Az=112.77, El=18.96
2026-06-25T16:22:47.459580+07:00: SPOT 7 at 2026-06-25T20:43:50.338732+07:00: Az=112.55, El=19.05
2026-06-25T16:22:47.460620+07:00: SPOT 7 at 2026-06-25T20:43:51.338732+07:00: Az=112.32, El=19.14
2026-06-25T16:22:47.461629+07:00: SPOT 7 at 2026-06-25T20:43:52.338732+07:00: Az=112.10, El=19.23
2026-06-25T16:22:47.463146+07:00: SPOT 7 at 2026-06-25T20:43:53.338732+07:00: Az=111.87, El=19.32
2026-06-25T16:22:47.464427+07:00: SPOT 7 at 2026-06-25T20:43:54.338732+07:00: Az=111.64, El=19.40
2026-06-25T16:22:47.465517+07:00: SPOT 7 at 2026-06-25T20:43:55.338732+07:00: Az=111.41, El=19.49
2026-06-25T16:22:47.466561+07:00: SPOT 7 at 2026-06-25T20:43:56.338732+07:00: Az=111.18, El=19.58
2026-06-25T16:22:47.467622+07:00: SPOT 7 at 2026-06-25T20:43:57.338732+07:00: Az=110.95, El=19.67
2026-06-25T16:22:47.468792+07:00: SPOT 7 at 2026-06-25T20:43:58.338732+07:00: Az=110.71, El=19.75
2026-06-25T16:22:47.469848+07:00: SPOT 7 at 2026-06-25T20:43:59.338732+07:00: Az=110.48, El=19.84
2026-06-25T16:22:47.470942+07:00: SPOT 7 at 2026-06-25T20:44:00.338732+07:00: Az=110.24, El=19.93
2026-06-25T16:22:47.471887+07:00: SPOT 7 at 2026-06-25T20:44:01.338732+07:00: Az=110.00, El=20.01
2026-06-25T16:22:47.472768+07:00: SPOT 7 at 2026-06-25T20:44:02.338732+07:00: Az=109.76, El=20.10
2026-06-25T16:22:47.473697+07:00: SPOT 7 at 2026-06-25T20:44:03.338732+07:00: Az=109.52, El=20.19
2026-06-25T16:22:47.475065+07:00: SPOT 7 at 2026-06-25T20:44:04.338732+07:00: Az=109.28, El=20.27
2026-06-25T16:22:47.476040+07:00: SPOT 7 at 2026-06-25T20:44:05.338732+07:00: Az=109.03, El=20.36
2026-06-25T16:22:47.476881+07:00: SPOT 7 at 2026-06-25T20:44:06.338732+07:00: Az=108.79, El=20.44
2026-06-25T16:22:47.477725+07:00: SPOT 7 at 2026-06-25T20:44:07.338732+07:00: Az=108.54, El=20.53
2026-06-25T16:22:47.478490+07:00: SPOT 7 at 2026-06-25T20:44:08.338732+07:00: Az=108.29, El=20.61
2026-06-25T16:22:47.479276+07:00: SPOT 7 at 2026-06-25T20:44:09.338732+07:00: Az=108.04, El=20.70
2026-06-25T16:22:47.480201+07:00: SPOT 7 at 2026-06-25T20:44:10.338732+07:00: Az=107.79, El=20.79
2026-06-25T16:22:47.481095+07:00: SPOT 7 at 2026-06-25T20:44:11.338732+07:00: Az=107.54, El=20.87
2026-06-25T16:22:47.482160+07:00: SPOT 7 at 2026-06-25T20:44:12.338732+07:00: Az=107.28, El=20.95
2026-06-25T16:22:47.483109+07:00: SPOT 7 at 2026-06-25T20:44:13.338732+07:00: Az=107.03, El=21.04
2026-06-25T16:22:47.483933+07:00: SPOT 7 at 2026-06-25T20:44:14.338732+07:00: Az=106.77, El=21.12
2026-06-25T16:22:47.484903+07:00: SPOT 7 at 2026-06-25T20:44:15.338732+07:00: Az=106.51, El=21.21
2026-06-25T16:22:47.486232+07:00: SPOT 7 at 2026-06-25T20:44:16.338732+07:00: Az=106.25, El=21.29
2026-06-25T16:22:47.487242+07:00: SPOT 7 at 2026-06-25T20:44:17.338732+07:00: Az=105.99, El=21.37
2026-06-25T16:22:47.488273+07:00: SPOT 7 at 2026-06-25T20:44:18.338732+07:00: Az=105.73, El=21.46
2026-06-25T16:22:47.489212+07:00: SPOT 7 at 2026-06-25T20:44:19.338732+07:00: Az=105.46, El=21.54
2026-06-25T16:22:47.490926+07:00: SPOT 7 at 2026-06-25T20:44:20.338732+07:00: Az=105.20, El=21.62
2026-06-25T16:22:47.491875+07:00: SPOT 7 at 2026-06-25T20:44:21.338732+07:00: Az=104.93, El=21.70
2026-06-25T16:22:47.492829+07:00: SPOT 7 at 2026-06-25T20:44:22.338732+07:00: Az=104.66, El=21.78
2026-06-25T16:22:47.493850+07:00: SPOT 7 at 2026-06-25T20:44:23.338732+07:00: Az=104.39, El=21.86
2026-06-25T16:22:47.494792+07:00: SPOT 7 at 2026-06-25T20:44:24.338732+07:00: Az=104.12, El=21.95
2026-06-25T16:22:47.495824+07:00: SPOT 7 at 2026-06-25T20:44:25.338732+07:00: Az=103.84, El=22.03
2026-06-25T16:22:47.496804+07:00: SPOT 7 at 2026-06-25T20:44:26.338732+07:00: Az=103.57, El=22.11
2026-06-25T16:22:47.497757+07:00: SPOT 7 at 2026-06-25T20:44:27.338732+07:00: Az=103.29, El=22.19
2026-06-25T16:22:47.498841+07:00: SPOT 7 at 2026-06-25T20:44:28.338732+07:00: Az=103.01, El=22.26
2026-06-25T16:22:47.499778+07:00: SPOT 7 at 2026-06-25T20:44:29.338732+07:00: Az=102.73, El=22.34
2026-06-25T16:22:47.501083+07:00: SPOT 7 at 2026-06-25T20:44:30.338732+07:00: Az=102.45, El=22.42
2026-06-25T16:22:47.502441+07:00: SPOT 7 at 2026-06-25T20:44:31.338732+07:00: Az=102.17, El=22.50
2026-06-25T16:22:47.503534+07:00: SPOT 7 at 2026-06-25T20:44:32.338732+07:00: Az=101.89, El=22.58
2026-06-25T16:22:47.504801+07:00: SPOT 7 at 2026-06-25T20:44:33.338732+07:00: Az=101.60, El=22.65
2026-06-25T16:22:47.507243+07:00: SPOT 7 at 2026-06-25T20:44:34.338732+07:00: Az=101.32, El=22.73
2026-06-25T16:22:47.508971+07:00: SPOT 7 at 2026-06-25T20:44:35.338732+07:00: Az=101.03, El=22.81
2026-06-25T16:22:47.510067+07:00: SPOT 7 at 2026-06-25T20:44:36.338732+07:00: Az=100.74, El=22.88
2026-06-25T16:22:47.510975+07:00: SPOT 7 at 2026-06-25T20:44:37.338732+07:00: Az=100.45, El=22.96
2026-06-25T16:22:47.511778+07:00: SPOT 7 at 2026-06-25T20:44:38.338732+07:00: Az=100.15, El=23.03
2026-06-25T16:22:47.512688+07:00: SPOT 7 at 2026-06-25T20:44:39.338732+07:00: Az=99.86, El=23.11
2026-06-25T16:22:47.513758+07:00: SPOT 7 at 2026-06-25T20:44:40.338732+07:00: Az=99.56, El=23.18
2026-06-25T16:22:47.514645+07:00: SPOT 7 at 2026-06-25T20:44:41.338732+07:00: Az=99.27, El=23.25
2026-06-25T16:22:47.515605+07:00: SPOT 7 at 2026-06-25T20:44:42.338732+07:00: Az=98.97, El=23.33
2026-06-25T16:22:47.516454+07:00: SPOT 7 at 2026-06-25T20:44:43.338732+07:00: Az=98.67, El=23.40
2026-06-25T16:22:47.517980+07:00: SPOT 7 at 2026-06-25T20:44:44.338732+07:00: Az=98.37, El=23.47
2026-06-25T16:22:47.519037+07:00: SPOT 7 at 2026-06-25T20:44:45.338732+07:00: Az=98.06, El=23.54
2026-06-25T16:22:47.520192+07:00: SPOT 7 at 2026-06-25T20:44:46.338732+07:00: Az=97.76, El=23.61
2026-06-25T16:22:47.521214+07:00: SPOT 7 at 2026-06-25T20:44:47.338732+07:00: Az=97.45, El=23.68
2026-06-25T16:22:47.523574+07:00: SPOT 7 at 2026-06-25T20:44:48.338732+07:00: Az=97.15, El=23.75
2026-06-25T16:22:47.524918+07:00: SPOT 7 at 2026-06-25T20:44:49.338732+07:00: Az=96.84, El=23.81
2026-06-25T16:22:47.526002+07:00: SPOT 7 at 2026-06-25T20:44:50.338732+07:00: Az=96.53, El=23.88
2026-06-25T16:22:47.527127+07:00: SPOT 7 at 2026-06-25T20:44:51.338732+07:00: Az=96.22, El=23.95
2026-06-25T16:22:47.528102+07:00: SPOT 7 at 2026-06-25T20:44:52.338732+07:00: Az=95.90, El=24.01
2026-06-25T16:22:47.529103+07:00: SPOT 7 at 2026-06-25T20:44:53.338732+07:00: Az=95.59, El=24.08
2026-06-25T16:22:47.529933+07:00: SPOT 7 at 2026-06-25T20:44:54.338732+07:00: Az=95.28, El=24.14
2026-06-25T16:22:47.530966+07:00: SPOT 7 at 2026-06-25T20:44:55.338732+07:00: Az=94.96, El=24.21
2026-06-25T16:22:47.531926+07:00: SPOT 7 at 2026-06-25T20:44:56.338732+07:00: Az=94.64, El=24.27
2026-06-25T16:22:47.533820+07:00: SPOT 7 at 2026-06-25T20:44:57.338732+07:00: Az=94.32, El=24.33
2026-06-25T16:22:47.535128+07:00: SPOT 7 at 2026-06-25T20:44:58.338732+07:00: Az=94.00, El=24.40
2026-06-25T16:22:47.536346+07:00: SPOT 7 at 2026-06-25T20:44:59.338732+07:00: Az=93.68, El=24.46
2026-06-25T16:22:47.537875+07:00: SPOT 7 at 2026-06-25T20:45:00.338732+07:00: Az=93.36, El=24.52
2026-06-25T16:22:47.539076+07:00: SPOT 7 at 2026-06-25T20:45:01.338732+07:00: Az=93.03, El=24.58
2026-06-25T16:22:47.541002+07:00: SPOT 7 at 2026-06-25T20:45:02.338732+07:00: Az=92.70, El=24.63
2026-06-25T16:22:47.542525+07:00: SPOT 7 at 2026-06-25T20:45:03.338732+07:00: Az=92.38, El=24.69
2026-06-25T16:22:47.543631+07:00: SPOT 7 at 2026-06-25T20:45:04.338732+07:00: Az=92.05, El=24.75
2026-06-25T16:22:47.544706+07:00: SPOT 7 at 2026-06-25T20:45:05.338732+07:00: Az=91.72, El=24.80
2026-06-25T16:22:47.545719+07:00: SPOT 7 at 2026-06-25T20:45:06.338732+07:00: Az=91.39, El=24.86
2026-06-25T16:22:47.546691+07:00: SPOT 7 at 2026-06-25T20:45:07.338732+07:00: Az=91.06, El=24.91
2026-06-25T16:22:47.547713+07:00: SPOT 7 at 2026-06-25T20:45:08.338732+07:00: Az=90.72, El=24.97
2026-06-25T16:22:47.548625+07:00: SPOT 7 at 2026-06-25T20:45:09.338732+07:00: Az=90.39, El=25.02
2026-06-25T16:22:47.549544+07:00: SPOT 7 at 2026-06-25T20:45:10.338732+07:00: Az=90.05, El=25.07
2026-06-25T16:22:47.550503+07:00: SPOT 7 at 2026-06-25T20:45:11.338732+07:00: Az=89.72, El=25.12
2026-06-25T16:22:47.551626+07:00: SPOT 7 at 2026-06-25T20:45:12.338732+07:00: Az=89.38, El=25.17
2026-06-25T16:22:47.552525+07:00: SPOT 7 at 2026-06-25T20:45:13.338732+07:00: Az=89.04, El=25.22
2026-06-25T16:22:47.553320+07:00: SPOT 7 at 2026-06-25T20:45:14.338732+07:00: Az=88.70, El=25.27
2026-06-25T16:22:47.554125+07:00: SPOT 7 at 2026-06-25T20:45:15.338732+07:00: Az=88.36, El=25.32
2026-06-25T16:22:47.554927+07:00: SPOT 7 at 2026-06-25T20:45:16.338732+07:00: Az=88.02, El=25.36
2026-06-25T16:22:47.555702+07:00: SPOT 7 at 2026-06-25T20:45:17.338732+07:00: Az=87.68, El=25.41
2026-06-25T16:22:47.556483+07:00: SPOT 7 at 2026-06-25T20:45:18.338732+07:00: Az=87.33, El=25.45
2026-06-25T16:22:47.557512+07:00: SPOT 7 at 2026-06-25T20:45:19.338732+07:00: Az=86.99, El=25.49
2026-06-25T16:22:47.558551+07:00: SPOT 7 at 2026-06-25T20:45:20.338732+07:00: Az=86.64, El=25.54
2026-06-25T16:22:47.559603+07:00: SPOT 7 at 2026-06-25T20:45:21.338732+07:00: Az=86.29, El=25.58
2026-06-25T16:22:47.560643+07:00: SPOT 7 at 2026-06-25T20:45:22.338732+07:00: Az=85.95, El=25.62
2026-06-25T16:22:47.562062+07:00: SPOT 7 at 2026-06-25T20:45:23.338732+07:00: Az=85.60, El=25.65
2026-06-25T16:22:47.562981+07:00: SPOT 7 at 2026-06-25T20:45:24.338732+07:00: Az=85.25, El=25.69
2026-06-25T16:22:47.563863+07:00: SPOT 7 at 2026-06-25T20:45:25.338732+07:00: Az=84.90, El=25.73
2026-06-25T16:22:47.565306+07:00: SPOT 7 at 2026-06-25T20:45:26.338732+07:00: Az=84.55, El=25.76
2026-06-25T16:22:47.566179+07:00: SPOT 7 at 2026-06-25T20:45:27.338732+07:00: Az=84.19, El=25.80
2026-06-25T16:22:47.566984+07:00: SPOT 7 at 2026-06-25T20:45:28.338732+07:00: Az=83.84, El=25.83
2026-06-25T16:22:47.567815+07:00: SPOT 7 at 2026-06-25T20:45:29.338732+07:00: Az=83.49, El=25.87
2026-06-25T16:22:47.568623+07:00: SPOT 7 at 2026-06-25T20:45:30.338732+07:00: Az=83.13, El=25.90
2026-06-25T16:22:47.569701+07:00: SPOT 7 at 2026-06-25T20:45:31.338732+07:00: Az=82.78, El=25.93
2026-06-25T16:22:47.571582+07:00: SPOT 7 at 2026-06-25T20:45:32.338732+07:00: Az=82.42, El=25.96
2026-06-25T16:22:47.572604+07:00: SPOT 7 at 2026-06-25T20:45:33.338732+07:00: Az=82.07, El=25.98
2026-06-25T16:22:47.573718+07:00: SPOT 7 at 2026-06-25T20:45:34.338732+07:00: Az=81.71, El=26.01
2026-06-25T16:22:47.574969+07:00: SPOT 7 at 2026-06-25T20:45:35.338732+07:00: Az=81.35, El=26.04
2026-06-25T16:22:47.575968+07:00: SPOT 7 at 2026-06-25T20:45:36.338732+07:00: Az=80.99, El=26.06
2026-06-25T16:22:47.576831+07:00: SPOT 7 at 2026-06-25T20:45:37.338732+07:00: Az=80.63, El=26.08
2026-06-25T16:22:47.578053+07:00: SPOT 7 at 2026-06-25T20:45:38.338732+07:00: Az=80.28, El=26.11
2026-06-25T16:22:47.579064+07:00: SPOT 7 at 2026-06-25T20:45:39.338732+07:00: Az=79.92, El=26.13
2026-06-25T16:22:47.580077+07:00: SPOT 7 at 2026-06-25T20:45:40.338732+07:00: Az=79.56, El=26.15
2026-06-25T16:22:47.580962+07:00: SPOT 7 at 2026-06-25T20:45:41.338732+07:00: Az=79.19, El=26.17
2026-06-25T16:22:47.581937+07:00: SPOT 7 at 2026-06-25T20:45:42.338732+07:00: Az=78.83, El=26.18
2026-06-25T16:22:47.582896+07:00: SPOT 7 at 2026-06-25T20:45:43.338732+07:00: Az=78.47, El=26.20
2026-06-25T16:22:47.583842+07:00: SPOT 7 at 2026-06-25T20:45:44.338732+07:00: Az=78.11, El=26.22
2026-06-25T16:22:47.584807+07:00: SPOT 7 at 2026-06-25T20:45:45.338732+07:00: Az=77.75, El=26.23
2026-06-25T16:22:47.585893+07:00: SPOT 7 at 2026-06-25T20:45:46.338732+07:00: Az=77.39, El=26.24
2026-06-25T16:22:47.586844+07:00: SPOT 7 at 2026-06-25T20:45:47.338732+07:00: Az=77.02, El=26.25
2026-06-25T16:22:47.587799+07:00: SPOT 7 at 2026-06-25T20:45:48.338732+07:00: Az=76.66, El=26.26
2026-06-25T16:22:47.588826+07:00: SPOT 7 at 2026-06-25T20:45:49.338732+07:00: Az=76.30, El=26.27
2026-06-25T16:22:47.589814+07:00: SPOT 7 at 2026-06-25T20:45:50.338732+07:00: Az=75.93, El=26.28
2026-06-25T16:22:47.591064+07:00: SPOT 7 at 2026-06-25T20:45:51.338732+07:00: Az=75.57, El=26.29
2026-06-25T16:22:47.592269+07:00: SPOT 7 at 2026-06-25T20:45:52.338732+07:00: Az=75.20, El=26.29
2026-06-25T16:22:47.593469+07:00: SPOT 7 at 2026-06-25T20:45:53.338732+07:00: Az=74.84, El=26.30
2026-06-25T16:22:47.594396+07:00: SPOT 7 at 2026-06-25T20:45:54.338732+07:00: Az=74.48, El=26.30
2026-06-25T16:22:47.595258+07:00: SPOT 7 at 2026-06-25T20:45:55.338732+07:00: Az=74.11, El=26.30
2026-06-25T16:22:47.596094+07:00: SPOT 7 at 2026-06-25T20:45:56.338732+07:00: Az=73.75, El=26.30
2026-06-25T16:22:47.597066+07:00: SPOT 7 at 2026-06-25T20:45:57.338732+07:00: Az=73.38, El=26.30
2026-06-25T16:22:47.597909+07:00: SPOT 7 at 2026-06-25T20:45:58.338732+07:00: Az=73.02, El=26.30
2026-06-25T16:22:47.598736+07:00: SPOT 7 at 2026-06-25T20:45:59.338732+07:00: Az=72.66, El=26.30
2026-06-25T16:22:47.599530+07:00: SPOT 7 at 2026-06-25T20:46:00.338732+07:00: Az=72.29, El=26.29
2026-06-25T16:22:47.600431+07:00: SPOT 7 at 2026-06-25T20:46:01.338732+07:00: Az=71.93, El=26.29
2026-06-25T16:22:47.601460+07:00: SPOT 7 at 2026-06-25T20:46:02.338732+07:00: Az=71.56, El=26.28
2026-06-25T16:22:47.602535+07:00: SPOT 7 at 2026-06-25T20:46:03.338732+07:00: Az=71.20, El=26.27
2026-06-25T16:22:47.603407+07:00: SPOT 7 at 2026-06-25T20:46:04.338732+07:00: Az=70.84, El=26.27
2026-06-25T16:22:47.604373+07:00: SPOT 7 at 2026-06-25T20:46:05.338732+07:00: Az=70.48, El=26.26
2026-06-25T16:22:47.605332+07:00: SPOT 7 at 2026-06-25T20:46:06.338732+07:00: Az=70.11, El=26.24
2026-06-25T16:22:47.606642+07:00: SPOT 7 at 2026-06-25T20:46:07.338732+07:00: Az=69.75, El=26.23
2026-06-25T16:22:47.607630+07:00: SPOT 7 at 2026-06-25T20:46:08.338732+07:00: Az=69.39, El=26.22
2026-06-25T16:22:47.608628+07:00: SPOT 7 at 2026-06-25T20:46:09.338732+07:00: Az=69.03, El=26.20
2026-06-25T16:22:47.610257+07:00: SPOT 7 at 2026-06-25T20:46:10.338732+07:00: Az=68.66, El=26.19
2026-06-25T16:22:47.611189+07:00: SPOT 7 at 2026-06-25T20:46:11.338732+07:00: Az=68.30, El=26.17
2026-06-25T16:22:47.612123+07:00: SPOT 7 at 2026-06-25T20:46:12.338732+07:00: Az=67.94, El=26.15
2026-06-25T16:22:47.612983+07:00: SPOT 7 at 2026-06-25T20:46:13.338732+07:00: Az=67.58, El=26.13
2026-06-25T16:22:47.613966+07:00: SPOT 7 at 2026-06-25T20:46:14.338732+07:00: Az=67.22, El=26.11
2026-06-25T16:22:47.614801+07:00: SPOT 7 at 2026-06-25T20:46:15.338732+07:00: Az=66.86, El=26.09
2026-06-25T16:22:47.615766+07:00: SPOT 7 at 2026-06-25T20:46:16.338732+07:00: Az=66.50, El=26.06
2026-06-25T16:22:47.616603+07:00: SPOT 7 at 2026-06-25T20:46:17.338732+07:00: Az=66.15, El=26.04
2026-06-25T16:22:47.617473+07:00: SPOT 7 at 2026-06-25T20:46:18.338732+07:00: Az=65.79, El=26.01
2026-06-25T16:22:47.618388+07:00: SPOT 7 at 2026-06-25T20:46:19.338732+07:00: Az=65.43, El=25.99
2026-06-25T16:22:47.619287+07:00: SPOT 7 at 2026-06-25T20:46:20.338732+07:00: Az=65.08, El=25.96
2026-06-25T16:22:47.620126+07:00: SPOT 7 at 2026-06-25T20:46:21.338732+07:00: Az=64.72, El=25.93
2026-06-25T16:22:47.620951+07:00: SPOT 7 at 2026-06-25T20:46:22.338732+07:00: Az=64.37, El=25.90
2026-06-25T16:22:47.621756+07:00: SPOT 7 at 2026-06-25T20:46:23.338732+07:00: Az=64.01, El=25.87
2026-06-25T16:22:47.623665+07:00: SPOT 7 at 2026-06-25T20:46:24.338732+07:00: Az=63.66, El=25.84
2026-06-25T16:22:47.624903+07:00: SPOT 7 at 2026-06-25T20:46:25.338732+07:00: Az=63.31, El=25.81
2026-06-25T16:22:47.626165+07:00: SPOT 7 at 2026-06-25T20:46:26.338732+07:00: Az=62.95, El=25.77
2026-06-25T16:22:47.628630+07:00: SPOT 7 at 2026-06-25T20:46:27.338732+07:00: Az=62.60, El=25.74
2026-06-25T16:22:47.629533+07:00: SPOT 7 at 2026-06-25T20:46:28.338732+07:00: Az=62.25, El=25.70
2026-06-25T16:22:47.631101+07:00: SPOT 7 at 2026-06-25T20:46:29.338732+07:00: Az=61.90, El=25.66
2026-06-25T16:22:47.631941+07:00: SPOT 7 at 2026-06-25T20:46:30.338732+07:00: Az=61.55, El=25.62
2026-06-25T16:22:47.632736+07:00: SPOT 7 at 2026-06-25T20:46:31.338732+07:00: Az=61.21, El=25.58
2026-06-25T16:22:47.633541+07:00: SPOT 7 at 2026-06-25T20:46:32.338732+07:00: Az=60.86, El=25.54
2026-06-25T16:22:47.634398+07:00: SPOT 7 at 2026-06-25T20:46:33.338732+07:00: Az=60.51, El=25.50
2026-06-25T16:22:47.635336+07:00: SPOT 7 at 2026-06-25T20:46:34.338732+07:00: Az=60.17, El=25.46
2026-06-25T16:22:47.636104+07:00: SPOT 7 at 2026-06-25T20:46:35.338732+07:00: Az=59.83, El=25.41
2026-06-25T16:22:47.636898+07:00: SPOT 7 at 2026-06-25T20:46:36.338732+07:00: Az=59.48, El=25.37
2026-06-25T16:22:47.637704+07:00: SPOT 7 at 2026-06-25T20:46:37.338732+07:00: Az=59.14, El=25.32
2026-06-25T16:22:47.639148+07:00: SPOT 7 at 2026-06-25T20:46:38.338732+07:00: Az=58.80, El=25.28
2026-06-25T16:22:47.640198+07:00: SPOT 7 at 2026-06-25T20:46:39.338732+07:00: Az=58.46, El=25.23
2026-06-25T16:22:47.641437+07:00: SPOT 7 at 2026-06-25T20:46:40.338732+07:00: Az=58.12, El=25.18
2026-06-25T16:22:47.642507+07:00: SPOT 7 at 2026-06-25T20:46:41.338732+07:00: Az=57.79, El=25.13
2026-06-25T16:22:47.643441+07:00: SPOT 7 at 2026-06-25T20:46:42.338732+07:00: Az=57.45, El=25.08
2026-06-25T16:22:47.644379+07:00: SPOT 7 at 2026-06-25T20:46:43.338732+07:00: Az=57.11, El=25.03
2026-06-25T16:22:47.645305+07:00: SPOT 7 at 2026-06-25T20:46:44.338732+07:00: Az=56.78, El=24.98
2026-06-25T16:22:47.646223+07:00: SPOT 7 at 2026-06-25T20:46:45.338732+07:00: Az=56.45, El=24.92
2026-06-25T16:22:47.647128+07:00: SPOT 7 at 2026-06-25T20:46:46.338732+07:00: Az=56.11, El=24.87
2026-06-25T16:22:47.648074+07:00: SPOT 7 at 2026-06-25T20:46:47.338732+07:00: Az=55.78, El=24.81
2026-06-25T16:22:47.648955+07:00: SPOT 7 at 2026-06-25T20:46:48.338732+07:00: Az=55.46, El=24.76
2026-06-25T16:22:47.649847+07:00: SPOT 7 at 2026-06-25T20:46:49.338732+07:00: Az=55.13, El=24.70
2026-06-25T16:22:47.650754+07:00: SPOT 7 at 2026-06-25T20:46:50.338732+07:00: Az=54.80, El=24.64
2026-06-25T16:22:47.651697+07:00: SPOT 7 at 2026-06-25T20:46:51.338732+07:00: Az=54.47, El=24.59
2026-06-25T16:22:47.652660+07:00: SPOT 7 at 2026-06-25T20:46:52.338732+07:00: Az=54.15, El=24.53
2026-06-25T16:22:47.653526+07:00: SPOT 7 at 2026-06-25T20:46:53.338732+07:00: Az=53.83, El=24.47
2026-06-25T16:22:47.655581+07:00: SPOT 7 at 2026-06-25T20:46:54.338732+07:00: Az=53.51, El=24.41
2026-06-25T16:22:47.656883+07:00: SPOT 7 at 2026-06-25T20:46:55.338732+07:00: Az=53.19, El=24.35
2026-06-25T16:22:47.657906+07:00: SPOT 7 at 2026-06-25T20:46:56.338732+07:00: Az=52.87, El=24.28
2026-06-25T16:22:47.658852+07:00: SPOT 7 at 2026-06-25T20:46:57.338732+07:00: Az=52.55, El=24.22
2026-06-25T16:22:47.659756+07:00: SPOT 7 at 2026-06-25T20:46:58.338732+07:00: Az=52.23, El=24.16
2026-06-25T16:22:47.660562+07:00: SPOT 7 at 2026-06-25T20:46:59.338732+07:00: Az=51.92, El=24.09
2026-06-25T16:22:47.661459+07:00: SPOT 7 at 2026-06-25T20:47:00.338732+07:00: Az=51.60, El=24.03
2026-06-25T16:22:47.662838+07:00: SPOT 7 at 2026-06-25T20:47:01.338732+07:00: Az=51.29, El=23.96
2026-06-25T16:22:47.663822+07:00: SPOT 7 at 2026-06-25T20:47:02.338732+07:00: Az=50.98, El=23.89
2026-06-25T16:22:47.664880+07:00: SPOT 7 at 2026-06-25T20:47:03.338732+07:00: Az=50.67, El=23.83
2026-06-25T16:22:47.665797+07:00: SPOT 7 at 2026-06-25T20:47:04.338732+07:00: Az=50.36, El=23.76
2026-06-25T16:22:47.668171+07:00: SPOT 7 at 2026-06-25T20:47:05.338732+07:00: Az=50.06, El=23.69
2026-06-25T16:22:47.669471+07:00: SPOT 7 at 2026-06-25T20:47:06.338732+07:00: Az=49.75, El=23.62
2026-06-25T16:22:47.670626+07:00: SPOT 7 at 2026-06-25T20:47:07.338732+07:00: Az=49.45, El=23.55
2026-06-25T16:22:47.671721+07:00: SPOT 7 at 2026-06-25T20:47:08.338732+07:00: Az=49.14, El=23.48
2026-06-25T16:22:47.672627+07:00: SPOT 7 at 2026-06-25T20:47:09.338732+07:00: Az=48.84, El=23.41
2026-06-25T16:22:47.673544+07:00: SPOT 7 at 2026-06-25T20:47:10.338732+07:00: Az=48.54, El=23.34
2026-06-25T16:22:47.674465+07:00: SPOT 7 at 2026-06-25T20:47:11.338732+07:00: Az=48.25, El=23.27
2026-06-25T16:22:47.675574+07:00: SPOT 7 at 2026-06-25T20:47:12.338732+07:00: Az=47.95, El=23.19
2026-06-25T16:22:47.676491+07:00: SPOT 7 at 2026-06-25T20:47:13.338732+07:00: Az=47.65, El=23.12
2026-06-25T16:22:47.677424+07:00: SPOT 7 at 2026-06-25T20:47:14.338732+07:00: Az=47.36, El=23.05
2026-06-25T16:22:47.678342+07:00: SPOT 7 at 2026-06-25T20:47:15.338732+07:00: Az=47.07, El=22.97
2026-06-25T16:22:47.679138+07:00: SPOT 7 at 2026-06-25T20:47:16.338732+07:00: Az=46.78, El=22.90
2026-06-25T16:22:47.680093+07:00: SPOT 7 at 2026-06-25T20:47:17.338732+07:00: Az=46.49, El=22.82
2026-06-25T16:22:47.680990+07:00: SPOT 7 at 2026-06-25T20:47:18.338732+07:00: Az=46.20, El=22.75
2026-06-25T16:22:47.681782+07:00: SPOT 7 at 2026-06-25T20:47:19.338732+07:00: Az=45.91, El=22.67
2026-06-25T16:22:47.682764+07:00: SPOT 7 at 2026-06-25T20:47:20.338732+07:00: Az=45.63, El=22.59
2026-06-25T16:22:47.683575+07:00: SPOT 7 at 2026-06-25T20:47:21.338732+07:00: Az=45.34, El=22.51
2026-06-25T16:22:47.684769+07:00: SPOT 7 at 2026-06-25T20:47:22.338732+07:00: Az=45.06, El=22.44
2026-06-25T16:22:47.686118+07:00: SPOT 7 at 2026-06-25T20:47:23.338732+07:00: Az=44.78, El=22.36
2026-06-25T16:22:47.687131+07:00: SPOT 7 at 2026-06-25T20:47:24.338732+07:00: Az=44.50, El=22.28
2026-06-25T16:22:47.688332+07:00: SPOT 7 at 2026-06-25T20:47:25.338732+07:00: Az=44.23, El=22.20
2026-06-25T16:22:47.689490+07:00: SPOT 7 at 2026-06-25T20:47:26.338732+07:00: Az=43.95, El=22.12
2026-06-25T16:22:47.690557+07:00: SPOT 7 at 2026-06-25T20:47:27.338732+07:00: Az=43.68, El=22.04
2026-06-25T16:22:47.691506+07:00: SPOT 7 at 2026-06-25T20:47:28.338732+07:00: Az=43.40, El=21.96
2026-06-25T16:22:47.692325+07:00: SPOT 7 at 2026-06-25T20:47:29.338732+07:00: Az=43.13, El=21.88
2026-06-25T16:22:47.693475+07:00: SPOT 7 at 2026-06-25T20:47:30.338732+07:00: Az=42.86, El=21.80
2026-06-25T16:22:47.694538+07:00: SPOT 7 at 2026-06-25T20:47:31.338732+07:00: Az=42.59, El=21.72
2026-06-25T16:22:47.695638+07:00: SPOT 7 at 2026-06-25T20:47:32.338732+07:00: Az=42.33, El=21.64
2026-06-25T16:22:47.696961+07:00: SPOT 7 at 2026-06-25T20:47:33.338732+07:00: Az=42.06, El=21.55
2026-06-25T16:22:47.698191+07:00: SPOT 7 at 2026-06-25T20:47:34.338732+07:00: Az=41.80, El=21.47
2026-06-25T16:22:47.699586+07:00: SPOT 7 at 2026-06-25T20:47:35.338732+07:00: Az=41.53, El=21.39
2026-06-25T16:22:47.700560+07:00: SPOT 7 at 2026-06-25T20:47:36.338732+07:00: Az=41.27, El=21.31
2026-06-25T16:22:47.701718+07:00: SPOT 7 at 2026-06-25T20:47:37.338732+07:00: Az=41.01, El=21.22
2026-06-25T16:22:47.702846+07:00: SPOT 7 at 2026-06-25T20:47:38.338732+07:00: Az=40.75, El=21.14
2026-06-25T16:22:47.704126+07:00: SPOT 7 at 2026-06-25T20:47:39.338732+07:00: Az=40.50, El=21.06
2026-06-25T16:22:47.705060+07:00: SPOT 7 at 2026-06-25T20:47:40.338732+07:00: Az=40.24, El=20.97
2026-06-25T16:22:47.706121+07:00: SPOT 7 at 2026-06-25T20:47:41.338732+07:00: Az=39.99, El=20.89
2026-06-25T16:22:47.707017+07:00: SPOT 7 at 2026-06-25T20:47:42.338732+07:00: Az=39.74, El=20.80
2026-06-25T16:22:47.707908+07:00: SPOT 7 at 2026-06-25T20:47:43.338732+07:00: Az=39.49, El=20.72
2026-06-25T16:22:47.709437+07:00: SPOT 7 at 2026-06-25T20:47:44.338732+07:00: Az=39.24, El=20.63
2026-06-25T16:22:47.710907+07:00: SPOT 7 at 2026-06-25T20:47:45.338732+07:00: Az=38.99, El=20.55
2026-06-25T16:22:47.712014+07:00: SPOT 7 at 2026-06-25T20:47:46.338732+07:00: Az=38.74, El=20.46
2026-06-25T16:22:47.713363+07:00: SPOT 7 at 2026-06-25T20:47:47.338732+07:00: Az=38.50, El=20.38
2026-06-25T16:22:47.714758+07:00: SPOT 7 at 2026-06-25T20:47:48.338732+07:00: Az=38.25, El=20.29
2026-06-25T16:22:47.715982+07:00: SPOT 7 at 2026-06-25T20:47:49.338732+07:00: Az=38.01, El=20.20
2026-06-25T16:22:47.717299+07:00: SPOT 7 at 2026-06-25T20:47:50.338732+07:00: Az=37.77, El=20.12
2026-06-25T16:22:47.718521+07:00: SPOT 7 at 2026-06-25T20:47:51.338732+07:00: Az=37.53, El=20.03
2026-06-25T16:22:47.719907+07:00: SPOT 7 at 2026-06-25T20:47:52.338732+07:00: Az=37.29, El=19.94
2026-06-25T16:22:47.721114+07:00: SPOT 7 at 2026-06-25T20:47:53.338732+07:00: Az=37.06, El=19.86
2026-06-25T16:22:47.722066+07:00: SPOT 7 at 2026-06-25T20:47:54.338732+07:00: Az=36.82, El=19.77
2026-06-25T16:22:47.723211+07:00: SPOT 7 at 2026-06-25T20:47:55.338732+07:00: Az=36.59, El=19.68
2026-06-25T16:22:47.724763+07:00: SPOT 7 at 2026-06-25T20:47:56.338732+07:00: Az=36.36, El=19.60
2026-06-25T16:22:47.726276+07:00: SPOT 7 at 2026-06-25T20:47:57.338732+07:00: Az=36.13, El=19.51
2026-06-25T16:22:47.727676+07:00: SPOT 7 at 2026-06-25T20:47:58.338732+07:00: Az=35.90, El=19.42
2026-06-25T16:22:47.729128+07:00: SPOT 7 at 2026-06-25T20:47:59.338732+07:00: Az=35.67, El=19.33
2026-06-25T16:22:47.730827+07:00: SPOT 7 at 2026-06-25T20:48:00.338732+07:00: Az=35.44, El=19.25
2026-06-25T16:22:47.732397+07:00: SPOT 7 at 2026-06-25T20:48:01.338732+07:00: Az=35.22, El=19.16
2026-06-25T16:22:47.733457+07:00: SPOT 7 at 2026-06-25T20:48:02.338732+07:00: Az=34.99, El=19.07
2026-06-25T16:22:47.734432+07:00: SPOT 7 at 2026-06-25T20:48:03.338732+07:00: Az=34.77, El=18.98
2026-06-25T16:22:47.735384+07:00: SPOT 7 at 2026-06-25T20:48:04.338732+07:00: Az=34.55, El=18.90
2026-06-25T16:22:47.736281+07:00: SPOT 7 at 2026-06-25T20:48:05.338732+07:00: Az=34.33, El=18.81
2026-06-25T16:22:47.737194+07:00: SPOT 7 at 2026-06-25T20:48:06.338732+07:00: Az=34.11, El=18.72
2026-06-25T16:22:47.738071+07:00: SPOT 7 at 2026-06-25T20:48:07.338732+07:00: Az=33.89, El=18.63
2026-06-25T16:22:47.739308+07:00: SPOT 7 at 2026-06-25T20:48:08.338732+07:00: Az=33.68, El=18.54
2026-06-25T16:22:47.740787+07:00: SPOT 7 at 2026-06-25T20:48:09.338732+07:00: Az=33.46, El=18.45
2026-06-25T16:22:47.742437+07:00: SPOT 7 at 2026-06-25T20:48:10.338732+07:00: Az=33.25, El=18.37
2026-06-25T16:22:47.744278+07:00: SPOT 7 at 2026-06-25T20:48:11.338732+07:00: Az=33.04, El=18.28
2026-06-25T16:22:47.745857+07:00: SPOT 7 at 2026-06-25T20:48:12.338732+07:00: Az=32.83, El=18.19
2026-06-25T16:22:47.747103+07:00: SPOT 7 at 2026-06-25T20:48:13.338732+07:00: Az=32.62, El=18.10
2026-06-25T16:22:47.748299+07:00: SPOT 7 at 2026-06-25T20:48:14.338732+07:00: Az=32.41, El=18.01
2026-06-25T16:22:47.749812+07:00: SPOT 7 at 2026-06-25T20:48:15.338732+07:00: Az=32.21, El=17.92
2026-06-25T16:22:47.751209+07:00: SPOT 7 at 2026-06-25T20:48:16.338732+07:00: Az=32.00, El=17.84
2026-06-25T16:22:47.753932+07:00: SPOT 7 at 2026-06-25T20:48:17.338732+07:00: Az=31.80, El=17.75
2026-06-25T16:22:47.755997+07:00: SPOT 7 at 2026-06-25T20:48:18.338732+07:00: Az=31.59, El=17.66
2026-06-25T16:22:47.757726+07:00: SPOT 7 at 2026-06-25T20:48:19.338732+07:00: Az=31.39, El=17.57
2026-06-25T16:22:47.759315+07:00: SPOT 7 at 2026-06-25T20:48:20.338732+07:00: Az=31.19, El=17.48
2026-06-25T16:22:47.761077+07:00: SPOT 7 at 2026-06-25T20:48:21.338732+07:00: Az=30.99, El=17.39
2026-06-25T16:22:47.762723+07:00: SPOT 7 at 2026-06-25T20:48:22.338732+07:00: Az=30.80, El=17.31
2026-06-25T16:22:47.764390+07:00: SPOT 7 at 2026-06-25T20:48:23.338732+07:00: Az=30.60, El=17.22
2026-06-25T16:22:47.765967+07:00: SPOT 7 at 2026-06-25T20:48:24.338732+07:00: Az=30.40, El=17.13
2026-06-25T16:22:47.767876+07:00: SPOT 7 at 2026-06-25T20:48:25.338732+07:00: Az=30.21, El=17.04
2026-06-25T16:22:47.769230+07:00: SPOT 7 at 2026-06-25T20:48:26.338732+07:00: Az=30.02, El=16.95
2026-06-25T16:22:47.770767+07:00: SPOT 7 at 2026-06-25T20:48:27.338732+07:00: Az=29.83, El=16.86
2026-06-25T16:22:47.771983+07:00: SPOT 7 at 2026-06-25T20:48:28.338732+07:00: Az=29.63, El=16.78
2026-06-25T16:22:47.773345+07:00: SPOT 7 at 2026-06-25T20:48:29.338732+07:00: Az=29.45, El=16.69
2026-06-25T16:22:47.774905+07:00: SPOT 7 at 2026-06-25T20:48:30.338732+07:00: Az=29.26, El=16.60
2026-06-25T16:22:47.777278+07:00: SPOT 7 at 2026-06-25T20:48:31.338732+07:00: Az=29.07, El=16.51
2026-06-25T16:22:47.778798+07:00: SPOT 7 at 2026-06-25T20:48:32.338732+07:00: Az=28.89, El=16.42
2026-06-25T16:22:47.780341+07:00: SPOT 7 at 2026-06-25T20:48:33.338732+07:00: Az=28.70, El=16.34
2026-06-25T16:22:47.781867+07:00: SPOT 7 at 2026-06-25T20:48:34.338732+07:00: Az=28.52, El=16.25
2026-06-25T16:22:47.783732+07:00: SPOT 7 at 2026-06-25T20:48:35.338732+07:00: Az=28.34, El=16.16
2026-06-25T16:22:47.785119+07:00: SPOT 7 at 2026-06-25T20:48:36.338732+07:00: Az=28.15, El=16.07
2026-06-25T16:22:47.786856+07:00: SPOT 7 at 2026-06-25T20:48:37.338732+07:00: Az=27.97, El=15.98
2026-06-25T16:22:47.788842+07:00: SPOT 7 at 2026-06-25T20:48:38.338732+07:00: Az=27.80, El=15.90
2026-06-25T16:22:47.790590+07:00: SPOT 7 at 2026-06-25T20:48:39.338732+07:00: Az=27.62, El=15.81
2026-06-25T16:22:47.792316+07:00: SPOT 7 at 2026-06-25T20:48:40.338732+07:00: Az=27.44, El=15.72
2026-06-25T16:22:47.793866+07:00: SPOT 7 at 2026-06-25T20:48:41.338732+07:00: Az=27.27, El=15.64
2026-06-25T16:22:47.795404+07:00: SPOT 7 at 2026-06-25T20:48:42.338732+07:00: Az=27.09, El=15.55
2026-06-25T16:22:47.796894+07:00: SPOT 7 at 2026-06-25T20:48:43.338732+07:00: Az=26.92, El=15.46
2026-06-25T16:22:47.798283+07:00: SPOT 7 at 2026-06-25T20:48:44.338732+07:00: Az=26.75, El=15.37
2026-06-25T16:22:47.799759+07:00: SPOT 7 at 2026-06-25T20:48:45.338732+07:00: Az=26.58, El=15.29
2026-06-25T16:22:47.802064+07:00: SPOT 7 at 2026-06-25T20:48:46.338732+07:00: Az=26.41, El=15.20
2026-06-25T16:22:47.804294+07:00: SPOT 7 at 2026-06-25T20:48:47.338732+07:00: Az=26.24, El=15.11
2026-06-25T16:22:47.805808+07:00: SPOT 7 at 2026-06-25T20:48:48.338732+07:00: Az=26.07, El=15.03
2026-06-25T16:22:47.808312+07:00: SPOT 7 at 2026-06-25T20:48:49.338732+07:00: Az=25.90, El=14.94
2026-06-25T16:22:47.810297+07:00: SPOT 7 at 2026-06-25T20:48:50.338732+07:00: Az=25.74, El=14.85
2026-06-25T16:22:47.811935+07:00: SPOT 7 at 2026-06-25T20:48:51.338732+07:00: Az=25.57, El=14.77
2026-06-25T16:22:47.813239+07:00: SPOT 7 at 2026-06-25T20:48:52.338732+07:00: Az=25.41, El=14.68
2026-06-25T16:22:47.815413+07:00: SPOT 7 at 2026-06-25T20:48:53.338732+07:00: Az=25.24, El=14.60
2026-06-25T16:22:47.817086+07:00: SPOT 7 at 2026-06-25T20:48:54.338732+07:00: Az=25.08, El=14.51
2026-06-25T16:22:47.818717+07:00: SPOT 7 at 2026-06-25T20:48:55.338732+07:00: Az=24.92, El=14.42
2026-06-25T16:22:47.820847+07:00: SPOT 7 at 2026-06-25T20:48:56.338732+07:00: Az=24.76, El=14.34
2026-06-25T16:22:47.822919+07:00: SPOT 7 at 2026-06-25T20:48:57.338732+07:00: Az=24.60, El=14.25
2026-06-25T16:22:47.824167+07:00: SPOT 7 at 2026-06-25T20:48:58.338732+07:00: Az=24.45, El=14.17
2026-06-25T16:22:47.825287+07:00: SPOT 7 at 2026-06-25T20:48:59.338732+07:00: Az=24.29, El=14.08
2026-06-25T16:22:47.826496+07:00: SPOT 7 at 2026-06-25T20:49:00.338732+07:00: Az=24.13, El=14.00
2026-06-25T16:22:47.827553+07:00: SPOT 7 at 2026-06-25T20:49:01.338732+07:00: Az=23.98, El=13.91
2026-06-25T16:22:47.828909+07:00: SPOT 7 at 2026-06-25T20:49:02.338732+07:00: Az=23.82, El=13.83
2026-06-25T16:22:47.830022+07:00: SPOT 7 at 2026-06-25T20:49:03.338732+07:00: Az=23.67, El=13.74
2026-06-25T16:22:47.831239+07:00: SPOT 7 at 2026-06-25T20:49:04.338732+07:00: Az=23.52, El=13.66
2026-06-25T16:22:47.832261+07:00: SPOT 7 at 2026-06-25T20:49:05.338732+07:00: Az=23.37, El=13.57
2026-06-25T16:22:47.833374+07:00: SPOT 7 at 2026-06-25T20:49:06.338732+07:00: Az=23.22, El=13.49
2026-06-25T16:22:47.834401+07:00: SPOT 7 at 2026-06-25T20:49:07.338732+07:00: Az=23.07, El=13.41
2026-06-25T16:22:47.835465+07:00: SPOT 7 at 2026-06-25T20:49:08.338732+07:00: Az=22.92, El=13.32
2026-06-25T16:22:47.836709+07:00: SPOT 7 at 2026-06-25T20:49:09.338732+07:00: Az=22.77, El=13.24
2026-06-25T16:22:47.837752+07:00: SPOT 7 at 2026-06-25T20:49:10.338732+07:00: Az=22.63, El=13.16
2026-06-25T16:22:47.839442+07:00: SPOT 7 at 2026-06-25T20:49:11.338732+07:00: Az=22.48, El=13.07
2026-06-25T16:22:47.841190+07:00: SPOT 7 at 2026-06-25T20:49:12.338732+07:00: Az=22.34, El=12.99
2026-06-25T16:22:47.843275+07:00: SPOT 7 at 2026-06-25T20:49:13.338732+07:00: Az=22.19, El=12.91
2026-06-25T16:22:47.844886+07:00: SPOT 7 at 2026-06-25T20:49:14.338732+07:00: Az=22.05, El=12.82
2026-06-25T16:22:47.846672+07:00: SPOT 7 at 2026-06-25T20:49:15.338732+07:00: Az=21.91, El=12.74
2026-06-25T16:22:47.848284+07:00: SPOT 7 at 2026-06-25T20:49:16.338732+07:00: Az=21.77, El=12.66
2026-06-25T16:22:47.849713+07:00: SPOT 7 at 2026-06-25T20:49:17.338732+07:00: Az=21.63, El=12.57
2026-06-25T16:22:47.851066+07:00: SPOT 7 at 2026-06-25T20:49:18.338732+07:00: Az=21.49, El=12.49
2026-06-25T16:22:47.852390+07:00: SPOT 7 at 2026-06-25T20:49:19.338732+07:00: Az=21.35, El=12.41
2026-06-25T16:22:47.853543+07:00: SPOT 7 at 2026-06-25T20:49:20.338732+07:00: Az=21.21, El=12.33
2026-06-25T16:22:47.855678+07:00: SPOT 7 at 2026-06-25T20:49:21.338732+07:00: Az=21.07, El=12.24
2026-06-25T16:22:47.857221+07:00: SPOT 7 at 2026-06-25T20:49:22.338732+07:00: Az=20.94, El=12.16
2026-06-25T16:22:47.858582+07:00: SPOT 7 at 2026-06-25T20:49:23.338732+07:00: Az=20.80, El=12.08
2026-06-25T16:22:47.859622+07:00: SPOT 7 at 2026-06-25T20:49:24.338732+07:00: Az=20.67, El=12.00
2026-06-25T16:22:47.860653+07:00: SPOT 7 at 2026-06-25T20:49:25.338732+07:00: Az=20.54, El=11.92
2026-06-25T16:22:47.861862+07:00: SPOT 7 at 2026-06-25T20:49:26.338732+07:00: Az=20.40, El=11.84
2026-06-25T16:22:47.863385+07:00: SPOT 7 at 2026-06-25T20:49:27.338732+07:00: Az=20.27, El=11.76
2026-06-25T16:22:47.865551+07:00: SPOT 7 at 2026-06-25T20:49:28.338732+07:00: Az=20.14, El=11.68
2026-06-25T16:22:47.867651+07:00: SPOT 7 at 2026-06-25T20:49:29.338732+07:00: Az=20.01, El=11.59
2026-06-25T16:22:47.869120+07:00: SPOT 7 at 2026-06-25T20:49:30.338732+07:00: Az=19.88, El=11.51
2026-06-25T16:22:47.871912+07:00: SPOT 7 at 2026-06-25T20:49:31.338732+07:00: Az=19.75, El=11.43
2026-06-25T16:22:47.873408+07:00: SPOT 7 at 2026-06-25T20:49:32.338732+07:00: Az=19.62, El=11.35
2026-06-25T16:22:47.874650+07:00: SPOT 7 at 2026-06-25T20:49:33.338732+07:00: Az=19.49, El=11.27
2026-06-25T16:22:47.876031+07:00: SPOT 7 at 2026-06-25T20:49:34.338732+07:00: Az=19.37, El=11.19
2026-06-25T16:22:47.877445+07:00: SPOT 7 at 2026-06-25T20:49:35.338732+07:00: Az=19.24, El=11.11
2026-06-25T16:22:47.879036+07:00: SPOT 7 at 2026-06-25T20:49:36.338732+07:00: Az=19.12, El=11.03
2026-06-25T16:22:47.881006+07:00: SPOT 7 at 2026-06-25T20:49:37.338732+07:00: Az=18.99, El=10.96
2026-06-25T16:22:47.883142+07:00: SPOT 7 at 2026-06-25T20:49:38.338732+07:00: Az=18.87, El=10.88
2026-06-25T16:22:47.885425+07:00: SPOT 7 at 2026-06-25T20:49:39.338732+07:00: Az=18.75, El=10.80
2026-06-25T16:22:47.887334+07:00: SPOT 7 at 2026-06-25T20:49:40.338732+07:00: Az=18.62, El=10.72
2026-06-25T16:22:47.888950+07:00: SPOT 7 at 2026-06-25T20:49:41.338732+07:00: Az=18.50, El=10.64
2026-06-25T16:22:47.891387+07:00: SPOT 7 at 2026-06-25T20:49:42.338732+07:00: Az=18.38, El=10.56
2026-06-25T16:22:47.893060+07:00: SPOT 7 at 2026-06-25T20:49:43.338732+07:00: Az=18.26, El=10.48
2026-06-25T16:22:47.894860+07:00: SPOT 7 at 2026-06-25T20:49:44.338732+07:00: Az=18.14, El=10.40
2026-06-25T16:22:47.896856+07:00: SPOT 7 at 2026-06-25T20:49:45.338732+07:00: Az=18.02, El=10.33
2026-06-25T16:22:47.898882+07:00: SPOT 7 at 2026-06-25T20:49:46.338732+07:00: Az=17.91, El=10.25
2026-06-25T16:22:47.900051+07:00: SPOT 7 at 2026-06-25T20:49:47.338732+07:00: Az=17.79, El=10.17
2026-06-25T16:22:47.901655+07:00: SPOT 7 at 2026-06-25T20:49:48.338732+07:00: Az=17.67, El=10.09
2026-06-25T16:22:47.902744+07:00: SPOT 7 at 2026-06-25T20:49:49.338732+07:00: Az=17.56, El=10.02
2026-06-25T16:22:47.903824+07:00: SPOT 7 at 2026-06-25T20:49:50.338732+07:00: Az=17.44, El=9.94
2026-06-25T16:22:47.905953+07:00: SPOT 7 at 2026-06-25T20:49:51.338732+07:00: Az=17.33, El=9.86
2026-06-25T16:22:47.907815+07:00: SPOT 7 at 2026-06-25T20:49:52.338732+07:00: Az=17.21, El=9.78
2026-06-25T16:22:47.909157+07:00: SPOT 7 at 2026-06-25T20:49:53.338732+07:00: Az=17.10, El=9.71
2026-06-25T16:22:47.910606+07:00: SPOT 7 at 2026-06-25T20:49:54.338732+07:00: Az=16.99, El=9.63
2026-06-25T16:22:47.911793+07:00: SPOT 7 at 2026-06-25T20:49:55.338732+07:00: Az=16.88, El=9.55
2026-06-25T16:22:47.912938+07:00: SPOT 7 at 2026-06-25T20:49:56.338732+07:00: Az=16.76, El=9.48
2026-06-25T16:22:47.914306+07:00: SPOT 7 at 2026-06-25T20:49:57.338732+07:00: Az=16.65, El=9.40
2026-06-25T16:22:47.915783+07:00: SPOT 7 at 2026-06-25T20:49:58.338732+07:00: Az=16.54, El=9.33
2026-06-25T16:22:47.917279+07:00: SPOT 7 at 2026-06-25T20:49:59.338732+07:00: Az=16.43, El=9.25
2026-06-25T16:22:47.918507+07:00: SPOT 7 at 2026-06-25T20:50:00.338732+07:00: Az=16.33, El=9.17
2026-06-25T16:22:47.921235+07:00: SPOT 7 at 2026-06-25T20:50:01.338732+07:00: Az=16.22, El=9.10
2026-06-25T16:22:47.923089+07:00: SPOT 7 at 2026-06-25T20:50:02.338732+07:00: Az=16.11, El=9.02
2026-06-25T16:22:47.924607+07:00: SPOT 7 at 2026-06-25T20:50:03.338732+07:00: Az=16.00, El=8.95
2026-06-25T16:22:47.925879+07:00: SPOT 7 at 2026-06-25T20:50:04.338732+07:00: Az=15.90, El=8.87
2026-06-25T16:22:47.926871+07:00: SPOT 7 at 2026-06-25T20:50:05.338732+07:00: Az=15.79, El=8.80
2026-06-25T16:22:47.927737+07:00: SPOT 7 at 2026-06-25T20:50:06.338732+07:00: Az=15.69, El=8.72
2026-06-25T16:22:47.928579+07:00: SPOT 7 at 2026-06-25T20:50:07.338732+07:00: Az=15.58, El=8.65
2026-06-25T16:22:47.929365+07:00: SPOT 7 at 2026-06-25T20:50:08.338732+07:00: Az=15.48, El=8.58
2026-06-25T16:22:47.930188+07:00: SPOT 7 at 2026-06-25T20:50:09.338732+07:00: Az=15.38, El=8.50
2026-06-25T16:22:47.931020+07:00: SPOT 7 at 2026-06-25T20:50:10.338732+07:00: Az=15.27, El=8.43
2026-06-25T16:22:47.931897+07:00: SPOT 7 at 2026-06-25T20:50:11.338732+07:00: Az=15.17, El=8.35
2026-06-25T16:22:47.932806+07:00: SPOT 7 at 2026-06-25T20:50:12.338732+07:00: Az=15.07, El=8.28
2026-06-25T16:22:47.933661+07:00: SPOT 7 at 2026-06-25T20:50:13.338732+07:00: Az=14.97, El=8.21
2026-06-25T16:22:47.934489+07:00: SPOT 7 at 2026-06-25T20:50:14.338732+07:00: Az=14.87, El=8.13
2026-06-25T16:22:47.935341+07:00: SPOT 7 at 2026-06-25T20:50:15.338732+07:00: Az=14.77, El=8.06
2026-06-25T16:22:47.936138+07:00: SPOT 7 at 2026-06-25T20:50:16.338732+07:00: Az=14.67, El=7.99
2026-06-25T16:22:47.936986+07:00: SPOT 7 at 2026-06-25T20:50:17.338732+07:00: Az=14.57, El=7.91
2026-06-25T16:22:47.937808+07:00: SPOT 7 at 2026-06-25T20:50:18.338732+07:00: Az=14.47, El=7.84
2026-06-25T16:22:47.938695+07:00: SPOT 7 at 2026-06-25T20:50:19.338732+07:00: Az=14.37, El=7.77
2026-06-25T16:22:47.940744+07:00: SPOT 7 at 2026-06-25T20:50:20.338732+07:00: Az=14.28, El=7.70
2026-06-25T16:22:47.942654+07:00: SPOT 7 at 2026-06-25T20:50:21.338732+07:00: Az=14.18, El=7.62
2026-06-25T16:22:47.944376+07:00: SPOT 7 at 2026-06-25T20:50:22.338732+07:00: Az=14.08, El=7.55
2026-06-25T16:22:47.946754+07:00: SPOT 7 at 2026-06-25T20:50:23.338732+07:00: Az=13.99, El=7.48
2026-06-25T16:22:47.948412+07:00: SPOT 7 at 2026-06-25T20:50:24.338732+07:00: Az=13.89, El=7.41
2026-06-25T16:22:47.949893+07:00: SPOT 7 at 2026-06-25T20:50:25.338732+07:00: Az=13.80, El=7.34
2026-06-25T16:22:47.951197+07:00: SPOT 7 at 2026-06-25T20:50:26.338732+07:00: Az=13.70, El=7.27
2026-06-25T16:22:47.952329+07:00: SPOT 7 at 2026-06-25T20:50:27.338732+07:00: Az=13.61, El=7.19
2026-06-25T16:22:47.953370+07:00: SPOT 7 at 2026-06-25T20:50:28.338732+07:00: Az=13.52, El=7.12
2026-06-25T16:22:47.954279+07:00: SPOT 7 at 2026-06-25T20:50:29.338732+07:00: Az=13.43, El=7.05
2026-06-25T16:22:47.956349+07:00: SPOT 7 at 2026-06-25T20:50:30.338732+07:00: Az=13.33, El=6.98
2026-06-25T16:22:47.958547+07:00: SPOT 7 at 2026-06-25T20:50:31.338732+07:00: Az=13.24, El=6.91
2026-06-25T16:22:47.960948+07:00: SPOT 7 at 2026-06-25T20:50:32.338732+07:00: Az=13.15, El=6.84
2026-06-25T16:22:47.963142+07:00: SPOT 7 at 2026-06-25T20:50:33.338732+07:00: Az=13.06, El=6.77
2026-06-25T16:22:47.964873+07:00: SPOT 7 at 2026-06-25T20:50:34.338732+07:00: Az=12.97, El=6.70
2026-06-25T16:22:47.968160+07:00: SPOT 7 at 2026-06-25T20:50:35.338732+07:00: Az=12.88, El=6.63
2026-06-25T16:22:47.970677+07:00: SPOT 7 at 2026-06-25T20:50:36.338732+07:00: Az=12.79, El=6.56
2026-06-25T16:22:47.973408+07:00: SPOT 7 at 2026-06-25T20:50:37.338732+07:00: Az=12.70, El=6.49
2026-06-25T16:22:47.976205+07:00: SPOT 7 at 2026-06-25T20:50:38.338732+07:00: Az=12.62, El=6.42
2026-06-25T16:22:47.977863+07:00: SPOT 7 at 2026-06-25T20:50:39.338732+07:00: Az=12.53, El=6.35
2026-06-25T16:22:47.979185+07:00: SPOT 7 at 2026-06-25T20:50:40.338732+07:00: Az=12.44, El=6.28
2026-06-25T16:22:47.980181+07:00: SPOT 7 at 2026-06-25T20:50:41.338732+07:00: Az=12.35, El=6.21
2026-06-25T16:22:47.981656+07:00: SPOT 7 at 2026-06-25T20:50:42.338732+07:00: Az=12.27, El=6.14
2026-06-25T16:22:47.983243+07:00: SPOT 7 at 2026-06-25T20:50:43.338732+07:00: Az=12.18, El=6.08
2026-06-25T16:22:47.984740+07:00: SPOT 7 at 2026-06-25T20:50:44.338732+07:00: Az=12.10, El=6.01
2026-06-25T16:22:47.986159+07:00: SPOT 7 at 2026-06-25T20:50:45.338732+07:00: Az=12.01, El=5.94
2026-06-25T16:22:47.987608+07:00: SPOT 7 at 2026-06-25T20:50:46.338732+07:00: Az=11.93, El=5.87
2026-06-25T16:22:47.989733+07:00: SPOT 7 at 2026-06-25T20:50:47.338732+07:00: Az=11.84, El=5.80
2026-06-25T16:22:47.991255+07:00: SPOT 7 at 2026-06-25T20:50:48.338732+07:00: Az=11.76, El=5.73
2026-06-25T16:22:47.992393+07:00: SPOT 7 at 2026-06-25T20:50:49.338732+07:00: Az=11.68, El=5.67
2026-06-25T16:22:47.993441+07:00: SPOT 7 at 2026-06-25T20:50:50.338732+07:00: Az=11.60, El=5.60
2026-06-25T16:22:47.994719+07:00: SPOT 7 at 2026-06-25T20:50:51.338732+07:00: Az=11.51, El=5.53
2026-06-25T16:22:47.996289+07:00: SPOT 7 at 2026-06-25T20:50:52.338732+07:00: Az=11.43, El=5.46
2026-06-25T16:22:47.997852+07:00: SPOT 7 at 2026-06-25T20:50:53.338732+07:00: Az=11.35, El=5.40
2026-06-25T16:22:47.999578+07:00: SPOT 7 at 2026-06-25T20:50:54.338732+07:00: Az=11.27, El=5.33
2026-06-25T16:22:48.001157+07:00: SPOT 7 at 2026-06-25T20:50:55.338732+07:00: Az=11.19, El=5.26
2026-06-25T16:22:48.002828+07:00: SPOT 7 at 2026-06-25T20:50:56.338732+07:00: Az=11.11, El=5.19
2026-06-25T16:22:48.004180+07:00: SPOT 7 at 2026-06-25T20:50:57.338732+07:00: Az=11.03, El=5.13
2026-06-25T16:22:48.005843+07:00: SPOT 7 at 2026-06-25T20:50:58.338732+07:00: Az=10.95, El=5.06
2026-06-25T16:22:48.007433+07:00: SPOT 7 at 2026-06-25T20:50:59.338732+07:00: Az=10.87, El=4.99
2026-06-25T16:22:48.009048+07:00: SPOT 7 at 2026-06-25T20:51:00.338732+07:00: Az=10.79, El=4.93
2026-06-25T16:22:48.010746+07:00: SPOT 7 at 2026-06-25T20:51:01.338732+07:00: Az=10.71, El=4.86
2026-06-25T16:22:48.012425+07:00: SPOT 7 at 2026-06-25T20:51:02.338732+07:00: Az=10.64, El=4.80
2026-06-25T16:22:48.014010+07:00: SPOT 7 at 2026-06-25T20:51:03.338732+07:00: Az=10.56, El=4.73
2026-06-25T16:22:48.015547+07:00: SPOT 7 at 2026-06-25T20:51:04.338732+07:00: Az=10.48, El=4.66
2026-06-25T16:22:48.017141+07:00: SPOT 7 at 2026-06-25T20:51:05.338732+07:00: Az=10.41, El=4.60
2026-06-25T16:22:48.018876+07:00: SPOT 7 at 2026-06-25T20:51:06.338732+07:00: Az=10.33, El=4.53
2026-06-25T16:22:48.020781+07:00: SPOT 7 at 2026-06-25T20:51:07.338732+07:00: Az=10.25, El=4.47
2026-06-25T16:22:48.022176+07:00: SPOT 7 at 2026-06-25T20:51:08.338732+07:00: Az=10.18, El=4.40
2026-06-25T16:22:48.023566+07:00: SPOT 7 at 2026-06-25T20:51:09.338732+07:00: Az=10.10, El=4.34
2026-06-25T16:22:48.024634+07:00: SPOT 7 at 2026-06-25T20:51:10.338732+07:00: Az=10.03, El=4.27
2026-06-25T16:22:48.025534+07:00: SPOT 7 at 2026-06-25T20:51:11.338732+07:00: Az=9.96, El=4.21
2026-06-25T16:22:48.026439+07:00: SPOT 7 at 2026-06-25T20:51:12.338732+07:00: Az=9.88, El=4.14
2026-06-25T16:22:48.027376+07:00: SPOT 7 at 2026-06-25T20:51:13.338732+07:00: Az=9.81, El=4.08
2026-06-25T16:22:48.028309+07:00: SPOT 7 at 2026-06-25T20:51:14.338732+07:00: Az=9.73, El=4.01
2026-06-25T16:22:48.029666+07:00: SPOT 7 at 2026-06-25T20:51:15.338732+07:00: Az=9.66, El=3.95
2026-06-25T16:22:48.030828+07:00: SPOT 7 at 2026-06-25T20:51:16.338732+07:00: Az=9.59, El=3.88
2026-06-25T16:22:48.032363+07:00: SPOT 7 at 2026-06-25T20:51:17.338732+07:00: Az=9.52, El=3.82
2026-06-25T16:22:48.033975+07:00: SPOT 7 at 2026-06-25T20:51:18.338732+07:00: Az=9.45, El=3.76
2026-06-25T16:22:48.035675+07:00: SPOT 7 at 2026-06-25T20:51:19.338732+07:00: Az=9.38, El=3.69
2026-06-25T16:22:48.037516+07:00: SPOT 7 at 2026-06-25T20:51:20.338732+07:00: Az=9.30, El=3.63
2026-06-25T16:22:48.039095+07:00: SPOT 7 at 2026-06-25T20:51:21.338732+07:00: Az=9.23, El=3.56
2026-06-25T16:22:48.040671+07:00: SPOT 7 at 2026-06-25T20:51:22.338732+07:00: Az=9.16, El=3.50
2026-06-25T16:22:48.042283+07:00: SPOT 7 at 2026-06-25T20:51:23.338732+07:00: Az=9.09, El=3.44
2026-06-25T16:22:48.043798+07:00: SPOT 7 at 2026-06-25T20:51:24.338732+07:00: Az=9.02, El=3.37
2026-06-25T16:22:48.045084+07:00: SPOT 7 at 2026-06-25T20:51:25.338732+07:00: Az=8.95, El=3.31
2026-06-25T16:22:48.046136+07:00: SPOT 7 at 2026-06-25T20:51:26.338732+07:00: Az=8.89, El=3.25
2026-06-25T16:22:48.047481+07:00: SPOT 7 at 2026-06-25T20:51:27.338732+07:00: Az=8.82, El=3.19
2026-06-25T16:22:48.049720+07:00: SPOT 7 at 2026-06-25T20:51:28.338732+07:00: Az=8.75, El=3.12
2026-06-25T16:22:48.051284+07:00: SPOT 7 at 2026-06-25T20:51:29.338732+07:00: Az=8.68, El=3.06
2026-06-25T16:22:48.052943+07:00: SPOT 7 at 2026-06-25T20:51:30.338732+07:00: Az=8.61, El=3.00
2026-06-25T16:22:48.055645+07:00: SPOT 7 at 2026-06-25T20:51:31.338732+07:00: Az=8.55, El=2.93
2026-06-25T16:22:48.058136+07:00: SPOT 7 at 2026-06-25T20:51:32.338732+07:00: Az=8.48, El=2.87
2026-06-25T16:22:48.060487+07:00: SPOT 7 at 2026-06-25T20:51:33.338732+07:00: Az=8.41, El=2.81
2026-06-25T16:22:48.062605+07:00: SPOT 7 at 2026-06-25T20:51:34.338732+07:00: Az=8.35, El=2.75
2026-06-25T16:22:48.064060+07:00: SPOT 7 at 2026-06-25T20:51:35.338732+07:00: Az=8.28, El=2.69
2026-06-25T16:22:48.065609+07:00: SPOT 7 at 2026-06-25T20:51:36.338732+07:00: Az=8.22, El=2.62
2026-06-25T16:22:48.067016+07:00: SPOT 7 at 2026-06-25T20:51:37.338732+07:00: Az=8.15, El=2.56
2026-06-25T16:22:48.068410+07:00: SPOT 7 at 2026-06-25T20:51:38.338732+07:00: Az=8.09, El=2.50
2026-06-25T16:22:48.070025+07:00: SPOT 7 at 2026-06-25T20:51:39.338732+07:00: Az=8.02, El=2.44
2026-06-25T16:22:48.071503+07:00: SPOT 7 at 2026-06-25T20:51:40.338732+07:00: Az=7.96, El=2.38
2026-06-25T16:22:48.073027+07:00: SPOT 7 at 2026-06-25T20:51:41.338732+07:00: Az=7.89, El=2.32
2026-06-25T16:22:48.074492+07:00: SPOT 7 at 2026-06-25T20:51:42.338732+07:00: Az=7.83, El=2.26
2026-06-25T16:22:48.076416+07:00: SPOT 7 at 2026-06-25T20:51:43.338732+07:00: Az=7.76, El=2.20
2026-06-25T16:22:48.077874+07:00: SPOT 7 at 2026-06-25T20:51:44.338732+07:00: Az=7.70, El=2.13
2026-06-25T16:22:48.079822+07:00: SPOT 7 at 2026-06-25T20:51:45.338732+07:00: Az=7.64, El=2.07
2026-06-25T16:22:48.081570+07:00: SPOT 7 at 2026-06-25T20:51:46.338732+07:00: Az=7.58, El=2.01
2026-06-25T16:22:48.083191+07:00: SPOT 7 at 2026-06-25T20:51:47.338732+07:00: Az=7.51, El=1.95
2026-06-25T16:22:48.085329+07:00: SPOT 7 at 2026-06-25T20:51:48.338732+07:00: Az=7.45, El=1.89
2026-06-25T16:22:48.087894+07:00: SPOT 7 at 2026-06-25T20:51:49.338732+07:00: Az=7.39, El=1.83
2026-06-25T16:22:48.089801+07:00: SPOT 7 at 2026-06-25T20:51:50.338732+07:00: Az=7.33, El=1.77
2026-06-25T16:22:48.092027+07:00: SPOT 7 at 2026-06-25T20:51:51.338732+07:00: Az=7.27, El=1.71
2026-06-25T16:22:48.093987+07:00: SPOT 7 at 2026-06-25T20:51:52.338732+07:00: Az=7.21, El=1.65
2026-06-25T16:22:48.096081+07:00: SPOT 7 at 2026-06-25T20:51:53.338732+07:00: Az=7.15, El=1.59
2026-06-25T16:22:48.097524+07:00: SPOT 7 at 2026-06-25T20:51:54.338732+07:00: Az=7.09, El=1.53
2026-06-25T16:22:48.099121+07:00: SPOT 7 at 2026-06-25T20:51:55.338732+07:00: Az=7.03, El=1.47
2026-06-25T16:22:48.100946+07:00: SPOT 7 at 2026-06-25T20:51:56.338732+07:00: Az=6.97, El=1.41
2026-06-25T16:22:48.102413+07:00: SPOT 7 at 2026-06-25T20:51:57.338732+07:00: Az=6.91, El=1.35
2026-06-25T16:22:48.104057+07:00: SPOT 7 at 2026-06-25T20:51:58.338732+07:00: Az=6.85, El=1.29
2026-06-25T16:22:48.106033+07:00: SPOT 7 at 2026-06-25T20:51:59.338732+07:00: Az=6.79, El=1.24
2026-06-25T16:22:48.107783+07:00: SPOT 7 at 2026-06-25T20:52:00.338732+07:00: Az=6.73, El=1.18
2026-06-25T16:22:48.109260+07:00: SPOT 7 at 2026-06-25T20:52:01.338732+07:00: Az=6.67, El=1.12
2026-06-25T16:22:48.110652+07:00: SPOT 7 at 2026-06-25T20:52:02.338732+07:00: Az=6.61, El=1.06
2026-06-25T16:22:48.112120+07:00: SPOT 7 at 2026-06-25T20:52:03.338732+07:00: Az=6.56, El=1.00
2026-06-25T16:22:48.114034+07:00: SPOT 7 at 2026-06-25T20:52:04.338732+07:00: Az=6.50, El=0.94
2026-06-25T16:22:48.115810+07:00: SPOT 7 at 2026-06-25T20:52:05.338732+07:00: Az=6.44, El=0.88
2026-06-25T16:22:48.118015+07:00: SPOT 7 at 2026-06-25T20:52:06.338732+07:00: Az=6.38, El=0.82
2026-06-25T16:22:48.119256+07:00: SPOT 7 at 2026-06-25T20:52:07.338732+07:00: Az=6.33, El=0.77
2026-06-25T16:22:48.121844+07:00: SPOT 7 at 2026-06-25T20:52:08.338732+07:00: Az=6.27, El=0.71
2026-06-25T16:22:48.123402+07:00: SPOT 7 at 2026-06-25T20:52:09.338732+07:00: Az=6.22, El=0.65
2026-06-25T16:22:48.124516+07:00: SPOT 7 at 2026-06-25T20:52:10.338732+07:00: Az=6.16, El=0.59
2026-06-25T16:22:48.125791+07:00: SPOT 7 at 2026-06-25T20:52:11.338732+07:00: Az=6.10, El=0.53
2026-06-25T16:22:48.127070+07:00: SPOT 7 at 2026-06-25T20:52:12.338732+07:00: Az=6.05, El=0.48
2026-06-25T16:22:48.128414+07:00: SPOT 7 at 2026-06-25T20:52:13.338732+07:00: Az=5.99, El=0.42
2026-06-25T16:22:48.129744+07:00: SPOT 7 at 2026-06-25T20:52:14.338732+07:00: Az=5.94, El=0.36
2026-06-25T16:22:48.131062+07:00: SPOT 7 at 2026-06-25T20:52:15.338732+07:00: Az=5.88, El=0.30
2026-06-25T16:22:48.132827+07:00: SPOT 7 at 2026-06-25T20:52:16.338732+07:00: Az=5.83, El=0.25
2026-06-25T16:22:48.134393+07:00: SPOT 7 at 2026-06-25T20:52:17.338732+07:00: Az=5.77, El=0.19
2026-06-25T16:22:48.135531+07:00: SPOT 7 at 2026-06-25T20:52:18.338732+07:00: Az=5.72, El=0.13
2026-06-25T16:22:48.136981+07:00: SPOT 7 at 2026-06-25T20:52:19.338732+07:00: Az=5.67, El=0.07
2026-06-25T16:22:48.138973+07:00: SPOT 7 at 2026-06-25T20:52:20.338732+07:00: Az=5.61, El=0.02
2026-06-25T16:22:48.139254+07:00: Calculated 769 points for SPOT 7 (Az: 5.61-142.28, El: 0.00-26.30)
2026-06-25T16:22:48.139598+07:00: Finished calculating satellite data (Visible: 27, Info: 3)
2026-06-25T16:22:48.139960+07:00: Saving JSON for VNREDSat-1: TrackTimestamps=442, AzimuthAngles=442, ElevationAngles=442
2026-06-25T16:22:48.139972+07:00: Sample AzimuthAngles=[np.float64(101.69209820558677), np.float64(101.56866245685363), np.float64(101.44493065675218), np.float64(101.32090263137843), np.float64(101.1965782177853)], ElevationAngles=[np.float64(0.00023626671573444993), np.float64(0.032538338756614986), np.float64(0.06477384167036934), np.float64(0.09694212666794769), np.float64(0.12904254105788895)]
2026-06-25T16:22:48.140845+07:00: Saving JSON for SPOT 6: TrackTimestamps=470, AzimuthAngles=470, ElevationAngles=470
2026-06-25T16:22:48.140864+07:00: Sample AzimuthAngles=[np.float64(103.2371413325861), np.float64(103.11804697543936), np.float64(102.99865957466307), np.float64(102.87897883544889), np.float64(102.75900446567209)], ElevationAngles=[np.float64(0.00046803342901756325), np.float64(0.03412633305864835), np.float64(0.0677269628441632), np.float64(0.10126931290750675), np.float64(0.13475277089604362)]
2026-06-25T16:22:48.141697+07:00: Saving JSON for SPOT 7: TrackTimestamps=769, AzimuthAngles=769, ElevationAngles=769
2026-06-25T16:22:48.141715+07:00: Sample AzimuthAngles=[np.float64(142.2806626851508), np.float64(142.2250179305987), np.float64(142.16914122995536), np.float64(142.1130310867576), np.float64(142.05668599764164)], ElevationAngles=[np.float64(0.002996881950124272), np.float64(0.05992299301159717), np.float64(0.11694673791163933), np.float64(0.1740685805082021), np.float64(0.23128898250552848)]
2026-06-25T16:22:48.162429+07:00: JSON files saved successfully
2026-06-25T16:22:48.162826+07:00: Main completed successfully
