2026-06-18T12:18:43.849927+07:00: Starting main
2026-06-18T12:18:43.853398+07:00: Started calculating satellite data
2026-06-18T12:18:43.855504+07:00: Loaded 3 satellites from SatTLE.txt
2026-06-18T12:18:43.861416+07:00: Pass for VNREDSat-1 at 2026-06-18T20:12:55.343291+07:00, mid elevation: 23.74
2026-06-18T12:18:43.862130+07:00: Pass for VNREDSat-1 at 2026-06-18T21:49:50.673526+07:00, mid elevation: 19.58
2026-06-18T12:18:43.862899+07:00: Pass for VNREDSat-1 at 2026-06-19T08:18:07.230837+07:00, mid elevation: 13.71
2026-06-18T12:18:43.863552+07:00: Pass for VNREDSat-1 at 2026-06-19T09:56:11.195140+07:00, mid elevation: 33.31
2026-06-18T12:18:43.864152+07:00: Pass for VNREDSat-1 at 2026-06-19T19:06:36.823370+07:00, mid elevation: 1.02
2026-06-18T12:18:43.864902+07:00: Pass for VNREDSat-1 at 2026-06-19T20:47:51.512649+07:00, mid elevation: 65.19
2026-06-18T12:18:43.865500+07:00: Pass for VNREDSat-1 at 2026-06-19T22:22:41.312284+07:00, mid elevation: 5.78
2026-06-18T12:18:43.866081+07:00: Pass for VNREDSat-1 at 2026-06-20T08:53:43.383885+07:00, mid elevation: 37.02
2026-06-18T12:18:43.866656+07:00: Pass for VNREDSat-1 at 2026-06-20T10:29:23.821749+07:00, mid elevation: 12.71
2026-06-18T12:18:43.866831+07:00: Found 9 valid passes for VNREDSat-1
2026-06-18T12:18:43.868141+07:00: VNREDSat-1 at 2026-06-18T20:00:27.750524+07:00: Az=140.29, El=0.01
2026-06-18T12:18:43.869147+07:00: VNREDSat-1 at 2026-06-18T20:00:28.750524+07:00: Az=140.23, El=0.06
2026-06-18T12:18:43.870143+07:00: VNREDSat-1 at 2026-06-18T20:00:29.750524+07:00: Az=140.17, El=0.12
2026-06-18T12:18:43.871121+07:00: VNREDSat-1 at 2026-06-18T20:00:30.750524+07:00: Az=140.11, El=0.18
2026-06-18T12:18:43.872101+07:00: VNREDSat-1 at 2026-06-18T20:00:31.750524+07:00: Az=140.05, El=0.23
2026-06-18T12:18:43.873053+07:00: VNREDSat-1 at 2026-06-18T20:00:32.750524+07:00: Az=139.99, El=0.29
2026-06-18T12:18:43.874020+07:00: VNREDSat-1 at 2026-06-18T20:00:33.750524+07:00: Az=139.92, El=0.35
2026-06-18T12:18:43.874973+07:00: VNREDSat-1 at 2026-06-18T20:00:34.750524+07:00: Az=139.86, El=0.40
2026-06-18T12:18:43.875947+07:00: VNREDSat-1 at 2026-06-18T20:00:35.750524+07:00: Az=139.80, El=0.46
2026-06-18T12:18:43.876903+07:00: VNREDSat-1 at 2026-06-18T20:00:36.750524+07:00: Az=139.73, El=0.52
2026-06-18T12:18:43.877893+07:00: VNREDSat-1 at 2026-06-18T20:00:37.750524+07:00: Az=139.67, El=0.57
2026-06-18T12:18:43.878875+07:00: VNREDSat-1 at 2026-06-18T20:00:38.750524+07:00: Az=139.61, El=0.63
2026-06-18T12:18:43.879834+07:00: VNREDSat-1 at 2026-06-18T20:00:39.750524+07:00: Az=139.54, El=0.69
2026-06-18T12:18:43.880790+07:00: VNREDSat-1 at 2026-06-18T20:00:40.750524+07:00: Az=139.48, El=0.74
2026-06-18T12:18:43.881737+07:00: VNREDSat-1 at 2026-06-18T20:00:41.750524+07:00: Az=139.42, El=0.80
2026-06-18T12:18:43.882694+07:00: VNREDSat-1 at 2026-06-18T20:00:42.750524+07:00: Az=139.35, El=0.86
2026-06-18T12:18:43.883649+07:00: VNREDSat-1 at 2026-06-18T20:00:43.750524+07:00: Az=139.29, El=0.92
2026-06-18T12:18:43.884627+07:00: VNREDSat-1 at 2026-06-18T20:00:44.750524+07:00: Az=139.22, El=0.98
2026-06-18T12:18:43.885601+07:00: VNREDSat-1 at 2026-06-18T20:00:45.750524+07:00: Az=139.16, El=1.03
2026-06-18T12:18:43.886564+07:00: VNREDSat-1 at 2026-06-18T20:00:46.750524+07:00: Az=139.09, El=1.09
2026-06-18T12:18:43.887513+07:00: VNREDSat-1 at 2026-06-18T20:00:47.750524+07:00: Az=139.02, El=1.15
2026-06-18T12:18:43.888471+07:00: VNREDSat-1 at 2026-06-18T20:00:48.750524+07:00: Az=138.96, El=1.21
2026-06-18T12:18:43.889434+07:00: VNREDSat-1 at 2026-06-18T20:00:49.750524+07:00: Az=138.89, El=1.27
2026-06-18T12:18:43.890391+07:00: VNREDSat-1 at 2026-06-18T20:00:50.750524+07:00: Az=138.82, El=1.32
2026-06-18T12:18:43.891400+07:00: VNREDSat-1 at 2026-06-18T20:00:51.750524+07:00: Az=138.76, El=1.38
2026-06-18T12:18:43.892383+07:00: VNREDSat-1 at 2026-06-18T20:00:52.750524+07:00: Az=138.69, El=1.44
2026-06-18T12:18:43.893334+07:00: VNREDSat-1 at 2026-06-18T20:00:53.750524+07:00: Az=138.62, El=1.50
2026-06-18T12:18:43.894288+07:00: VNREDSat-1 at 2026-06-18T20:00:54.750524+07:00: Az=138.55, El=1.56
2026-06-18T12:18:43.895269+07:00: VNREDSat-1 at 2026-06-18T20:00:55.750524+07:00: Az=138.49, El=1.62
2026-06-18T12:18:43.896227+07:00: VNREDSat-1 at 2026-06-18T20:00:56.750524+07:00: Az=138.42, El=1.68
2026-06-18T12:18:43.897165+07:00: VNREDSat-1 at 2026-06-18T20:00:57.750524+07:00: Az=138.35, El=1.74
2026-06-18T12:18:43.898131+07:00: VNREDSat-1 at 2026-06-18T20:00:58.750524+07:00: Az=138.28, El=1.79
2026-06-18T12:18:43.899090+07:00: VNREDSat-1 at 2026-06-18T20:00:59.750524+07:00: Az=138.21, El=1.85
2026-06-18T12:18:43.900053+07:00: VNREDSat-1 at 2026-06-18T20:01:00.750524+07:00: Az=138.14, El=1.91
2026-06-18T12:18:43.901002+07:00: VNREDSat-1 at 2026-06-18T20:01:01.750524+07:00: Az=138.07, El=1.97
2026-06-18T12:18:43.901965+07:00: VNREDSat-1 at 2026-06-18T20:01:02.750524+07:00: Az=138.00, El=2.03
2026-06-18T12:18:43.902920+07:00: VNREDSat-1 at 2026-06-18T20:01:03.750524+07:00: Az=137.93, El=2.09
2026-06-18T12:18:43.903875+07:00: VNREDSat-1 at 2026-06-18T20:01:04.750524+07:00: Az=137.86, El=2.15
2026-06-18T12:18:43.904821+07:00: VNREDSat-1 at 2026-06-18T20:01:05.750524+07:00: Az=137.79, El=2.21
2026-06-18T12:18:43.905783+07:00: VNREDSat-1 at 2026-06-18T20:01:06.750524+07:00: Az=137.71, El=2.27
2026-06-18T12:18:43.906747+07:00: VNREDSat-1 at 2026-06-18T20:01:07.750524+07:00: Az=137.64, El=2.33
2026-06-18T12:18:43.907735+07:00: VNREDSat-1 at 2026-06-18T20:01:08.750524+07:00: Az=137.57, El=2.39
2026-06-18T12:18:43.908697+07:00: VNREDSat-1 at 2026-06-18T20:01:09.750524+07:00: Az=137.50, El=2.45
2026-06-18T12:18:43.909658+07:00: VNREDSat-1 at 2026-06-18T20:01:10.750524+07:00: Az=137.42, El=2.51
2026-06-18T12:18:43.910632+07:00: VNREDSat-1 at 2026-06-18T20:01:11.750524+07:00: Az=137.35, El=2.57
2026-06-18T12:18:43.911603+07:00: VNREDSat-1 at 2026-06-18T20:01:12.750524+07:00: Az=137.28, El=2.63
2026-06-18T12:18:43.912590+07:00: VNREDSat-1 at 2026-06-18T20:01:13.750524+07:00: Az=137.20, El=2.70
2026-06-18T12:18:43.913559+07:00: VNREDSat-1 at 2026-06-18T20:01:14.750524+07:00: Az=137.13, El=2.76
2026-06-18T12:18:43.914514+07:00: VNREDSat-1 at 2026-06-18T20:01:15.750524+07:00: Az=137.05, El=2.82
2026-06-18T12:18:43.915466+07:00: VNREDSat-1 at 2026-06-18T20:01:16.750524+07:00: Az=136.98, El=2.88
2026-06-18T12:18:43.916417+07:00: VNREDSat-1 at 2026-06-18T20:01:17.750524+07:00: Az=136.90, El=2.94
2026-06-18T12:18:43.917357+07:00: VNREDSat-1 at 2026-06-18T20:01:18.750524+07:00: Az=136.83, El=3.00
2026-06-18T12:18:43.918307+07:00: VNREDSat-1 at 2026-06-18T20:01:19.750524+07:00: Az=136.75, El=3.06
2026-06-18T12:18:43.919255+07:00: VNREDSat-1 at 2026-06-18T20:01:20.750524+07:00: Az=136.67, El=3.12
2026-06-18T12:18:43.920216+07:00: VNREDSat-1 at 2026-06-18T20:01:21.750524+07:00: Az=136.60, El=3.19
2026-06-18T12:18:43.921174+07:00: VNREDSat-1 at 2026-06-18T20:01:22.750524+07:00: Az=136.52, El=3.25
2026-06-18T12:18:43.922126+07:00: VNREDSat-1 at 2026-06-18T20:01:23.750524+07:00: Az=136.44, El=3.31
2026-06-18T12:18:43.923098+07:00: VNREDSat-1 at 2026-06-18T20:01:24.750524+07:00: Az=136.36, El=3.37
2026-06-18T12:18:43.924050+07:00: VNREDSat-1 at 2026-06-18T20:01:25.750524+07:00: Az=136.29, El=3.43
2026-06-18T12:18:43.925008+07:00: VNREDSat-1 at 2026-06-18T20:01:26.750524+07:00: Az=136.21, El=3.50
2026-06-18T12:18:43.925969+07:00: VNREDSat-1 at 2026-06-18T20:01:27.750524+07:00: Az=136.13, El=3.56
2026-06-18T12:18:43.926932+07:00: VNREDSat-1 at 2026-06-18T20:01:28.750524+07:00: Az=136.05, El=3.62
2026-06-18T12:18:43.927888+07:00: VNREDSat-1 at 2026-06-18T20:01:29.750524+07:00: Az=135.97, El=3.68
2026-06-18T12:18:43.928855+07:00: VNREDSat-1 at 2026-06-18T20:01:30.750524+07:00: Az=135.89, El=3.75
2026-06-18T12:18:43.929809+07:00: VNREDSat-1 at 2026-06-18T20:01:31.750524+07:00: Az=135.81, El=3.81
2026-06-18T12:18:43.930771+07:00: VNREDSat-1 at 2026-06-18T20:01:32.750524+07:00: Az=135.73, El=3.87
2026-06-18T12:18:43.931710+07:00: VNREDSat-1 at 2026-06-18T20:01:33.750524+07:00: Az=135.65, El=3.93
2026-06-18T12:18:43.932665+07:00: VNREDSat-1 at 2026-06-18T20:01:34.750524+07:00: Az=135.56, El=4.00
2026-06-18T12:18:43.933635+07:00: VNREDSat-1 at 2026-06-18T20:01:35.750524+07:00: Az=135.48, El=4.06
2026-06-18T12:18:43.934589+07:00: VNREDSat-1 at 2026-06-18T20:01:36.750524+07:00: Az=135.40, El=4.12
2026-06-18T12:18:43.935546+07:00: VNREDSat-1 at 2026-06-18T20:01:37.750524+07:00: Az=135.32, El=4.19
2026-06-18T12:18:43.936501+07:00: VNREDSat-1 at 2026-06-18T20:01:38.750524+07:00: Az=135.23, El=4.25
2026-06-18T12:18:43.937445+07:00: VNREDSat-1 at 2026-06-18T20:01:39.750524+07:00: Az=135.15, El=4.32
2026-06-18T12:18:43.938477+07:00: VNREDSat-1 at 2026-06-18T20:01:40.750524+07:00: Az=135.06, El=4.38
2026-06-18T12:18:43.939606+07:00: VNREDSat-1 at 2026-06-18T20:01:41.750524+07:00: Az=134.98, El=4.44
2026-06-18T12:18:43.940591+07:00: VNREDSat-1 at 2026-06-18T20:01:42.750524+07:00: Az=134.90, El=4.51
2026-06-18T12:18:43.941559+07:00: VNREDSat-1 at 2026-06-18T20:01:43.750524+07:00: Az=134.81, El=4.57
2026-06-18T12:18:43.942534+07:00: VNREDSat-1 at 2026-06-18T20:01:44.750524+07:00: Az=134.72, El=4.64
2026-06-18T12:18:43.943494+07:00: VNREDSat-1 at 2026-06-18T20:01:45.750524+07:00: Az=134.64, El=4.70
2026-06-18T12:18:43.944452+07:00: VNREDSat-1 at 2026-06-18T20:01:46.750524+07:00: Az=134.55, El=4.77
2026-06-18T12:18:43.945407+07:00: VNREDSat-1 at 2026-06-18T20:01:47.750524+07:00: Az=134.46, El=4.83
2026-06-18T12:18:43.946361+07:00: VNREDSat-1 at 2026-06-18T20:01:48.750524+07:00: Az=134.38, El=4.90
2026-06-18T12:18:43.947310+07:00: VNREDSat-1 at 2026-06-18T20:01:49.750524+07:00: Az=134.29, El=4.96
2026-06-18T12:18:43.948254+07:00: VNREDSat-1 at 2026-06-18T20:01:50.750524+07:00: Az=134.20, El=5.03
2026-06-18T12:18:43.949207+07:00: VNREDSat-1 at 2026-06-18T20:01:51.750524+07:00: Az=134.11, El=5.09
2026-06-18T12:18:43.950222+07:00: VNREDSat-1 at 2026-06-18T20:01:52.750524+07:00: Az=134.02, El=5.16
2026-06-18T12:18:43.951204+07:00: VNREDSat-1 at 2026-06-18T20:01:53.750524+07:00: Az=133.93, El=5.22
2026-06-18T12:18:43.952567+07:00: VNREDSat-1 at 2026-06-18T20:01:54.750524+07:00: Az=133.84, El=5.29
2026-06-18T12:18:43.953519+07:00: VNREDSat-1 at 2026-06-18T20:01:55.750524+07:00: Az=133.75, El=5.35
2026-06-18T12:18:43.954474+07:00: VNREDSat-1 at 2026-06-18T20:01:56.750524+07:00: Az=133.66, El=5.42
2026-06-18T12:18:43.955425+07:00: VNREDSat-1 at 2026-06-18T20:01:57.750524+07:00: Az=133.57, El=5.49
2026-06-18T12:18:43.956434+07:00: VNREDSat-1 at 2026-06-18T20:01:58.750524+07:00: Az=133.48, El=5.55
2026-06-18T12:18:43.957611+07:00: VNREDSat-1 at 2026-06-18T20:01:59.750524+07:00: Az=133.39, El=5.62
2026-06-18T12:18:43.958581+07:00: VNREDSat-1 at 2026-06-18T20:02:00.750524+07:00: Az=133.29, El=5.69
2026-06-18T12:18:43.959538+07:00: VNREDSat-1 at 2026-06-18T20:02:01.750524+07:00: Az=133.20, El=5.75
2026-06-18T12:18:43.960466+07:00: VNREDSat-1 at 2026-06-18T20:02:02.750524+07:00: Az=133.11, El=5.82
2026-06-18T12:18:43.961416+07:00: VNREDSat-1 at 2026-06-18T20:02:03.750524+07:00: Az=133.01, El=5.89
2026-06-18T12:18:43.962365+07:00: VNREDSat-1 at 2026-06-18T20:02:04.750524+07:00: Az=132.92, El=5.95
2026-06-18T12:18:43.963313+07:00: VNREDSat-1 at 2026-06-18T20:02:05.750524+07:00: Az=132.82, El=6.02
2026-06-18T12:18:43.964246+07:00: VNREDSat-1 at 2026-06-18T20:02:06.750524+07:00: Az=132.73, El=6.09
2026-06-18T12:18:43.965194+07:00: VNREDSat-1 at 2026-06-18T20:02:07.750524+07:00: Az=132.63, El=6.15
2026-06-18T12:18:43.966151+07:00: VNREDSat-1 at 2026-06-18T20:02:08.750524+07:00: Az=132.53, El=6.22
2026-06-18T12:18:43.967120+07:00: VNREDSat-1 at 2026-06-18T20:02:09.750524+07:00: Az=132.44, El=6.29
2026-06-18T12:18:43.968070+07:00: VNREDSat-1 at 2026-06-18T20:02:10.750524+07:00: Az=132.34, El=6.36
2026-06-18T12:18:43.969330+07:00: VNREDSat-1 at 2026-06-18T20:02:11.750524+07:00: Az=132.24, El=6.42
2026-06-18T12:18:43.970351+07:00: VNREDSat-1 at 2026-06-18T20:02:12.750524+07:00: Az=132.14, El=6.49
2026-06-18T12:18:43.971320+07:00: VNREDSat-1 at 2026-06-18T20:02:13.750524+07:00: Az=132.04, El=6.56
2026-06-18T12:18:43.972282+07:00: VNREDSat-1 at 2026-06-18T20:02:14.750524+07:00: Az=131.94, El=6.63
2026-06-18T12:18:43.973270+07:00: VNREDSat-1 at 2026-06-18T20:02:15.750524+07:00: Az=131.84, El=6.70
2026-06-18T12:18:43.974234+07:00: VNREDSat-1 at 2026-06-18T20:02:16.750524+07:00: Az=131.74, El=6.77
2026-06-18T12:18:43.975200+07:00: VNREDSat-1 at 2026-06-18T20:02:17.750524+07:00: Az=131.64, El=6.83
2026-06-18T12:18:43.976165+07:00: VNREDSat-1 at 2026-06-18T20:02:18.750524+07:00: Az=131.54, El=6.90
2026-06-18T12:18:43.977119+07:00: VNREDSat-1 at 2026-06-18T20:02:19.750524+07:00: Az=131.44, El=6.97
2026-06-18T12:18:43.978064+07:00: VNREDSat-1 at 2026-06-18T20:02:20.750524+07:00: Az=131.33, El=7.04
2026-06-18T12:18:43.979025+07:00: VNREDSat-1 at 2026-06-18T20:02:21.750524+07:00: Az=131.23, El=7.11
2026-06-18T12:18:43.979968+07:00: VNREDSat-1 at 2026-06-18T20:02:22.750524+07:00: Az=131.13, El=7.18
2026-06-18T12:18:43.980922+07:00: VNREDSat-1 at 2026-06-18T20:02:23.750524+07:00: Az=131.02, El=7.25
2026-06-18T12:18:43.981879+07:00: VNREDSat-1 at 2026-06-18T20:02:24.750524+07:00: Az=130.92, El=7.32
2026-06-18T12:18:43.982848+07:00: VNREDSat-1 at 2026-06-18T20:02:25.750524+07:00: Az=130.81, El=7.39
2026-06-18T12:18:43.983809+07:00: VNREDSat-1 at 2026-06-18T20:02:26.750524+07:00: Az=130.70, El=7.46
2026-06-18T12:18:43.984774+07:00: VNREDSat-1 at 2026-06-18T20:02:27.750524+07:00: Az=130.60, El=7.53
2026-06-18T12:18:43.985899+07:00: VNREDSat-1 at 2026-06-18T20:02:28.750524+07:00: Az=130.49, El=7.60
2026-06-18T12:18:43.987032+07:00: VNREDSat-1 at 2026-06-18T20:02:29.750524+07:00: Az=130.38, El=7.67
2026-06-18T12:18:43.988004+07:00: VNREDSat-1 at 2026-06-18T20:02:30.750524+07:00: Az=130.27, El=7.74
2026-06-18T12:18:43.988987+07:00: VNREDSat-1 at 2026-06-18T20:02:31.750524+07:00: Az=130.16, El=7.81
2026-06-18T12:18:43.989957+07:00: VNREDSat-1 at 2026-06-18T20:02:32.750524+07:00: Az=130.05, El=7.88
2026-06-18T12:18:43.990918+07:00: VNREDSat-1 at 2026-06-18T20:02:33.750524+07:00: Az=129.94, El=7.95
2026-06-18T12:18:43.991872+07:00: VNREDSat-1 at 2026-06-18T20:02:34.750524+07:00: Az=129.83, El=8.02
2026-06-18T12:18:43.992840+07:00: VNREDSat-1 at 2026-06-18T20:02:35.750524+07:00: Az=129.72, El=8.09
2026-06-18T12:18:43.993795+07:00: VNREDSat-1 at 2026-06-18T20:02:36.750524+07:00: Az=129.61, El=8.17
2026-06-18T12:18:43.994753+07:00: VNREDSat-1 at 2026-06-18T20:02:37.750524+07:00: Az=129.50, El=8.24
2026-06-18T12:18:43.995701+07:00: VNREDSat-1 at 2026-06-18T20:02:38.750524+07:00: Az=129.38, El=8.31
2026-06-18T12:18:43.996669+07:00: VNREDSat-1 at 2026-06-18T20:02:39.750524+07:00: Az=129.27, El=8.38
2026-06-18T12:18:43.997651+07:00: VNREDSat-1 at 2026-06-18T20:02:40.750524+07:00: Az=129.16, El=8.45
2026-06-18T12:18:43.998604+07:00: VNREDSat-1 at 2026-06-18T20:02:41.750524+07:00: Az=129.04, El=8.52
2026-06-18T12:18:43.999551+07:00: VNREDSat-1 at 2026-06-18T20:02:42.750524+07:00: Az=128.93, El=8.60
2026-06-18T12:18:44.000507+07:00: VNREDSat-1 at 2026-06-18T20:02:43.750524+07:00: Az=128.81, El=8.67
2026-06-18T12:18:44.001469+07:00: VNREDSat-1 at 2026-06-18T20:02:44.750524+07:00: Az=128.69, El=8.74
2026-06-18T12:18:44.002431+07:00: VNREDSat-1 at 2026-06-18T20:02:45.750524+07:00: Az=128.58, El=8.81
2026-06-18T12:18:44.003397+07:00: VNREDSat-1 at 2026-06-18T20:02:46.750524+07:00: Az=128.46, El=8.89
2026-06-18T12:18:44.004359+07:00: VNREDSat-1 at 2026-06-18T20:02:47.750524+07:00: Az=128.34, El=8.96
2026-06-18T12:18:44.005618+07:00: VNREDSat-1 at 2026-06-18T20:02:48.750524+07:00: Az=128.22, El=9.03
2026-06-18T12:18:44.006606+07:00: VNREDSat-1 at 2026-06-18T20:02:49.750524+07:00: Az=128.10, El=9.10
2026-06-18T12:18:44.007560+07:00: VNREDSat-1 at 2026-06-18T20:02:50.750524+07:00: Az=127.98, El=9.18
2026-06-18T12:18:44.008523+07:00: VNREDSat-1 at 2026-06-18T20:02:51.750524+07:00: Az=127.86, El=9.25
2026-06-18T12:18:44.009476+07:00: VNREDSat-1 at 2026-06-18T20:02:52.750524+07:00: Az=127.73, El=9.32
2026-06-18T12:18:44.010437+07:00: VNREDSat-1 at 2026-06-18T20:02:53.750524+07:00: Az=127.61, El=9.40
2026-06-18T12:18:44.011421+07:00: VNREDSat-1 at 2026-06-18T20:02:54.750524+07:00: Az=127.49, El=9.47
2026-06-18T12:18:44.012403+07:00: VNREDSat-1 at 2026-06-18T20:02:55.750524+07:00: Az=127.36, El=9.54
2026-06-18T12:18:44.013400+07:00: VNREDSat-1 at 2026-06-18T20:02:56.750524+07:00: Az=127.24, El=9.62
2026-06-18T12:18:44.014358+07:00: VNREDSat-1 at 2026-06-18T20:02:57.750524+07:00: Az=127.11, El=9.69
2026-06-18T12:18:44.015318+07:00: VNREDSat-1 at 2026-06-18T20:02:58.750524+07:00: Az=126.99, El=9.77
2026-06-18T12:18:44.016271+07:00: VNREDSat-1 at 2026-06-18T20:02:59.750524+07:00: Az=126.86, El=9.84
2026-06-18T12:18:44.017225+07:00: VNREDSat-1 at 2026-06-18T20:03:00.750524+07:00: Az=126.73, El=9.92
2026-06-18T12:18:44.018234+07:00: VNREDSat-1 at 2026-06-18T20:03:01.750524+07:00: Az=126.60, El=9.99
2026-06-18T12:18:44.019235+07:00: VNREDSat-1 at 2026-06-18T20:03:02.750524+07:00: Az=126.47, El=10.07
2026-06-18T12:18:44.020209+07:00: VNREDSat-1 at 2026-06-18T20:03:03.750524+07:00: Az=126.34, El=10.14
2026-06-18T12:18:44.021162+07:00: VNREDSat-1 at 2026-06-18T20:03:04.750524+07:00: Az=126.21, El=10.22
2026-06-18T12:18:44.022120+07:00: VNREDSat-1 at 2026-06-18T20:03:05.750524+07:00: Az=126.08, El=10.29
2026-06-18T12:18:44.023067+07:00: VNREDSat-1 at 2026-06-18T20:03:06.750524+07:00: Az=125.95, El=10.37
2026-06-18T12:18:44.024020+07:00: VNREDSat-1 at 2026-06-18T20:03:07.750524+07:00: Az=125.82, El=10.44
2026-06-18T12:18:44.024973+07:00: VNREDSat-1 at 2026-06-18T20:03:08.750524+07:00: Az=125.68, El=10.52
2026-06-18T12:18:44.025971+07:00: VNREDSat-1 at 2026-06-18T20:03:09.750524+07:00: Az=125.55, El=10.59
2026-06-18T12:18:44.026934+07:00: VNREDSat-1 at 2026-06-18T20:03:10.750524+07:00: Az=125.42, El=10.67
2026-06-18T12:18:44.027902+07:00: VNREDSat-1 at 2026-06-18T20:03:11.750524+07:00: Az=125.28, El=10.74
2026-06-18T12:18:44.028850+07:00: VNREDSat-1 at 2026-06-18T20:03:12.750524+07:00: Az=125.14, El=10.82
2026-06-18T12:18:44.029797+07:00: VNREDSat-1 at 2026-06-18T20:03:13.750524+07:00: Az=125.01, El=10.90
2026-06-18T12:18:44.030756+07:00: VNREDSat-1 at 2026-06-18T20:03:14.750524+07:00: Az=124.87, El=10.97
2026-06-18T12:18:44.031709+07:00: VNREDSat-1 at 2026-06-18T20:03:15.750524+07:00: Az=124.73, El=11.05
2026-06-18T12:18:44.032655+07:00: VNREDSat-1 at 2026-06-18T20:03:16.750524+07:00: Az=124.59, El=11.12
2026-06-18T12:18:44.033661+07:00: VNREDSat-1 at 2026-06-18T20:03:17.750524+07:00: Az=124.45, El=11.20
2026-06-18T12:18:44.034660+07:00: VNREDSat-1 at 2026-06-18T20:03:18.750524+07:00: Az=124.31, El=11.28
2026-06-18T12:18:44.035637+07:00: VNREDSat-1 at 2026-06-18T20:03:19.750524+07:00: Az=124.16, El=11.35
2026-06-18T12:18:44.036605+07:00: VNREDSat-1 at 2026-06-18T20:03:20.750524+07:00: Az=124.02, El=11.43
2026-06-18T12:18:44.037558+07:00: VNREDSat-1 at 2026-06-18T20:03:21.750524+07:00: Az=123.88, El=11.51
2026-06-18T12:18:44.038512+07:00: VNREDSat-1 at 2026-06-18T20:03:22.750524+07:00: Az=123.73, El=11.59
2026-06-18T12:18:44.039468+07:00: VNREDSat-1 at 2026-06-18T20:03:23.750524+07:00: Az=123.59, El=11.66
2026-06-18T12:18:44.040425+07:00: VNREDSat-1 at 2026-06-18T20:03:24.750524+07:00: Az=123.44, El=11.74
2026-06-18T12:18:44.041401+07:00: VNREDSat-1 at 2026-06-18T20:03:25.750524+07:00: Az=123.29, El=11.82
2026-06-18T12:18:44.042385+07:00: VNREDSat-1 at 2026-06-18T20:03:26.750524+07:00: Az=123.15, El=11.90
2026-06-18T12:18:44.043352+07:00: VNREDSat-1 at 2026-06-18T20:03:27.750524+07:00: Az=123.00, El=11.97
2026-06-18T12:18:44.044301+07:00: VNREDSat-1 at 2026-06-18T20:03:28.750524+07:00: Az=122.85, El=12.05
2026-06-18T12:18:44.045247+07:00: VNREDSat-1 at 2026-06-18T20:03:29.750524+07:00: Az=122.70, El=12.13
2026-06-18T12:18:44.046195+07:00: VNREDSat-1 at 2026-06-18T20:03:30.750524+07:00: Az=122.55, El=12.21
2026-06-18T12:18:44.047140+07:00: VNREDSat-1 at 2026-06-18T20:03:31.750524+07:00: Az=122.39, El=12.29
2026-06-18T12:18:44.048370+07:00: VNREDSat-1 at 2026-06-18T20:03:32.750524+07:00: Az=122.24, El=12.36
2026-06-18T12:18:44.049377+07:00: VNREDSat-1 at 2026-06-18T20:03:33.750524+07:00: Az=122.09, El=12.44
2026-06-18T12:18:44.050394+07:00: VNREDSat-1 at 2026-06-18T20:03:34.750524+07:00: Az=121.93, El=12.52
2026-06-18T12:18:44.051402+07:00: VNREDSat-1 at 2026-06-18T20:03:35.750524+07:00: Az=121.78, El=12.60
2026-06-18T12:18:44.052380+07:00: VNREDSat-1 at 2026-06-18T20:03:36.750524+07:00: Az=121.62, El=12.68
2026-06-18T12:18:44.053342+07:00: VNREDSat-1 at 2026-06-18T20:03:37.750524+07:00: Az=121.46, El=12.76
2026-06-18T12:18:44.054315+07:00: VNREDSat-1 at 2026-06-18T20:03:38.750524+07:00: Az=121.30, El=12.84
2026-06-18T12:18:44.055276+07:00: VNREDSat-1 at 2026-06-18T20:03:39.750524+07:00: Az=121.14, El=12.91
2026-06-18T12:18:44.056260+07:00: VNREDSat-1 at 2026-06-18T20:03:40.750524+07:00: Az=120.98, El=12.99
2026-06-18T12:18:44.057239+07:00: VNREDSat-1 at 2026-06-18T20:03:41.750524+07:00: Az=120.82, El=13.07
2026-06-18T12:18:44.058202+07:00: VNREDSat-1 at 2026-06-18T20:03:42.750524+07:00: Az=120.66, El=13.15
2026-06-18T12:18:44.059158+07:00: VNREDSat-1 at 2026-06-18T20:03:43.750524+07:00: Az=120.50, El=13.23
2026-06-18T12:18:44.060125+07:00: VNREDSat-1 at 2026-06-18T20:03:44.750524+07:00: Az=120.33, El=13.31
2026-06-18T12:18:44.061080+07:00: VNREDSat-1 at 2026-06-18T20:03:45.750524+07:00: Az=120.17, El=13.39
2026-06-18T12:18:44.062038+07:00: VNREDSat-1 at 2026-06-18T20:03:46.750524+07:00: Az=120.00, El=13.47
2026-06-18T12:18:44.063026+07:00: VNREDSat-1 at 2026-06-18T20:03:47.750524+07:00: Az=119.83, El=13.55
2026-06-18T12:18:44.064194+07:00: VNREDSat-1 at 2026-06-18T20:03:48.750524+07:00: Az=119.67, El=13.63
2026-06-18T12:18:44.065263+07:00: VNREDSat-1 at 2026-06-18T20:03:49.750524+07:00: Az=119.50, El=13.71
2026-06-18T12:18:44.066279+07:00: VNREDSat-1 at 2026-06-18T20:03:50.750524+07:00: Az=119.33, El=13.79
2026-06-18T12:18:44.067239+07:00: VNREDSat-1 at 2026-06-18T20:03:51.750524+07:00: Az=119.16, El=13.87
2026-06-18T12:18:44.068209+07:00: VNREDSat-1 at 2026-06-18T20:03:52.750524+07:00: Az=118.99, El=13.95
2026-06-18T12:18:44.069160+07:00: VNREDSat-1 at 2026-06-18T20:03:53.750524+07:00: Az=118.81, El=14.03
2026-06-18T12:18:44.070113+07:00: VNREDSat-1 at 2026-06-18T20:03:54.750524+07:00: Az=118.64, El=14.11
2026-06-18T12:18:44.071081+07:00: VNREDSat-1 at 2026-06-18T20:03:55.750524+07:00: Az=118.46, El=14.19
2026-06-18T12:18:44.072084+07:00: VNREDSat-1 at 2026-06-18T20:03:56.750524+07:00: Az=118.29, El=14.27
2026-06-18T12:18:44.073115+07:00: VNREDSat-1 at 2026-06-18T20:03:57.750524+07:00: Az=118.11, El=14.35
2026-06-18T12:18:44.074131+07:00: VNREDSat-1 at 2026-06-18T20:03:58.750524+07:00: Az=117.93, El=14.43
2026-06-18T12:18:44.075098+07:00: VNREDSat-1 at 2026-06-18T20:03:59.750524+07:00: Az=117.75, El=14.51
2026-06-18T12:18:44.076063+07:00: VNREDSat-1 at 2026-06-18T20:04:00.750524+07:00: Az=117.57, El=14.59
2026-06-18T12:18:44.077023+07:00: VNREDSat-1 at 2026-06-18T20:04:01.750524+07:00: Az=117.39, El=14.67
2026-06-18T12:18:44.077997+07:00: VNREDSat-1 at 2026-06-18T20:04:02.750524+07:00: Az=117.21, El=14.75
2026-06-18T12:18:44.078986+07:00: VNREDSat-1 at 2026-06-18T20:04:03.750524+07:00: Az=117.03, El=14.83
2026-06-18T12:18:44.079966+07:00: VNREDSat-1 at 2026-06-18T20:04:04.750524+07:00: Az=116.84, El=14.91
2026-06-18T12:18:44.080949+07:00: VNREDSat-1 at 2026-06-18T20:04:05.750524+07:00: Az=116.66, El=14.99
2026-06-18T12:18:44.081990+07:00: VNREDSat-1 at 2026-06-18T20:04:06.750524+07:00: Az=116.47, El=15.07
2026-06-18T12:18:44.082955+07:00: VNREDSat-1 at 2026-06-18T20:04:07.750524+07:00: Az=116.28, El=15.15
2026-06-18T12:18:44.083925+07:00: VNREDSat-1 at 2026-06-18T20:04:08.750524+07:00: Az=116.09, El=15.23
2026-06-18T12:18:44.084874+07:00: VNREDSat-1 at 2026-06-18T20:04:09.750524+07:00: Az=115.90, El=15.31
2026-06-18T12:18:44.085851+07:00: VNREDSat-1 at 2026-06-18T20:04:10.750524+07:00: Az=115.71, El=15.39
2026-06-18T12:18:44.086815+07:00: VNREDSat-1 at 2026-06-18T20:04:11.750524+07:00: Az=115.52, El=15.47
2026-06-18T12:18:44.087800+07:00: VNREDSat-1 at 2026-06-18T20:04:12.750524+07:00: Az=115.33, El=15.55
2026-06-18T12:18:44.088809+07:00: VNREDSat-1 at 2026-06-18T20:04:13.750524+07:00: Az=115.13, El=15.64
2026-06-18T12:18:44.089860+07:00: VNREDSat-1 at 2026-06-18T20:04:14.750524+07:00: Az=114.94, El=15.72
2026-06-18T12:18:44.090872+07:00: VNREDSat-1 at 2026-06-18T20:04:15.750524+07:00: Az=114.74, El=15.80
2026-06-18T12:18:44.091842+07:00: VNREDSat-1 at 2026-06-18T20:04:16.750524+07:00: Az=114.54, El=15.88
2026-06-18T12:18:44.092799+07:00: VNREDSat-1 at 2026-06-18T20:04:17.750524+07:00: Az=114.35, El=15.96
2026-06-18T12:18:44.093782+07:00: VNREDSat-1 at 2026-06-18T20:04:18.750524+07:00: Az=114.15, El=16.04
2026-06-18T12:18:44.094771+07:00: VNREDSat-1 at 2026-06-18T20:04:19.750524+07:00: Az=113.94, El=16.12
2026-06-18T12:18:44.095749+07:00: VNREDSat-1 at 2026-06-18T20:04:20.750524+07:00: Az=113.74, El=16.20
2026-06-18T12:18:44.096813+07:00: VNREDSat-1 at 2026-06-18T20:04:21.750524+07:00: Az=113.54, El=16.28
2026-06-18T12:18:44.097968+07:00: VNREDSat-1 at 2026-06-18T20:04:22.750524+07:00: Az=113.33, El=16.36
2026-06-18T12:18:44.099006+07:00: VNREDSat-1 at 2026-06-18T20:04:23.750524+07:00: Az=113.13, El=16.44
2026-06-18T12:18:44.100022+07:00: VNREDSat-1 at 2026-06-18T20:04:24.750524+07:00: Az=112.92, El=16.52
2026-06-18T12:18:44.101014+07:00: VNREDSat-1 at 2026-06-18T20:04:25.750524+07:00: Az=112.71, El=16.60
2026-06-18T12:18:44.102005+07:00: VNREDSat-1 at 2026-06-18T20:04:26.750524+07:00: Az=112.50, El=16.68
2026-06-18T12:18:44.102998+07:00: VNREDSat-1 at 2026-06-18T20:04:27.750524+07:00: Az=112.29, El=16.76
2026-06-18T12:18:44.104107+07:00: VNREDSat-1 at 2026-06-18T20:04:28.750524+07:00: Az=112.08, El=16.84
2026-06-18T12:18:44.105200+07:00: VNREDSat-1 at 2026-06-18T20:04:29.750524+07:00: Az=111.87, El=16.92
2026-06-18T12:18:44.106241+07:00: VNREDSat-1 at 2026-06-18T20:04:30.750524+07:00: Az=111.66, El=17.00
2026-06-18T12:18:44.107247+07:00: VNREDSat-1 at 2026-06-18T20:04:31.750524+07:00: Az=111.44, El=17.08
2026-06-18T12:18:44.108217+07:00: VNREDSat-1 at 2026-06-18T20:04:32.750524+07:00: Az=111.22, El=17.16
2026-06-18T12:18:44.109172+07:00: VNREDSat-1 at 2026-06-18T20:04:33.750524+07:00: Az=111.01, El=17.24
2026-06-18T12:18:44.110127+07:00: VNREDSat-1 at 2026-06-18T20:04:34.750524+07:00: Az=110.79, El=17.32
2026-06-18T12:18:44.111070+07:00: VNREDSat-1 at 2026-06-18T20:04:35.750524+07:00: Az=110.57, El=17.40
2026-06-18T12:18:44.112032+07:00: VNREDSat-1 at 2026-06-18T20:04:36.750524+07:00: Az=110.34, El=17.48
2026-06-18T12:18:44.113203+07:00: VNREDSat-1 at 2026-06-18T20:04:37.750524+07:00: Az=110.12, El=17.55
2026-06-18T12:18:44.114185+07:00: VNREDSat-1 at 2026-06-18T20:04:38.750524+07:00: Az=109.90, El=17.63
2026-06-18T12:18:44.115138+07:00: VNREDSat-1 at 2026-06-18T20:04:39.750524+07:00: Az=109.67, El=17.71
2026-06-18T12:18:44.116094+07:00: VNREDSat-1 at 2026-06-18T20:04:40.750524+07:00: Az=109.45, El=17.79
2026-06-18T12:18:44.117063+07:00: VNREDSat-1 at 2026-06-18T20:04:41.750524+07:00: Az=109.22, El=17.87
2026-06-18T12:18:44.118011+07:00: VNREDSat-1 at 2026-06-18T20:04:42.750524+07:00: Az=108.99, El=17.95
2026-06-18T12:18:44.118955+07:00: VNREDSat-1 at 2026-06-18T20:04:43.750524+07:00: Az=108.76, El=18.03
2026-06-18T12:18:44.119920+07:00: VNREDSat-1 at 2026-06-18T20:04:44.750524+07:00: Az=108.53, El=18.10
2026-06-18T12:18:44.120941+07:00: VNREDSat-1 at 2026-06-18T20:04:45.750524+07:00: Az=108.30, El=18.18
2026-06-18T12:18:44.121989+07:00: VNREDSat-1 at 2026-06-18T20:04:46.750524+07:00: Az=108.06, El=18.26
2026-06-18T12:18:44.123095+07:00: VNREDSat-1 at 2026-06-18T20:04:47.750524+07:00: Az=107.83, El=18.34
2026-06-18T12:18:44.124232+07:00: VNREDSat-1 at 2026-06-18T20:04:48.750524+07:00: Az=107.59, El=18.41
2026-06-18T12:18:44.125320+07:00: VNREDSat-1 at 2026-06-18T20:04:49.750524+07:00: Az=107.35, El=18.49
2026-06-18T12:18:44.126342+07:00: VNREDSat-1 at 2026-06-18T20:04:50.750524+07:00: Az=107.11, El=18.57
2026-06-18T12:18:44.127848+07:00: VNREDSat-1 at 2026-06-18T20:04:51.750524+07:00: Az=106.87, El=18.64
2026-06-18T12:18:44.129433+07:00: VNREDSat-1 at 2026-06-18T20:04:52.750524+07:00: Az=106.63, El=18.72
2026-06-18T12:18:44.130482+07:00: VNREDSat-1 at 2026-06-18T20:04:53.750524+07:00: Az=106.39, El=18.80
2026-06-18T12:18:44.131501+07:00: VNREDSat-1 at 2026-06-18T20:04:54.750524+07:00: Az=106.14, El=18.87
2026-06-18T12:18:44.132517+07:00: VNREDSat-1 at 2026-06-18T20:04:55.750524+07:00: Az=105.90, El=18.95
2026-06-18T12:18:44.133505+07:00: VNREDSat-1 at 2026-06-18T20:04:56.750524+07:00: Az=105.65, El=19.02
2026-06-18T12:18:44.134480+07:00: VNREDSat-1 at 2026-06-18T20:04:57.750524+07:00: Az=105.40, El=19.10
2026-06-18T12:18:44.135450+07:00: VNREDSat-1 at 2026-06-18T20:04:58.750524+07:00: Az=105.15, El=19.17
2026-06-18T12:18:44.136491+07:00: VNREDSat-1 at 2026-06-18T20:04:59.750524+07:00: Az=104.90, El=19.25
2026-06-18T12:18:44.137538+07:00: VNREDSat-1 at 2026-06-18T20:05:00.750524+07:00: Az=104.65, El=19.32
2026-06-18T12:18:44.138548+07:00: VNREDSat-1 at 2026-06-18T20:05:01.750524+07:00: Az=104.40, El=19.40
2026-06-18T12:18:44.142618+07:00: VNREDSat-1 at 2026-06-18T20:05:02.750524+07:00: Az=104.14, El=19.47
2026-06-18T12:18:44.144261+07:00: VNREDSat-1 at 2026-06-18T20:05:03.750524+07:00: Az=103.89, El=19.54
2026-06-18T12:18:44.146238+07:00: VNREDSat-1 at 2026-06-18T20:05:04.750524+07:00: Az=103.63, El=19.62
2026-06-18T12:18:44.148154+07:00: VNREDSat-1 at 2026-06-18T20:05:05.750524+07:00: Az=103.37, El=19.69
2026-06-18T12:18:44.149566+07:00: VNREDSat-1 at 2026-06-18T20:05:06.750524+07:00: Az=103.11, El=19.76
2026-06-18T12:18:44.150738+07:00: VNREDSat-1 at 2026-06-18T20:05:07.750524+07:00: Az=102.85, El=19.83
2026-06-18T12:18:44.151920+07:00: VNREDSat-1 at 2026-06-18T20:05:08.750524+07:00: Az=102.59, El=19.90
2026-06-18T12:18:44.153232+07:00: VNREDSat-1 at 2026-06-18T20:05:09.750524+07:00: Az=102.32, El=19.98
2026-06-18T12:18:44.154627+07:00: VNREDSat-1 at 2026-06-18T20:05:10.750524+07:00: Az=102.06, El=20.05
2026-06-18T12:18:44.156128+07:00: VNREDSat-1 at 2026-06-18T20:05:11.750524+07:00: Az=101.79, El=20.12
2026-06-18T12:18:44.157363+07:00: VNREDSat-1 at 2026-06-18T20:05:12.750524+07:00: Az=101.52, El=20.19
2026-06-18T12:18:44.158532+07:00: VNREDSat-1 at 2026-06-18T20:05:13.750524+07:00: Az=101.25, El=20.26
2026-06-18T12:18:44.159676+07:00: VNREDSat-1 at 2026-06-18T20:05:14.750524+07:00: Az=100.98, El=20.33
2026-06-18T12:18:44.161176+07:00: VNREDSat-1 at 2026-06-18T20:05:15.750524+07:00: Az=100.71, El=20.40
2026-06-18T12:18:44.162414+07:00: VNREDSat-1 at 2026-06-18T20:05:16.750524+07:00: Az=100.44, El=20.46
2026-06-18T12:18:44.163576+07:00: VNREDSat-1 at 2026-06-18T20:05:17.750524+07:00: Az=100.17, El=20.53
2026-06-18T12:18:44.164887+07:00: VNREDSat-1 at 2026-06-18T20:05:18.750524+07:00: Az=99.89, El=20.60
2026-06-18T12:18:44.166101+07:00: VNREDSat-1 at 2026-06-18T20:05:19.750524+07:00: Az=99.61, El=20.67
2026-06-18T12:18:44.167193+07:00: VNREDSat-1 at 2026-06-18T20:05:20.750524+07:00: Az=99.34, El=20.73
2026-06-18T12:18:44.168268+07:00: VNREDSat-1 at 2026-06-18T20:05:21.750524+07:00: Az=99.06, El=20.80
2026-06-18T12:18:44.169343+07:00: VNREDSat-1 at 2026-06-18T20:05:22.750524+07:00: Az=98.78, El=20.87
2026-06-18T12:18:44.170610+07:00: VNREDSat-1 at 2026-06-18T20:05:23.750524+07:00: Az=98.49, El=20.93
2026-06-18T12:18:44.171664+07:00: VNREDSat-1 at 2026-06-18T20:05:24.750524+07:00: Az=98.21, El=21.00
2026-06-18T12:18:44.172668+07:00: VNREDSat-1 at 2026-06-18T20:05:25.750524+07:00: Az=97.93, El=21.06
2026-06-18T12:18:44.173655+07:00: VNREDSat-1 at 2026-06-18T20:05:26.750524+07:00: Az=97.64, El=21.12
2026-06-18T12:18:44.174739+07:00: VNREDSat-1 at 2026-06-18T20:05:27.750524+07:00: Az=97.35, El=21.19
2026-06-18T12:18:44.175780+07:00: VNREDSat-1 at 2026-06-18T20:05:28.750524+07:00: Az=97.07, El=21.25
2026-06-18T12:18:44.176831+07:00: VNREDSat-1 at 2026-06-18T20:05:29.750524+07:00: Az=96.78, El=21.31
2026-06-18T12:18:44.177847+07:00: VNREDSat-1 at 2026-06-18T20:05:30.750524+07:00: Az=96.49, El=21.37
2026-06-18T12:18:44.178845+07:00: VNREDSat-1 at 2026-06-18T20:05:31.750524+07:00: Az=96.19, El=21.43
2026-06-18T12:18:44.179833+07:00: VNREDSat-1 at 2026-06-18T20:05:32.750524+07:00: Az=95.90, El=21.49
2026-06-18T12:18:44.180814+07:00: VNREDSat-1 at 2026-06-18T20:05:33.750524+07:00: Az=95.61, El=21.55
2026-06-18T12:18:44.181784+07:00: VNREDSat-1 at 2026-06-18T20:05:34.750524+07:00: Az=95.31, El=21.61
2026-06-18T12:18:44.182813+07:00: VNREDSat-1 at 2026-06-18T20:05:35.750524+07:00: Az=95.02, El=21.67
2026-06-18T12:18:44.183796+07:00: VNREDSat-1 at 2026-06-18T20:05:36.750524+07:00: Az=94.72, El=21.73
2026-06-18T12:18:44.184977+07:00: VNREDSat-1 at 2026-06-18T20:05:37.750524+07:00: Az=94.42, El=21.79
2026-06-18T12:18:44.186019+07:00: VNREDSat-1 at 2026-06-18T20:05:38.750524+07:00: Az=94.12, El=21.84
2026-06-18T12:18:44.187033+07:00: VNREDSat-1 at 2026-06-18T20:05:39.750524+07:00: Az=93.82, El=21.90
2026-06-18T12:18:44.188030+07:00: VNREDSat-1 at 2026-06-18T20:05:40.750524+07:00: Az=93.52, El=21.95
2026-06-18T12:18:44.189015+07:00: VNREDSat-1 at 2026-06-18T20:05:41.750524+07:00: Az=93.21, El=22.01
2026-06-18T12:18:44.189990+07:00: VNREDSat-1 at 2026-06-18T20:05:42.750524+07:00: Az=92.91, El=22.06
2026-06-18T12:18:44.190990+07:00: VNREDSat-1 at 2026-06-18T20:05:43.750524+07:00: Az=92.60, El=22.12
2026-06-18T12:18:44.191999+07:00: VNREDSat-1 at 2026-06-18T20:05:44.750524+07:00: Az=92.30, El=22.17
2026-06-18T12:18:44.193025+07:00: VNREDSat-1 at 2026-06-18T20:05:45.750524+07:00: Az=91.99, El=22.22
2026-06-18T12:18:44.194026+07:00: VNREDSat-1 at 2026-06-18T20:05:46.750524+07:00: Az=91.68, El=22.27
2026-06-18T12:18:44.195010+07:00: VNREDSat-1 at 2026-06-18T20:05:47.750524+07:00: Az=91.37, El=22.32
2026-06-18T12:18:44.195981+07:00: VNREDSat-1 at 2026-06-18T20:05:48.750524+07:00: Az=91.06, El=22.37
2026-06-18T12:18:44.196964+07:00: VNREDSat-1 at 2026-06-18T20:05:49.750524+07:00: Az=90.75, El=22.42
2026-06-18T12:18:44.197950+07:00: VNREDSat-1 at 2026-06-18T20:05:50.750524+07:00: Az=90.43, El=22.47
2026-06-18T12:18:44.198925+07:00: VNREDSat-1 at 2026-06-18T20:05:51.750524+07:00: Az=90.12, El=22.52
2026-06-18T12:18:44.199904+07:00: VNREDSat-1 at 2026-06-18T20:05:52.750524+07:00: Az=89.80, El=22.56
2026-06-18T12:18:44.201090+07:00: VNREDSat-1 at 2026-06-18T20:05:53.750524+07:00: Az=89.49, El=22.61
2026-06-18T12:18:44.202101+07:00: VNREDSat-1 at 2026-06-18T20:05:54.750524+07:00: Az=89.17, El=22.65
2026-06-18T12:18:44.203093+07:00: VNREDSat-1 at 2026-06-18T20:05:55.750524+07:00: Az=88.85, El=22.70
2026-06-18T12:18:44.204071+07:00: VNREDSat-1 at 2026-06-18T20:05:56.750524+07:00: Az=88.53, El=22.74
2026-06-18T12:18:44.205051+07:00: VNREDSat-1 at 2026-06-18T20:05:57.750524+07:00: Az=88.21, El=22.78
2026-06-18T12:18:44.206023+07:00: VNREDSat-1 at 2026-06-18T20:05:58.750524+07:00: Az=87.89, El=22.83
2026-06-18T12:18:44.207071+07:00: VNREDSat-1 at 2026-06-18T20:05:59.750524+07:00: Az=87.57, El=22.87
2026-06-18T12:18:44.208096+07:00: VNREDSat-1 at 2026-06-18T20:06:00.750524+07:00: Az=87.25, El=22.91
2026-06-18T12:18:44.209246+07:00: VNREDSat-1 at 2026-06-18T20:06:01.750524+07:00: Az=86.93, El=22.95
2026-06-18T12:18:44.210462+07:00: VNREDSat-1 at 2026-06-18T20:06:02.750524+07:00: Az=86.60, El=22.98
2026-06-18T12:18:44.211508+07:00: VNREDSat-1 at 2026-06-18T20:06:03.750524+07:00: Az=86.28, El=23.02
2026-06-18T12:18:44.212554+07:00: VNREDSat-1 at 2026-06-18T20:06:04.750524+07:00: Az=85.95, El=23.06
2026-06-18T12:18:44.213586+07:00: VNREDSat-1 at 2026-06-18T20:06:05.750524+07:00: Az=85.62, El=23.09
2026-06-18T12:18:44.214595+07:00: VNREDSat-1 at 2026-06-18T20:06:06.750524+07:00: Az=85.30, El=23.13
2026-06-18T12:18:44.215616+07:00: VNREDSat-1 at 2026-06-18T20:06:07.750524+07:00: Az=84.97, El=23.16
2026-06-18T12:18:44.216636+07:00: VNREDSat-1 at 2026-06-18T20:06:08.750524+07:00: Az=84.64, El=23.20
2026-06-18T12:18:44.217666+07:00: VNREDSat-1 at 2026-06-18T20:06:09.750524+07:00: Az=84.31, El=23.23
2026-06-18T12:18:44.218722+07:00: VNREDSat-1 at 2026-06-18T20:06:10.750524+07:00: Az=83.98, El=23.26
2026-06-18T12:18:44.219738+07:00: VNREDSat-1 at 2026-06-18T20:06:11.750524+07:00: Az=83.65, El=23.29
2026-06-18T12:18:44.220756+07:00: VNREDSat-1 at 2026-06-18T20:06:12.750524+07:00: Az=83.32, El=23.32
2026-06-18T12:18:44.221801+07:00: VNREDSat-1 at 2026-06-18T20:06:13.750524+07:00: Az=82.99, El=23.35
2026-06-18T12:18:44.222891+07:00: VNREDSat-1 at 2026-06-18T20:06:14.750524+07:00: Az=82.65, El=23.38
2026-06-18T12:18:44.224002+07:00: VNREDSat-1 at 2026-06-18T20:06:15.750524+07:00: Az=82.32, El=23.40
2026-06-18T12:18:44.225044+07:00: VNREDSat-1 at 2026-06-18T20:06:16.750524+07:00: Az=81.98, El=23.43
2026-06-18T12:18:44.226081+07:00: VNREDSat-1 at 2026-06-18T20:06:17.750524+07:00: Az=81.65, El=23.45
2026-06-18T12:18:44.227080+07:00: VNREDSat-1 at 2026-06-18T20:06:18.750524+07:00: Az=81.31, El=23.48
2026-06-18T12:18:44.228068+07:00: VNREDSat-1 at 2026-06-18T20:06:19.750524+07:00: Az=80.98, El=23.50
2026-06-18T12:18:44.229040+07:00: VNREDSat-1 at 2026-06-18T20:06:20.750524+07:00: Az=80.64, El=23.52
2026-06-18T12:18:44.230029+07:00: VNREDSat-1 at 2026-06-18T20:06:21.750524+07:00: Az=80.31, El=23.54
2026-06-18T12:18:44.231077+07:00: VNREDSat-1 at 2026-06-18T20:06:22.750524+07:00: Az=79.97, El=23.56
2026-06-18T12:18:44.232315+07:00: VNREDSat-1 at 2026-06-18T20:06:23.750524+07:00: Az=79.63, El=23.58
2026-06-18T12:18:44.233390+07:00: VNREDSat-1 at 2026-06-18T20:06:24.750524+07:00: Az=79.29, El=23.60
2026-06-18T12:18:44.234434+07:00: VNREDSat-1 at 2026-06-18T20:06:25.750524+07:00: Az=78.95, El=23.61
2026-06-18T12:18:44.235667+07:00: VNREDSat-1 at 2026-06-18T20:06:26.750524+07:00: Az=78.62, El=23.63
2026-06-18T12:18:44.236815+07:00: VNREDSat-1 at 2026-06-18T20:06:27.750524+07:00: Az=78.28, El=23.64
2026-06-18T12:18:44.237970+07:00: VNREDSat-1 at 2026-06-18T20:06:28.750524+07:00: Az=77.94, El=23.66
2026-06-18T12:18:44.239108+07:00: VNREDSat-1 at 2026-06-18T20:06:29.750524+07:00: Az=77.60, El=23.67
2026-06-18T12:18:44.240170+07:00: VNREDSat-1 at 2026-06-18T20:06:30.750524+07:00: Az=77.26, El=23.68
2026-06-18T12:18:44.241192+07:00: VNREDSat-1 at 2026-06-18T20:06:31.750524+07:00: Az=76.92, El=23.69
2026-06-18T12:18:44.242241+07:00: VNREDSat-1 at 2026-06-18T20:06:32.750524+07:00: Az=76.58, El=23.70
2026-06-18T12:18:44.243277+07:00: VNREDSat-1 at 2026-06-18T20:06:33.750524+07:00: Az=76.24, El=23.71
2026-06-18T12:18:44.244298+07:00: VNREDSat-1 at 2026-06-18T20:06:34.750524+07:00: Az=75.90, El=23.72
2026-06-18T12:18:44.245369+07:00: VNREDSat-1 at 2026-06-18T20:06:35.750524+07:00: Az=75.55, El=23.72
2026-06-18T12:18:44.246461+07:00: VNREDSat-1 at 2026-06-18T20:06:36.750524+07:00: Az=75.21, El=23.73
2026-06-18T12:18:44.247532+07:00: VNREDSat-1 at 2026-06-18T20:06:37.750524+07:00: Az=74.87, El=23.73
2026-06-18T12:18:44.248538+07:00: VNREDSat-1 at 2026-06-18T20:06:38.750524+07:00: Az=74.53, El=23.74
2026-06-18T12:18:44.249532+07:00: VNREDSat-1 at 2026-06-18T20:06:39.750524+07:00: Az=74.19, El=23.74
2026-06-18T12:18:44.250560+07:00: VNREDSat-1 at 2026-06-18T20:06:40.750524+07:00: Az=73.85, El=23.74
2026-06-18T12:18:44.252100+07:00: VNREDSat-1 at 2026-06-18T20:06:41.750524+07:00: Az=73.51, El=23.74
2026-06-18T12:18:44.253902+07:00: VNREDSat-1 at 2026-06-18T20:06:42.750524+07:00: Az=73.17, El=23.74
2026-06-18T12:18:44.255812+07:00: VNREDSat-1 at 2026-06-18T20:06:43.750524+07:00: Az=72.82, El=23.74
2026-06-18T12:18:44.257513+07:00: VNREDSat-1 at 2026-06-18T20:06:44.750524+07:00: Az=72.48, El=23.74
2026-06-18T12:18:44.259389+07:00: VNREDSat-1 at 2026-06-18T20:06:45.750524+07:00: Az=72.14, El=23.73
2026-06-18T12:18:44.261326+07:00: VNREDSat-1 at 2026-06-18T20:06:46.750524+07:00: Az=71.80, El=23.73
2026-06-18T12:18:44.263249+07:00: VNREDSat-1 at 2026-06-18T20:06:47.750524+07:00: Az=71.46, El=23.72
2026-06-18T12:18:44.265333+07:00: VNREDSat-1 at 2026-06-18T20:06:48.750524+07:00: Az=71.12, El=23.71
2026-06-18T12:18:44.266970+07:00: VNREDSat-1 at 2026-06-18T20:06:49.750524+07:00: Az=70.78, El=23.71
2026-06-18T12:18:44.268261+07:00: VNREDSat-1 at 2026-06-18T20:06:50.750524+07:00: Az=70.44, El=23.70
2026-06-18T12:18:44.269396+07:00: VNREDSat-1 at 2026-06-18T20:06:51.750524+07:00: Az=70.10, El=23.69
2026-06-18T12:18:44.270986+07:00: VNREDSat-1 at 2026-06-18T20:06:52.750524+07:00: Az=69.76, El=23.68
2026-06-18T12:18:44.272446+07:00: VNREDSat-1 at 2026-06-18T20:06:53.750524+07:00: Az=69.42, El=23.66
2026-06-18T12:18:44.273861+07:00: VNREDSat-1 at 2026-06-18T20:06:54.750524+07:00: Az=69.08, El=23.65
2026-06-18T12:18:44.275521+07:00: VNREDSat-1 at 2026-06-18T20:06:55.750524+07:00: Az=68.74, El=23.64
2026-06-18T12:18:44.276941+07:00: VNREDSat-1 at 2026-06-18T20:06:56.750524+07:00: Az=68.40, El=23.62
2026-06-18T12:18:44.278318+07:00: VNREDSat-1 at 2026-06-18T20:06:57.750524+07:00: Az=68.06, El=23.60
2026-06-18T12:18:44.279711+07:00: VNREDSat-1 at 2026-06-18T20:06:58.750524+07:00: Az=67.72, El=23.59
2026-06-18T12:18:44.281275+07:00: VNREDSat-1 at 2026-06-18T20:06:59.750524+07:00: Az=67.39, El=23.57
2026-06-18T12:18:44.282519+07:00: VNREDSat-1 at 2026-06-18T20:07:00.750524+07:00: Az=67.05, El=23.55
2026-06-18T12:18:44.283607+07:00: VNREDSat-1 at 2026-06-18T20:07:01.750524+07:00: Az=66.71, El=23.53
2026-06-18T12:18:44.284752+07:00: VNREDSat-1 at 2026-06-18T20:07:02.750524+07:00: Az=66.38, El=23.51
2026-06-18T12:18:44.285932+07:00: VNREDSat-1 at 2026-06-18T20:07:03.750524+07:00: Az=66.04, El=23.49
2026-06-18T12:18:44.286980+07:00: VNREDSat-1 at 2026-06-18T20:07:04.750524+07:00: Az=65.71, El=23.46
2026-06-18T12:18:44.287997+07:00: VNREDSat-1 at 2026-06-18T20:07:05.750524+07:00: Az=65.37, El=23.44
2026-06-18T12:18:44.288990+07:00: VNREDSat-1 at 2026-06-18T20:07:06.750524+07:00: Az=65.04, El=23.41
2026-06-18T12:18:44.289984+07:00: VNREDSat-1 at 2026-06-18T20:07:07.750524+07:00: Az=64.70, El=23.39
2026-06-18T12:18:44.290982+07:00: VNREDSat-1 at 2026-06-18T20:07:08.750524+07:00: Az=64.37, El=23.36
2026-06-18T12:18:44.292000+07:00: VNREDSat-1 at 2026-06-18T20:07:09.750524+07:00: Az=64.04, El=23.33
2026-06-18T12:18:44.293117+07:00: VNREDSat-1 at 2026-06-18T20:07:10.750524+07:00: Az=63.71, El=23.30
2026-06-18T12:18:44.294146+07:00: VNREDSat-1 at 2026-06-18T20:07:11.750524+07:00: Az=63.37, El=23.27
2026-06-18T12:18:44.295212+07:00: VNREDSat-1 at 2026-06-18T20:07:12.750524+07:00: Az=63.04, El=23.24
2026-06-18T12:18:44.296244+07:00: VNREDSat-1 at 2026-06-18T20:07:13.750524+07:00: Az=62.71, El=23.21
2026-06-18T12:18:44.297285+07:00: VNREDSat-1 at 2026-06-18T20:07:14.750524+07:00: Az=62.39, El=23.18
2026-06-18T12:18:44.298292+07:00: VNREDSat-1 at 2026-06-18T20:07:15.750524+07:00: Az=62.06, El=23.14
2026-06-18T12:18:44.299329+07:00: VNREDSat-1 at 2026-06-18T20:07:16.750524+07:00: Az=61.73, El=23.11
2026-06-18T12:18:44.300333+07:00: VNREDSat-1 at 2026-06-18T20:07:17.750524+07:00: Az=61.40, El=23.08
2026-06-18T12:18:44.301354+07:00: VNREDSat-1 at 2026-06-18T20:07:18.750524+07:00: Az=61.08, El=23.04
2026-06-18T12:18:44.302658+07:00: VNREDSat-1 at 2026-06-18T20:07:19.750524+07:00: Az=60.75, El=23.00
2026-06-18T12:18:44.303791+07:00: VNREDSat-1 at 2026-06-18T20:07:20.750524+07:00: Az=60.43, El=22.96
2026-06-18T12:18:44.304853+07:00: VNREDSat-1 at 2026-06-18T20:07:21.750524+07:00: Az=60.11, El=22.92
2026-06-18T12:18:44.305945+07:00: VNREDSat-1 at 2026-06-18T20:07:22.750524+07:00: Az=59.78, El=22.89
2026-06-18T12:18:44.306960+07:00: VNREDSat-1 at 2026-06-18T20:07:23.750524+07:00: Az=59.46, El=22.84
2026-06-18T12:18:44.307980+07:00: VNREDSat-1 at 2026-06-18T20:07:24.750524+07:00: Az=59.14, El=22.80
2026-06-18T12:18:44.308976+07:00: VNREDSat-1 at 2026-06-18T20:07:25.750524+07:00: Az=58.82, El=22.76
2026-06-18T12:18:44.309955+07:00: VNREDSat-1 at 2026-06-18T20:07:26.750524+07:00: Az=58.50, El=22.72
2026-06-18T12:18:44.310946+07:00: VNREDSat-1 at 2026-06-18T20:07:27.750524+07:00: Az=58.18, El=22.67
2026-06-18T12:18:44.311973+07:00: VNREDSat-1 at 2026-06-18T20:07:28.750524+07:00: Az=57.87, El=22.63
2026-06-18T12:18:44.312994+07:00: VNREDSat-1 at 2026-06-18T20:07:29.750524+07:00: Az=57.55, El=22.58
2026-06-18T12:18:44.314009+07:00: VNREDSat-1 at 2026-06-18T20:07:30.750524+07:00: Az=57.24, El=22.54
2026-06-18T12:18:44.314994+07:00: VNREDSat-1 at 2026-06-18T20:07:31.750524+07:00: Az=56.92, El=22.49
2026-06-18T12:18:44.316338+07:00: VNREDSat-1 at 2026-06-18T20:07:32.750524+07:00: Az=56.61, El=22.44
2026-06-18T12:18:44.317378+07:00: VNREDSat-1 at 2026-06-18T20:07:33.750524+07:00: Az=56.30, El=22.39
2026-06-18T12:18:44.318533+07:00: VNREDSat-1 at 2026-06-18T20:07:34.750524+07:00: Az=55.99, El=22.34
2026-06-18T12:18:44.319658+07:00: VNREDSat-1 at 2026-06-18T20:07:35.750524+07:00: Az=55.68, El=22.29
2026-06-18T12:18:44.320891+07:00: VNREDSat-1 at 2026-06-18T20:07:36.750524+07:00: Az=55.37, El=22.24
2026-06-18T12:18:44.322324+07:00: VNREDSat-1 at 2026-06-18T20:07:37.750524+07:00: Az=55.06, El=22.19
2026-06-18T12:18:44.323397+07:00: VNREDSat-1 at 2026-06-18T20:07:38.750524+07:00: Az=54.75, El=22.14
2026-06-18T12:18:44.324420+07:00: VNREDSat-1 at 2026-06-18T20:07:39.750524+07:00: Az=54.45, El=22.09
2026-06-18T12:18:44.325420+07:00: VNREDSat-1 at 2026-06-18T20:07:40.750524+07:00: Az=54.14, El=22.03
2026-06-18T12:18:44.326423+07:00: VNREDSat-1 at 2026-06-18T20:07:41.750524+07:00: Az=53.84, El=21.98
2026-06-18T12:18:44.327409+07:00: VNREDSat-1 at 2026-06-18T20:07:42.750524+07:00: Az=53.54, El=21.92
2026-06-18T12:18:44.328407+07:00: VNREDSat-1 at 2026-06-18T20:07:43.750524+07:00: Az=53.24, El=21.87
2026-06-18T12:18:44.329409+07:00: VNREDSat-1 at 2026-06-18T20:07:44.750524+07:00: Az=52.94, El=21.81
2026-06-18T12:18:44.330410+07:00: VNREDSat-1 at 2026-06-18T20:07:45.750524+07:00: Az=52.64, El=21.76
2026-06-18T12:18:44.331403+07:00: VNREDSat-1 at 2026-06-18T20:07:46.750524+07:00: Az=52.34, El=21.70
2026-06-18T12:18:44.332390+07:00: VNREDSat-1 at 2026-06-18T20:07:47.750524+07:00: Az=52.04, El=21.64
2026-06-18T12:18:44.333369+07:00: VNREDSat-1 at 2026-06-18T20:07:48.750524+07:00: Az=51.75, El=21.58
2026-06-18T12:18:44.334392+07:00: VNREDSat-1 at 2026-06-18T20:07:49.750524+07:00: Az=51.45, El=21.52
2026-06-18T12:18:44.335407+07:00: VNREDSat-1 at 2026-06-18T20:07:50.750524+07:00: Az=51.16, El=21.46
2026-06-18T12:18:44.336471+07:00: VNREDSat-1 at 2026-06-18T20:07:51.750524+07:00: Az=50.87, El=21.40
2026-06-18T12:18:44.337547+07:00: VNREDSat-1 at 2026-06-18T20:07:52.750524+07:00: Az=50.58, El=21.34
2026-06-18T12:18:44.338569+07:00: VNREDSat-1 at 2026-06-18T20:07:53.750524+07:00: Az=50.29, El=21.28
2026-06-18T12:18:44.339562+07:00: VNREDSat-1 at 2026-06-18T20:07:54.750524+07:00: Az=50.00, El=21.22
2026-06-18T12:18:44.340546+07:00: VNREDSat-1 at 2026-06-18T20:07:55.750524+07:00: Az=49.71, El=21.15
2026-06-18T12:18:44.341510+07:00: VNREDSat-1 at 2026-06-18T20:07:56.750524+07:00: Az=49.43, El=21.09
2026-06-18T12:18:44.342466+07:00: VNREDSat-1 at 2026-06-18T20:07:57.750524+07:00: Az=49.14, El=21.02
2026-06-18T12:18:44.343429+07:00: VNREDSat-1 at 2026-06-18T20:07:58.750524+07:00: Az=48.86, El=20.96
2026-06-18T12:18:44.344435+07:00: VNREDSat-1 at 2026-06-18T20:07:59.750524+07:00: Az=48.58, El=20.90
2026-06-18T12:18:44.345413+07:00: VNREDSat-1 at 2026-06-18T20:08:00.750524+07:00: Az=48.30, El=20.83
2026-06-18T12:18:44.346409+07:00: VNREDSat-1 at 2026-06-18T20:08:01.750524+07:00: Az=48.02, El=20.76
2026-06-18T12:18:44.347404+07:00: VNREDSat-1 at 2026-06-18T20:08:02.750524+07:00: Az=47.74, El=20.70
2026-06-18T12:18:44.348385+07:00: VNREDSat-1 at 2026-06-18T20:08:03.750524+07:00: Az=47.47, El=20.63
2026-06-18T12:18:44.349355+07:00: VNREDSat-1 at 2026-06-18T20:08:04.750524+07:00: Az=47.19, El=20.56
2026-06-18T12:18:44.350742+07:00: VNREDSat-1 at 2026-06-18T20:08:05.750524+07:00: Az=46.92, El=20.50
2026-06-18T12:18:44.351913+07:00: VNREDSat-1 at 2026-06-18T20:08:06.750524+07:00: Az=46.64, El=20.43
2026-06-18T12:18:44.353167+07:00: VNREDSat-1 at 2026-06-18T20:08:07.750524+07:00: Az=46.37, El=20.36
2026-06-18T12:18:44.354187+07:00: VNREDSat-1 at 2026-06-18T20:08:08.750524+07:00: Az=46.10, El=20.29
2026-06-18T12:18:44.355208+07:00: VNREDSat-1 at 2026-06-18T20:08:09.750524+07:00: Az=45.83, El=20.22
2026-06-18T12:18:44.356199+07:00: VNREDSat-1 at 2026-06-18T20:08:10.750524+07:00: Az=45.57, El=20.15
2026-06-18T12:18:44.357654+07:00: VNREDSat-1 at 2026-06-18T20:08:11.750524+07:00: Az=45.30, El=20.08
2026-06-18T12:18:44.358629+07:00: VNREDSat-1 at 2026-06-18T20:08:12.750524+07:00: Az=45.03, El=20.01
2026-06-18T12:18:44.359600+07:00: VNREDSat-1 at 2026-06-18T20:08:13.750524+07:00: Az=44.77, El=19.94
2026-06-18T12:18:44.360614+07:00: VNREDSat-1 at 2026-06-18T20:08:14.750524+07:00: Az=44.51, El=19.87
2026-06-18T12:18:44.361676+07:00: VNREDSat-1 at 2026-06-18T20:08:15.750524+07:00: Az=44.25, El=19.79
2026-06-18T12:18:44.362700+07:00: VNREDSat-1 at 2026-06-18T20:08:16.750524+07:00: Az=43.99, El=19.72
2026-06-18T12:18:44.363675+07:00: VNREDSat-1 at 2026-06-18T20:08:17.750524+07:00: Az=43.73, El=19.65
2026-06-18T12:18:44.364633+07:00: VNREDSat-1 at 2026-06-18T20:08:18.750524+07:00: Az=43.47, El=19.58
2026-06-18T12:18:44.365621+07:00: VNREDSat-1 at 2026-06-18T20:08:19.750524+07:00: Az=43.22, El=19.50
2026-06-18T12:18:44.366618+07:00: VNREDSat-1 at 2026-06-18T20:08:20.750524+07:00: Az=42.96, El=19.43
2026-06-18T12:18:44.367632+07:00: VNREDSat-1 at 2026-06-18T20:08:21.750524+07:00: Az=42.71, El=19.36
2026-06-18T12:18:44.368690+07:00: VNREDSat-1 at 2026-06-18T20:08:22.750524+07:00: Az=42.46, El=19.28
2026-06-18T12:18:44.369737+07:00: VNREDSat-1 at 2026-06-18T20:08:23.750524+07:00: Az=42.21, El=19.21
2026-06-18T12:18:44.370808+07:00: VNREDSat-1 at 2026-06-18T20:08:24.750524+07:00: Az=41.96, El=19.13
2026-06-18T12:18:44.371826+07:00: VNREDSat-1 at 2026-06-18T20:08:25.750524+07:00: Az=41.71, El=19.06
2026-06-18T12:18:44.372979+07:00: VNREDSat-1 at 2026-06-18T20:08:26.750524+07:00: Az=41.46, El=18.98
2026-06-18T12:18:44.374005+07:00: VNREDSat-1 at 2026-06-18T20:08:27.750524+07:00: Az=41.22, El=18.91
2026-06-18T12:18:44.374982+07:00: VNREDSat-1 at 2026-06-18T20:08:28.750524+07:00: Az=40.97, El=18.83
2026-06-18T12:18:44.375966+07:00: VNREDSat-1 at 2026-06-18T20:08:29.750524+07:00: Az=40.73, El=18.76
2026-06-18T12:18:44.376956+07:00: VNREDSat-1 at 2026-06-18T20:08:30.750524+07:00: Az=40.49, El=18.68
2026-06-18T12:18:44.377926+07:00: VNREDSat-1 at 2026-06-18T20:08:31.750524+07:00: Az=40.25, El=18.60
2026-06-18T12:18:44.378885+07:00: VNREDSat-1 at 2026-06-18T20:08:32.750524+07:00: Az=40.01, El=18.53
2026-06-18T12:18:44.379858+07:00: VNREDSat-1 at 2026-06-18T20:08:33.750524+07:00: Az=39.77, El=18.45
2026-06-18T12:18:44.380847+07:00: VNREDSat-1 at 2026-06-18T20:08:34.750524+07:00: Az=39.54, El=18.37
2026-06-18T12:18:44.381939+07:00: VNREDSat-1 at 2026-06-18T20:08:35.750524+07:00: Az=39.30, El=18.30
2026-06-18T12:18:44.382967+07:00: VNREDSat-1 at 2026-06-18T20:08:36.750524+07:00: Az=39.07, El=18.22
2026-06-18T12:18:44.383950+07:00: VNREDSat-1 at 2026-06-18T20:08:37.750524+07:00: Az=38.83, El=18.14
2026-06-18T12:18:44.384984+07:00: VNREDSat-1 at 2026-06-18T20:08:38.750524+07:00: Az=38.60, El=18.06
2026-06-18T12:18:44.386001+07:00: VNREDSat-1 at 2026-06-18T20:08:39.750524+07:00: Az=38.37, El=17.99
2026-06-18T12:18:44.386994+07:00: VNREDSat-1 at 2026-06-18T20:08:40.750524+07:00: Az=38.14, El=17.91
2026-06-18T12:18:44.387975+07:00: VNREDSat-1 at 2026-06-18T20:08:41.750524+07:00: Az=37.92, El=17.83
2026-06-18T12:18:44.388944+07:00: VNREDSat-1 at 2026-06-18T20:08:42.750524+07:00: Az=37.69, El=17.75
2026-06-18T12:18:44.389910+07:00: VNREDSat-1 at 2026-06-18T20:08:43.750524+07:00: Az=37.47, El=17.67
2026-06-18T12:18:44.390920+07:00: VNREDSat-1 at 2026-06-18T20:08:44.750524+07:00: Az=37.24, El=17.59
2026-06-18T12:18:44.392152+07:00: VNREDSat-1 at 2026-06-18T20:08:45.750524+07:00: Az=37.02, El=17.51
2026-06-18T12:18:44.393134+07:00: VNREDSat-1 at 2026-06-18T20:08:46.750524+07:00: Az=36.80, El=17.44
2026-06-18T12:18:44.394106+07:00: VNREDSat-1 at 2026-06-18T20:08:47.750524+07:00: Az=36.58, El=17.36
2026-06-18T12:18:44.395074+07:00: VNREDSat-1 at 2026-06-18T20:08:48.750524+07:00: Az=36.36, El=17.28
2026-06-18T12:18:44.396041+07:00: VNREDSat-1 at 2026-06-18T20:08:49.750524+07:00: Az=36.14, El=17.20
2026-06-18T12:18:44.397017+07:00: VNREDSat-1 at 2026-06-18T20:08:50.750524+07:00: Az=35.93, El=17.12
2026-06-18T12:18:44.397988+07:00: VNREDSat-1 at 2026-06-18T20:08:51.750524+07:00: Az=35.71, El=17.04
2026-06-18T12:18:44.398958+07:00: VNREDSat-1 at 2026-06-18T20:08:52.750524+07:00: Az=35.50, El=16.96
2026-06-18T12:18:44.399956+07:00: VNREDSat-1 at 2026-06-18T20:08:53.750524+07:00: Az=35.29, El=16.88
2026-06-18T12:18:44.400939+07:00: VNREDSat-1 at 2026-06-18T20:08:54.750524+07:00: Az=35.07, El=16.80
2026-06-18T12:18:44.401900+07:00: VNREDSat-1 at 2026-06-18T20:08:55.750524+07:00: Az=34.86, El=16.72
2026-06-18T12:18:44.402894+07:00: VNREDSat-1 at 2026-06-18T20:08:56.750524+07:00: Az=34.66, El=16.64
2026-06-18T12:18:44.403859+07:00: VNREDSat-1 at 2026-06-18T20:08:57.750524+07:00: Az=34.45, El=16.56
2026-06-18T12:18:44.404819+07:00: VNREDSat-1 at 2026-06-18T20:08:58.750524+07:00: Az=34.24, El=16.48
2026-06-18T12:18:44.405776+07:00: VNREDSat-1 at 2026-06-18T20:08:59.750524+07:00: Az=34.04, El=16.40
2026-06-18T12:18:44.406751+07:00: VNREDSat-1 at 2026-06-18T20:09:00.750524+07:00: Az=33.83, El=16.32
2026-06-18T12:18:44.407714+07:00: VNREDSat-1 at 2026-06-18T20:09:01.750524+07:00: Az=33.63, El=16.24
2026-06-18T12:18:44.408672+07:00: VNREDSat-1 at 2026-06-18T20:09:02.750524+07:00: Az=33.43, El=16.16
2026-06-18T12:18:44.409628+07:00: VNREDSat-1 at 2026-06-18T20:09:03.750524+07:00: Az=33.23, El=16.08
2026-06-18T12:18:44.410592+07:00: VNREDSat-1 at 2026-06-18T20:09:04.750524+07:00: Az=33.03, El=16.00
2026-06-18T12:18:44.411542+07:00: VNREDSat-1 at 2026-06-18T20:09:05.750524+07:00: Az=32.83, El=15.92
2026-06-18T12:18:44.412505+07:00: VNREDSat-1 at 2026-06-18T20:09:06.750524+07:00: Az=32.63, El=15.84
2026-06-18T12:18:44.413506+07:00: VNREDSat-1 at 2026-06-18T20:09:07.750524+07:00: Az=32.44, El=15.76
2026-06-18T12:18:44.414498+07:00: VNREDSat-1 at 2026-06-18T20:09:08.750524+07:00: Az=32.24, El=15.68
2026-06-18T12:18:44.415474+07:00: VNREDSat-1 at 2026-06-18T20:09:09.750524+07:00: Az=32.05, El=15.60
2026-06-18T12:18:44.416447+07:00: VNREDSat-1 at 2026-06-18T20:09:10.750524+07:00: Az=31.85, El=15.52
2026-06-18T12:18:44.417411+07:00: VNREDSat-1 at 2026-06-18T20:09:11.750524+07:00: Az=31.66, El=15.43
2026-06-18T12:18:44.418381+07:00: VNREDSat-1 at 2026-06-18T20:09:12.750524+07:00: Az=31.47, El=15.35
2026-06-18T12:18:44.419347+07:00: VNREDSat-1 at 2026-06-18T20:09:13.750524+07:00: Az=31.28, El=15.27
2026-06-18T12:18:44.420317+07:00: VNREDSat-1 at 2026-06-18T20:09:14.750524+07:00: Az=31.09, El=15.19
2026-06-18T12:18:44.421284+07:00: VNREDSat-1 at 2026-06-18T20:09:15.750524+07:00: Az=30.91, El=15.11
2026-06-18T12:18:44.422276+07:00: VNREDSat-1 at 2026-06-18T20:09:16.750524+07:00: Az=30.72, El=15.03
2026-06-18T12:18:44.423248+07:00: VNREDSat-1 at 2026-06-18T20:09:17.750524+07:00: Az=30.54, El=14.95
2026-06-18T12:18:44.424215+07:00: VNREDSat-1 at 2026-06-18T20:09:18.750524+07:00: Az=30.35, El=14.87
2026-06-18T12:18:44.425179+07:00: VNREDSat-1 at 2026-06-18T20:09:19.750524+07:00: Az=30.17, El=14.79
2026-06-18T12:18:44.426146+07:00: VNREDSat-1 at 2026-06-18T20:09:20.750524+07:00: Az=29.99, El=14.71
2026-06-18T12:18:44.427103+07:00: VNREDSat-1 at 2026-06-18T20:09:21.750524+07:00: Az=29.81, El=14.63
2026-06-18T12:18:44.428064+07:00: VNREDSat-1 at 2026-06-18T20:09:22.750524+07:00: Az=29.63, El=14.55
2026-06-18T12:18:44.429063+07:00: VNREDSat-1 at 2026-06-18T20:09:23.750524+07:00: Az=29.45, El=14.47
2026-06-18T12:18:44.430044+07:00: VNREDSat-1 at 2026-06-18T20:09:24.750524+07:00: Az=29.27, El=14.39
2026-06-18T12:18:44.431013+07:00: VNREDSat-1 at 2026-06-18T20:09:25.750524+07:00: Az=29.10, El=14.31
2026-06-18T12:18:44.431993+07:00: VNREDSat-1 at 2026-06-18T20:09:26.750524+07:00: Az=28.92, El=14.23
2026-06-18T12:18:44.432959+07:00: VNREDSat-1 at 2026-06-18T20:09:27.750524+07:00: Az=28.75, El=14.15
2026-06-18T12:18:44.433912+07:00: VNREDSat-1 at 2026-06-18T20:09:28.750524+07:00: Az=28.57, El=14.07
2026-06-18T12:18:44.434870+07:00: VNREDSat-1 at 2026-06-18T20:09:29.750524+07:00: Az=28.40, El=13.99
2026-06-18T12:18:44.435828+07:00: VNREDSat-1 at 2026-06-18T20:09:30.750524+07:00: Az=28.23, El=13.91
2026-06-18T12:18:44.436838+07:00: VNREDSat-1 at 2026-06-18T20:09:31.750524+07:00: Az=28.06, El=13.83
2026-06-18T12:18:44.437830+07:00: VNREDSat-1 at 2026-06-18T20:09:32.750524+07:00: Az=27.89, El=13.75
2026-06-18T12:18:44.438825+07:00: VNREDSat-1 at 2026-06-18T20:09:33.750524+07:00: Az=27.72, El=13.67
2026-06-18T12:18:44.439787+07:00: VNREDSat-1 at 2026-06-18T20:09:34.750524+07:00: Az=27.55, El=13.59
2026-06-18T12:18:44.440750+07:00: VNREDSat-1 at 2026-06-18T20:09:35.750524+07:00: Az=27.39, El=13.51
2026-06-18T12:18:44.441760+07:00: VNREDSat-1 at 2026-06-18T20:09:36.750524+07:00: Az=27.22, El=13.43
2026-06-18T12:18:44.442725+07:00: VNREDSat-1 at 2026-06-18T20:09:37.750524+07:00: Az=27.06, El=13.35
2026-06-18T12:18:44.443686+07:00: VNREDSat-1 at 2026-06-18T20:09:38.750524+07:00: Az=26.90, El=13.27
2026-06-18T12:18:44.444678+07:00: VNREDSat-1 at 2026-06-18T20:09:39.750524+07:00: Az=26.73, El=13.19
2026-06-18T12:18:44.445643+07:00: VNREDSat-1 at 2026-06-18T20:09:40.750524+07:00: Az=26.57, El=13.11
2026-06-18T12:18:44.446609+07:00: VNREDSat-1 at 2026-06-18T20:09:41.750524+07:00: Az=26.41, El=13.04
2026-06-18T12:18:44.447560+07:00: VNREDSat-1 at 2026-06-18T20:09:42.750524+07:00: Az=26.25, El=12.96
2026-06-18T12:18:44.448519+07:00: VNREDSat-1 at 2026-06-18T20:09:43.750524+07:00: Az=26.09, El=12.88
2026-06-18T12:18:44.449473+07:00: VNREDSat-1 at 2026-06-18T20:09:44.750524+07:00: Az=25.93, El=12.80
2026-06-18T12:18:44.450439+07:00: VNREDSat-1 at 2026-06-18T20:09:45.750524+07:00: Az=25.78, El=12.72
2026-06-18T12:18:44.451417+07:00: VNREDSat-1 at 2026-06-18T20:09:46.750524+07:00: Az=25.62, El=12.64
2026-06-18T12:18:44.452421+07:00: VNREDSat-1 at 2026-06-18T20:09:47.750524+07:00: Az=25.47, El=12.56
2026-06-18T12:18:44.453395+07:00: VNREDSat-1 at 2026-06-18T20:09:48.750524+07:00: Az=25.31, El=12.48
2026-06-18T12:18:44.454371+07:00: VNREDSat-1 at 2026-06-18T20:09:49.750524+07:00: Az=25.16, El=12.41
2026-06-18T12:18:44.455333+07:00: VNREDSat-1 at 2026-06-18T20:09:50.750524+07:00: Az=25.01, El=12.33
2026-06-18T12:18:44.456303+07:00: VNREDSat-1 at 2026-06-18T20:09:51.750524+07:00: Az=24.86, El=12.25
2026-06-18T12:18:44.457265+07:00: VNREDSat-1 at 2026-06-18T20:09:52.750524+07:00: Az=24.70, El=12.17
2026-06-18T12:18:44.458234+07:00: VNREDSat-1 at 2026-06-18T20:09:53.750524+07:00: Az=24.56, El=12.09
2026-06-18T12:18:44.459193+07:00: VNREDSat-1 at 2026-06-18T20:09:54.750524+07:00: Az=24.41, El=12.02
2026-06-18T12:18:44.460185+07:00: VNREDSat-1 at 2026-06-18T20:09:55.750524+07:00: Az=24.26, El=11.94
2026-06-18T12:18:44.461185+07:00: VNREDSat-1 at 2026-06-18T20:09:56.750524+07:00: Az=24.11, El=11.86
2026-06-18T12:18:44.462161+07:00: VNREDSat-1 at 2026-06-18T20:09:57.750524+07:00: Az=23.96, El=11.78
2026-06-18T12:18:44.463123+07:00: VNREDSat-1 at 2026-06-18T20:09:58.750524+07:00: Az=23.82, El=11.71
2026-06-18T12:18:44.464103+07:00: VNREDSat-1 at 2026-06-18T20:09:59.750524+07:00: Az=23.68, El=11.63
2026-06-18T12:18:44.465070+07:00: VNREDSat-1 at 2026-06-18T20:10:00.750524+07:00: Az=23.53, El=11.55
2026-06-18T12:18:44.466026+07:00: VNREDSat-1 at 2026-06-18T20:10:01.750524+07:00: Az=23.39, El=11.47
2026-06-18T12:18:44.466981+07:00: VNREDSat-1 at 2026-06-18T20:10:02.750524+07:00: Az=23.25, El=11.40
2026-06-18T12:18:44.467960+07:00: VNREDSat-1 at 2026-06-18T20:10:03.750524+07:00: Az=23.11, El=11.32
2026-06-18T12:18:44.468925+07:00: VNREDSat-1 at 2026-06-18T20:10:04.750524+07:00: Az=22.96, El=11.24
2026-06-18T12:18:44.469882+07:00: VNREDSat-1 at 2026-06-18T20:10:05.750524+07:00: Az=22.83, El=11.17
2026-06-18T12:18:44.470837+07:00: VNREDSat-1 at 2026-06-18T20:10:06.750524+07:00: Az=22.69, El=11.09
2026-06-18T12:18:44.471789+07:00: VNREDSat-1 at 2026-06-18T20:10:07.750524+07:00: Az=22.55, El=11.01
2026-06-18T12:18:44.472748+07:00: VNREDSat-1 at 2026-06-18T20:10:08.750524+07:00: Az=22.41, El=10.94
2026-06-18T12:18:44.473706+07:00: VNREDSat-1 at 2026-06-18T20:10:09.750524+07:00: Az=22.27, El=10.86
2026-06-18T12:18:44.475218+07:00: VNREDSat-1 at 2026-06-18T20:10:10.750524+07:00: Az=22.14, El=10.79
2026-06-18T12:18:44.476263+07:00: VNREDSat-1 at 2026-06-18T20:10:11.750524+07:00: Az=22.00, El=10.71
2026-06-18T12:18:44.477249+07:00: VNREDSat-1 at 2026-06-18T20:10:12.750524+07:00: Az=21.87, El=10.63
2026-06-18T12:18:44.478230+07:00: VNREDSat-1 at 2026-06-18T20:10:13.750524+07:00: Az=21.74, El=10.56
2026-06-18T12:18:44.479199+07:00: VNREDSat-1 at 2026-06-18T20:10:14.750524+07:00: Az=21.60, El=10.48
2026-06-18T12:18:44.480172+07:00: VNREDSat-1 at 2026-06-18T20:10:15.750524+07:00: Az=21.47, El=10.41
2026-06-18T12:18:44.481165+07:00: VNREDSat-1 at 2026-06-18T20:10:16.750524+07:00: Az=21.34, El=10.33
2026-06-18T12:18:44.482139+07:00: VNREDSat-1 at 2026-06-18T20:10:17.750524+07:00: Az=21.21, El=10.26
2026-06-18T12:18:44.483120+07:00: VNREDSat-1 at 2026-06-18T20:10:18.750524+07:00: Az=21.08, El=10.18
2026-06-18T12:18:44.484098+07:00: VNREDSat-1 at 2026-06-18T20:10:19.750524+07:00: Az=20.95, El=10.11
2026-06-18T12:18:44.485067+07:00: VNREDSat-1 at 2026-06-18T20:10:20.750524+07:00: Az=20.82, El=10.03
2026-06-18T12:18:44.486029+07:00: VNREDSat-1 at 2026-06-18T20:10:21.750524+07:00: Az=20.70, El=9.96
2026-06-18T12:18:44.486980+07:00: VNREDSat-1 at 2026-06-18T20:10:22.750524+07:00: Az=20.57, El=9.88
2026-06-18T12:18:44.487926+07:00: VNREDSat-1 at 2026-06-18T20:10:23.750524+07:00: Az=20.44, El=9.81
2026-06-18T12:18:44.488882+07:00: VNREDSat-1 at 2026-06-18T20:10:24.750524+07:00: Az=20.32, El=9.73
2026-06-18T12:18:44.489838+07:00: VNREDSat-1 at 2026-06-18T20:10:25.750524+07:00: Az=20.19, El=9.66
2026-06-18T12:18:44.490793+07:00: VNREDSat-1 at 2026-06-18T20:10:26.750524+07:00: Az=20.07, El=9.59
2026-06-18T12:18:44.491742+07:00: VNREDSat-1 at 2026-06-18T20:10:27.750524+07:00: Az=19.95, El=9.51
2026-06-18T12:18:44.492932+07:00: VNREDSat-1 at 2026-06-18T20:10:28.750524+07:00: Az=19.82, El=9.44
2026-06-18T12:18:44.494003+07:00: VNREDSat-1 at 2026-06-18T20:10:29.750524+07:00: Az=19.70, El=9.36
2026-06-18T12:18:44.494977+07:00: VNREDSat-1 at 2026-06-18T20:10:30.750524+07:00: Az=19.58, El=9.29
2026-06-18T12:18:44.495940+07:00: VNREDSat-1 at 2026-06-18T20:10:31.750524+07:00: Az=19.46, El=9.22
2026-06-18T12:18:44.496920+07:00: VNREDSat-1 at 2026-06-18T20:10:32.750524+07:00: Az=19.34, El=9.14
2026-06-18T12:18:44.497891+07:00: VNREDSat-1 at 2026-06-18T20:10:33.750524+07:00: Az=19.22, El=9.07
2026-06-18T12:18:44.498848+07:00: VNREDSat-1 at 2026-06-18T20:10:34.750524+07:00: Az=19.10, El=9.00
2026-06-18T12:18:44.499808+07:00: VNREDSat-1 at 2026-06-18T20:10:35.750524+07:00: Az=18.99, El=8.93
2026-06-18T12:18:44.500758+07:00: VNREDSat-1 at 2026-06-18T20:10:36.750524+07:00: Az=18.87, El=8.85
2026-06-18T12:18:44.501706+07:00: VNREDSat-1 at 2026-06-18T20:10:37.750524+07:00: Az=18.75, El=8.78
2026-06-18T12:18:44.502660+07:00: VNREDSat-1 at 2026-06-18T20:10:38.750524+07:00: Az=18.64, El=8.71
2026-06-18T12:18:44.503633+07:00: VNREDSat-1 at 2026-06-18T20:10:39.750524+07:00: Az=18.52, El=8.64
2026-06-18T12:18:44.504601+07:00: VNREDSat-1 at 2026-06-18T20:10:40.750524+07:00: Az=18.41, El=8.56
2026-06-18T12:18:44.505570+07:00: VNREDSat-1 at 2026-06-18T20:10:41.750524+07:00: Az=18.29, El=8.49
2026-06-18T12:18:44.506528+07:00: VNREDSat-1 at 2026-06-18T20:10:42.750524+07:00: Az=18.18, El=8.42
2026-06-18T12:18:44.507488+07:00: VNREDSat-1 at 2026-06-18T20:10:43.750524+07:00: Az=18.07, El=8.35
2026-06-18T12:18:44.508449+07:00: VNREDSat-1 at 2026-06-18T20:10:44.750524+07:00: Az=17.96, El=8.28
2026-06-18T12:18:44.509419+07:00: VNREDSat-1 at 2026-06-18T20:10:45.750524+07:00: Az=17.84, El=8.21
2026-06-18T12:18:44.510370+07:00: VNREDSat-1 at 2026-06-18T20:10:46.750524+07:00: Az=17.73, El=8.13
2026-06-18T12:18:44.511326+07:00: VNREDSat-1 at 2026-06-18T20:10:47.750524+07:00: Az=17.62, El=8.06
2026-06-18T12:18:44.512287+07:00: VNREDSat-1 at 2026-06-18T20:10:48.750524+07:00: Az=17.51, El=7.99
2026-06-18T12:18:44.513248+07:00: VNREDSat-1 at 2026-06-18T20:10:49.750524+07:00: Az=17.40, El=7.92
2026-06-18T12:18:44.514207+07:00: VNREDSat-1 at 2026-06-18T20:10:50.750524+07:00: Az=17.30, El=7.85
2026-06-18T12:18:44.515164+07:00: VNREDSat-1 at 2026-06-18T20:10:51.750524+07:00: Az=17.19, El=7.78
2026-06-18T12:18:44.516111+07:00: VNREDSat-1 at 2026-06-18T20:10:52.750524+07:00: Az=17.08, El=7.71
2026-06-18T12:18:44.517064+07:00: VNREDSat-1 at 2026-06-18T20:10:53.750524+07:00: Az=16.97, El=7.64
2026-06-18T12:18:44.518023+07:00: VNREDSat-1 at 2026-06-18T20:10:54.750524+07:00: Az=16.87, El=7.57
2026-06-18T12:18:44.518979+07:00: VNREDSat-1 at 2026-06-18T20:10:55.750524+07:00: Az=16.76, El=7.50
2026-06-18T12:18:44.519951+07:00: VNREDSat-1 at 2026-06-18T20:10:56.750524+07:00: Az=16.66, El=7.43
2026-06-18T12:18:44.520948+07:00: VNREDSat-1 at 2026-06-18T20:10:57.750524+07:00: Az=16.55, El=7.36
2026-06-18T12:18:44.521902+07:00: VNREDSat-1 at 2026-06-18T20:10:58.750524+07:00: Az=16.45, El=7.29
2026-06-18T12:18:44.522869+07:00: VNREDSat-1 at 2026-06-18T20:10:59.750524+07:00: Az=16.35, El=7.22
2026-06-18T12:18:44.523826+07:00: VNREDSat-1 at 2026-06-18T20:11:00.750524+07:00: Az=16.24, El=7.15
2026-06-18T12:18:44.524819+07:00: VNREDSat-1 at 2026-06-18T20:11:01.750524+07:00: Az=16.14, El=7.08
2026-06-18T12:18:44.525797+07:00: VNREDSat-1 at 2026-06-18T20:11:02.750524+07:00: Az=16.04, El=7.01
2026-06-18T12:18:44.526803+07:00: VNREDSat-1 at 2026-06-18T20:11:03.750524+07:00: Az=15.94, El=6.94
2026-06-18T12:18:44.527790+07:00: VNREDSat-1 at 2026-06-18T20:11:04.750524+07:00: Az=15.84, El=6.87
2026-06-18T12:18:44.528754+07:00: VNREDSat-1 at 2026-06-18T20:11:05.750524+07:00: Az=15.74, El=6.80
2026-06-18T12:18:44.529716+07:00: VNREDSat-1 at 2026-06-18T20:11:06.750524+07:00: Az=15.64, El=6.74
2026-06-18T12:18:44.530667+07:00: VNREDSat-1 at 2026-06-18T20:11:07.750524+07:00: Az=15.54, El=6.67
2026-06-18T12:18:44.531624+07:00: VNREDSat-1 at 2026-06-18T20:11:08.750524+07:00: Az=15.44, El=6.60
2026-06-18T12:18:44.532578+07:00: VNREDSat-1 at 2026-06-18T20:11:09.750524+07:00: Az=15.34, El=6.53
2026-06-18T12:18:44.533530+07:00: VNREDSat-1 at 2026-06-18T20:11:10.750524+07:00: Az=15.25, El=6.46
2026-06-18T12:18:44.534527+07:00: VNREDSat-1 at 2026-06-18T20:11:11.750524+07:00: Az=15.15, El=6.39
2026-06-18T12:18:44.535501+07:00: VNREDSat-1 at 2026-06-18T20:11:12.750524+07:00: Az=15.05, El=6.33
2026-06-18T12:18:44.536458+07:00: VNREDSat-1 at 2026-06-18T20:11:13.750524+07:00: Az=14.96, El=6.26
2026-06-18T12:18:44.537416+07:00: VNREDSat-1 at 2026-06-18T20:11:14.750524+07:00: Az=14.86, El=6.19
2026-06-18T12:18:44.538378+07:00: VNREDSat-1 at 2026-06-18T20:11:15.750524+07:00: Az=14.77, El=6.12
2026-06-18T12:18:44.539355+07:00: VNREDSat-1 at 2026-06-18T20:11:16.750524+07:00: Az=14.67, El=6.06
2026-06-18T12:18:44.540326+07:00: VNREDSat-1 at 2026-06-18T20:11:17.750524+07:00: Az=14.58, El=5.99
2026-06-18T12:18:44.541294+07:00: VNREDSat-1 at 2026-06-18T20:11:18.750524+07:00: Az=14.48, El=5.92
2026-06-18T12:18:44.542809+07:00: VNREDSat-1 at 2026-06-18T20:11:19.750524+07:00: Az=14.39, El=5.86
2026-06-18T12:18:44.543792+07:00: VNREDSat-1 at 2026-06-18T20:11:20.750524+07:00: Az=14.30, El=5.79
2026-06-18T12:18:44.544753+07:00: VNREDSat-1 at 2026-06-18T20:11:21.750524+07:00: Az=14.21, El=5.72
2026-06-18T12:18:44.545716+07:00: VNREDSat-1 at 2026-06-18T20:11:22.750524+07:00: Az=14.12, El=5.66
2026-06-18T12:18:44.546674+07:00: VNREDSat-1 at 2026-06-18T20:11:23.750524+07:00: Az=14.03, El=5.59
2026-06-18T12:18:44.547635+07:00: VNREDSat-1 at 2026-06-18T20:11:24.750524+07:00: Az=13.93, El=5.52
2026-06-18T12:18:44.548593+07:00: VNREDSat-1 at 2026-06-18T20:11:25.750524+07:00: Az=13.84, El=5.46
2026-06-18T12:18:44.549567+07:00: VNREDSat-1 at 2026-06-18T20:11:26.750524+07:00: Az=13.75, El=5.39
2026-06-18T12:18:44.550541+07:00: VNREDSat-1 at 2026-06-18T20:11:27.750524+07:00: Az=13.67, El=5.32
2026-06-18T12:18:44.551506+07:00: VNREDSat-1 at 2026-06-18T20:11:28.750524+07:00: Az=13.58, El=5.26
2026-06-18T12:18:44.552463+07:00: VNREDSat-1 at 2026-06-18T20:11:29.750524+07:00: Az=13.49, El=5.19
2026-06-18T12:18:44.553432+07:00: VNREDSat-1 at 2026-06-18T20:11:30.750524+07:00: Az=13.40, El=5.13
2026-06-18T12:18:44.554398+07:00: VNREDSat-1 at 2026-06-18T20:11:31.750524+07:00: Az=13.31, El=5.06
2026-06-18T12:18:44.555353+07:00: VNREDSat-1 at 2026-06-18T20:11:32.750524+07:00: Az=13.23, El=5.00
2026-06-18T12:18:44.556306+07:00: VNREDSat-1 at 2026-06-18T20:11:33.750524+07:00: Az=13.14, El=4.93
2026-06-18T12:18:44.557316+07:00: VNREDSat-1 at 2026-06-18T20:11:34.750524+07:00: Az=13.05, El=4.87
2026-06-18T12:18:44.558356+07:00: VNREDSat-1 at 2026-06-18T20:11:35.750524+07:00: Az=12.97, El=4.80
2026-06-18T12:18:44.559347+07:00: VNREDSat-1 at 2026-06-18T20:11:36.750524+07:00: Az=12.88, El=4.74
2026-06-18T12:18:44.560346+07:00: VNREDSat-1 at 2026-06-18T20:11:37.750524+07:00: Az=12.80, El=4.67
2026-06-18T12:18:44.561307+07:00: VNREDSat-1 at 2026-06-18T20:11:38.750524+07:00: Az=12.71, El=4.61
2026-06-18T12:18:44.562274+07:00: VNREDSat-1 at 2026-06-18T20:11:39.750524+07:00: Az=12.63, El=4.54
2026-06-18T12:18:44.563231+07:00: VNREDSat-1 at 2026-06-18T20:11:40.750524+07:00: Az=12.55, El=4.48
2026-06-18T12:18:44.564186+07:00: VNREDSat-1 at 2026-06-18T20:11:41.750524+07:00: Az=12.46, El=4.42
2026-06-18T12:18:44.565142+07:00: VNREDSat-1 at 2026-06-18T20:11:42.750524+07:00: Az=12.38, El=4.35
2026-06-18T12:18:44.566101+07:00: VNREDSat-1 at 2026-06-18T20:11:43.750524+07:00: Az=12.30, El=4.29
2026-06-18T12:18:44.567096+07:00: VNREDSat-1 at 2026-06-18T20:11:44.750524+07:00: Az=12.22, El=4.22
2026-06-18T12:18:44.568056+07:00: VNREDSat-1 at 2026-06-18T20:11:45.750524+07:00: Az=12.14, El=4.16
2026-06-18T12:18:44.569003+07:00: VNREDSat-1 at 2026-06-18T20:11:46.750524+07:00: Az=12.06, El=4.10
2026-06-18T12:18:44.569959+07:00: VNREDSat-1 at 2026-06-18T20:11:47.750524+07:00: Az=11.97, El=4.03
2026-06-18T12:18:44.570906+07:00: VNREDSat-1 at 2026-06-18T20:11:48.750524+07:00: Az=11.89, El=3.97
2026-06-18T12:18:44.571859+07:00: VNREDSat-1 at 2026-06-18T20:11:49.750524+07:00: Az=11.81, El=3.91
2026-06-18T12:18:44.572878+07:00: VNREDSat-1 at 2026-06-18T20:11:50.750524+07:00: Az=11.74, El=3.84
2026-06-18T12:18:44.573874+07:00: VNREDSat-1 at 2026-06-18T20:11:51.750524+07:00: Az=11.66, El=3.78
2026-06-18T12:18:44.574865+07:00: VNREDSat-1 at 2026-06-18T20:11:52.750524+07:00: Az=11.58, El=3.72
2026-06-18T12:18:44.575829+07:00: VNREDSat-1 at 2026-06-18T20:11:53.750524+07:00: Az=11.50, El=3.65
2026-06-18T12:18:44.576787+07:00: VNREDSat-1 at 2026-06-18T20:11:54.750524+07:00: Az=11.42, El=3.59
2026-06-18T12:18:44.577740+07:00: VNREDSat-1 at 2026-06-18T20:11:55.750524+07:00: Az=11.34, El=3.53
2026-06-18T12:18:44.578684+07:00: VNREDSat-1 at 2026-06-18T20:11:56.750524+07:00: Az=11.27, El=3.47
2026-06-18T12:18:44.579637+07:00: VNREDSat-1 at 2026-06-18T20:11:57.750524+07:00: Az=11.19, El=3.40
2026-06-18T12:18:44.580614+07:00: VNREDSat-1 at 2026-06-18T20:11:58.750524+07:00: Az=11.11, El=3.34
2026-06-18T12:18:44.581574+07:00: VNREDSat-1 at 2026-06-18T20:11:59.750524+07:00: Az=11.04, El=3.28
2026-06-18T12:18:44.582538+07:00: VNREDSat-1 at 2026-06-18T20:12:00.750524+07:00: Az=10.96, El=3.22
2026-06-18T12:18:44.583491+07:00: VNREDSat-1 at 2026-06-18T20:12:01.750524+07:00: Az=10.89, El=3.16
2026-06-18T12:18:44.584449+07:00: VNREDSat-1 at 2026-06-18T20:12:02.750524+07:00: Az=10.81, El=3.09
2026-06-18T12:18:44.585403+07:00: VNREDSat-1 at 2026-06-18T20:12:03.750524+07:00: Az=10.74, El=3.03
2026-06-18T12:18:44.586366+07:00: VNREDSat-1 at 2026-06-18T20:12:04.750524+07:00: Az=10.66, El=2.97
2026-06-18T12:18:44.587330+07:00: VNREDSat-1 at 2026-06-18T20:12:05.750524+07:00: Az=10.59, El=2.91
2026-06-18T12:18:44.588317+07:00: VNREDSat-1 at 2026-06-18T20:12:06.750524+07:00: Az=10.52, El=2.85
2026-06-18T12:18:44.589285+07:00: VNREDSat-1 at 2026-06-18T20:12:07.750524+07:00: Az=10.44, El=2.79
2026-06-18T12:18:44.590257+07:00: VNREDSat-1 at 2026-06-18T20:12:08.750524+07:00: Az=10.37, El=2.73
2026-06-18T12:18:44.591214+07:00: VNREDSat-1 at 2026-06-18T20:12:09.750524+07:00: Az=10.30, El=2.67
2026-06-18T12:18:44.592170+07:00: VNREDSat-1 at 2026-06-18T20:12:10.750524+07:00: Az=10.23, El=2.61
2026-06-18T12:18:44.593132+07:00: VNREDSat-1 at 2026-06-18T20:12:11.750524+07:00: Az=10.15, El=2.54
2026-06-18T12:18:44.594092+07:00: VNREDSat-1 at 2026-06-18T20:12:12.750524+07:00: Az=10.08, El=2.48
2026-06-18T12:18:44.595043+07:00: VNREDSat-1 at 2026-06-18T20:12:13.750524+07:00: Az=10.01, El=2.42
2026-06-18T12:18:44.596034+07:00: VNREDSat-1 at 2026-06-18T20:12:14.750524+07:00: Az=9.94, El=2.36
2026-06-18T12:18:44.596990+07:00: VNREDSat-1 at 2026-06-18T20:12:15.750524+07:00: Az=9.87, El=2.30
2026-06-18T12:18:44.597946+07:00: VNREDSat-1 at 2026-06-18T20:12:16.750524+07:00: Az=9.80, El=2.24
2026-06-18T12:18:44.598917+07:00: VNREDSat-1 at 2026-06-18T20:12:17.750524+07:00: Az=9.73, El=2.18
2026-06-18T12:18:44.599916+07:00: VNREDSat-1 at 2026-06-18T20:12:18.750524+07:00: Az=9.66, El=2.12
2026-06-18T12:18:44.600871+07:00: VNREDSat-1 at 2026-06-18T20:12:19.750524+07:00: Az=9.59, El=2.06
2026-06-18T12:18:44.601834+07:00: VNREDSat-1 at 2026-06-18T20:12:20.750524+07:00: Az=9.52, El=2.00
2026-06-18T12:18:44.603002+07:00: VNREDSat-1 at 2026-06-18T20:12:21.750524+07:00: Az=9.46, El=1.94
2026-06-18T12:18:44.604017+07:00: VNREDSat-1 at 2026-06-18T20:12:22.750524+07:00: Az=9.39, El=1.88
2026-06-18T12:18:44.604994+07:00: VNREDSat-1 at 2026-06-18T20:12:23.750524+07:00: Az=9.32, El=1.82
2026-06-18T12:18:44.605961+07:00: VNREDSat-1 at 2026-06-18T20:12:24.750524+07:00: Az=9.25, El=1.77
2026-06-18T12:18:44.606917+07:00: VNREDSat-1 at 2026-06-18T20:12:25.750524+07:00: Az=9.18, El=1.71
2026-06-18T12:18:44.607874+07:00: VNREDSat-1 at 2026-06-18T20:12:26.750524+07:00: Az=9.12, El=1.65
2026-06-18T12:18:44.608818+07:00: VNREDSat-1 at 2026-06-18T20:12:27.750524+07:00: Az=9.05, El=1.59
2026-06-18T12:18:44.609772+07:00: VNREDSat-1 at 2026-06-18T20:12:28.750524+07:00: Az=8.99, El=1.53
2026-06-18T12:18:44.610729+07:00: VNREDSat-1 at 2026-06-18T20:12:29.750524+07:00: Az=8.92, El=1.47
2026-06-18T12:18:44.611682+07:00: VNREDSat-1 at 2026-06-18T20:12:30.750524+07:00: Az=8.85, El=1.41
2026-06-18T12:18:44.612636+07:00: VNREDSat-1 at 2026-06-18T20:12:31.750524+07:00: Az=8.79, El=1.35
2026-06-18T12:18:44.613579+07:00: VNREDSat-1 at 2026-06-18T20:12:32.750524+07:00: Az=8.72, El=1.29
2026-06-18T12:18:44.614524+07:00: VNREDSat-1 at 2026-06-18T20:12:33.750524+07:00: Az=8.66, El=1.24
2026-06-18T12:18:44.615472+07:00: VNREDSat-1 at 2026-06-18T20:12:34.750524+07:00: Az=8.59, El=1.18
2026-06-18T12:18:44.616425+07:00: VNREDSat-1 at 2026-06-18T20:12:35.750524+07:00: Az=8.53, El=1.12
2026-06-18T12:18:44.617383+07:00: VNREDSat-1 at 2026-06-18T20:12:36.750524+07:00: Az=8.47, El=1.06
2026-06-18T12:18:44.618374+07:00: VNREDSat-1 at 2026-06-18T20:12:37.750524+07:00: Az=8.40, El=1.00
2026-06-18T12:18:44.619354+07:00: VNREDSat-1 at 2026-06-18T20:12:38.750524+07:00: Az=8.34, El=0.95
2026-06-18T12:18:44.620325+07:00: VNREDSat-1 at 2026-06-18T20:12:39.750524+07:00: Az=8.28, El=0.89
2026-06-18T12:18:44.621280+07:00: VNREDSat-1 at 2026-06-18T20:12:40.750524+07:00: Az=8.21, El=0.83
2026-06-18T12:18:44.622237+07:00: VNREDSat-1 at 2026-06-18T20:12:41.750524+07:00: Az=8.15, El=0.77
2026-06-18T12:18:44.623187+07:00: VNREDSat-1 at 2026-06-18T20:12:42.750524+07:00: Az=8.09, El=0.72
2026-06-18T12:18:44.624148+07:00: VNREDSat-1 at 2026-06-18T20:12:43.750524+07:00: Az=8.03, El=0.66
2026-06-18T12:18:44.625127+07:00: VNREDSat-1 at 2026-06-18T20:12:44.750524+07:00: Az=7.97, El=0.60
2026-06-18T12:18:44.626125+07:00: VNREDSat-1 at 2026-06-18T20:12:45.750524+07:00: Az=7.90, El=0.54
2026-06-18T12:18:44.627097+07:00: VNREDSat-1 at 2026-06-18T20:12:46.750524+07:00: Az=7.84, El=0.49
2026-06-18T12:18:44.628061+07:00: VNREDSat-1 at 2026-06-18T20:12:47.750524+07:00: Az=7.78, El=0.43
2026-06-18T12:18:44.629015+07:00: VNREDSat-1 at 2026-06-18T20:12:48.750524+07:00: Az=7.72, El=0.37
2026-06-18T12:18:44.629980+07:00: VNREDSat-1 at 2026-06-18T20:12:49.750524+07:00: Az=7.66, El=0.32
2026-06-18T12:18:44.630933+07:00: VNREDSat-1 at 2026-06-18T20:12:50.750524+07:00: Az=7.60, El=0.26
2026-06-18T12:18:44.631876+07:00: VNREDSat-1 at 2026-06-18T20:12:51.750524+07:00: Az=7.54, El=0.20
2026-06-18T12:18:44.632828+07:00: VNREDSat-1 at 2026-06-18T20:12:52.750524+07:00: Az=7.48, El=0.15
2026-06-18T12:18:44.633785+07:00: VNREDSat-1 at 2026-06-18T20:12:53.750524+07:00: Az=7.42, El=0.09
2026-06-18T12:18:44.634753+07:00: VNREDSat-1 at 2026-06-18T20:12:54.750524+07:00: Az=7.36, El=0.03
2026-06-18T12:18:44.634930+07:00: Calculated 748 points for VNREDSat-1 (Az: 7.36-140.29, El: 0.01-23.74)
2026-06-18T12:18:44.640535+07:00: Pass for SPOT 6 at 2026-06-18T20:18:12.571222+07:00, mid elevation: 6.11
2026-06-18T12:18:44.641143+07:00: Pass for SPOT 6 at 2026-06-18T21:57:50.813670+07:00, mid elevation: 71.73
2026-06-18T12:18:44.641754+07:00: Pass for SPOT 6 at 2026-06-18T23:30:48.897959+07:00, mid elevation: 1.00
2026-06-18T12:18:44.642347+07:00: Pass for SPOT 6 at 2026-06-19T08:24:20.846110+07:00, mid elevation: 1.07
2026-06-18T12:18:44.642957+07:00: Pass for SPOT 6 at 2026-06-19T10:07:10.193979+07:00, mid elevation: 72.20
2026-06-18T12:18:44.643531+07:00: Pass for SPOT 6 at 2026-06-19T11:41:33.118524+07:00, mid elevation: 6.06
2026-06-18T12:18:44.644116+07:00: Pass for SPOT 6 at 2026-06-19T21:00:53.345383+07:00, mid elevation: 22.66
2026-06-18T12:18:44.644711+07:00: Pass for SPOT 6 at 2026-06-19T22:38:21.335269+07:00, mid elevation: 21.73
2026-06-18T12:18:44.645391+07:00: Pass for SPOT 6 at 2026-06-20T09:09:23.134974+07:00, mid elevation: 14.10
2026-06-18T12:18:44.645983+07:00: Pass for SPOT 6 at 2026-06-20T10:47:51.672388+07:00, mid elevation: 34.13
2026-06-18T12:18:44.646166+07:00: Found 10 valid passes for SPOT 6
2026-06-18T12:18:44.647163+07:00: SPOT 6 at 2026-06-18T20:09:33.115661+07:00: Az=108.10, El=0.00
2026-06-18T12:18:44.648168+07:00: SPOT 6 at 2026-06-18T20:09:34.115661+07:00: Az=107.98, El=0.04
2026-06-18T12:18:44.649153+07:00: SPOT 6 at 2026-06-18T20:09:35.115661+07:00: Az=107.87, El=0.08
2026-06-18T12:18:44.650142+07:00: SPOT 6 at 2026-06-18T20:09:36.115661+07:00: Az=107.76, El=0.11
2026-06-18T12:18:44.651108+07:00: SPOT 6 at 2026-06-18T20:09:37.115661+07:00: Az=107.64, El=0.15
2026-06-18T12:18:44.652068+07:00: SPOT 6 at 2026-06-18T20:09:38.115661+07:00: Az=107.53, El=0.19
2026-06-18T12:18:44.653039+07:00: SPOT 6 at 2026-06-18T20:09:39.115661+07:00: Az=107.41, El=0.23
2026-06-18T12:18:44.653993+07:00: SPOT 6 at 2026-06-18T20:09:40.115661+07:00: Az=107.30, El=0.26
2026-06-18T12:18:44.654954+07:00: SPOT 6 at 2026-06-18T20:09:41.115661+07:00: Az=107.18, El=0.30
2026-06-18T12:18:44.655914+07:00: SPOT 6 at 2026-06-18T20:09:42.115661+07:00: Az=107.07, El=0.34
2026-06-18T12:18:44.656884+07:00: SPOT 6 at 2026-06-18T20:09:43.115661+07:00: Az=106.95, El=0.37
2026-06-18T12:18:44.657856+07:00: SPOT 6 at 2026-06-18T20:09:44.115661+07:00: Az=106.83, El=0.41
2026-06-18T12:18:44.658814+07:00: SPOT 6 at 2026-06-18T20:09:45.115661+07:00: Az=106.72, El=0.45
2026-06-18T12:18:44.659763+07:00: SPOT 6 at 2026-06-18T20:09:46.115661+07:00: Az=106.60, El=0.48
2026-06-18T12:18:44.660723+07:00: SPOT 6 at 2026-06-18T20:09:47.115661+07:00: Az=106.48, El=0.52
2026-06-18T12:18:44.661667+07:00: SPOT 6 at 2026-06-18T20:09:48.115661+07:00: Az=106.37, El=0.56
2026-06-18T12:18:44.662619+07:00: SPOT 6 at 2026-06-18T20:09:49.115661+07:00: Az=106.25, El=0.60
2026-06-18T12:18:44.663569+07:00: SPOT 6 at 2026-06-18T20:09:50.115661+07:00: Az=106.13, El=0.63
2026-06-18T12:18:44.664549+07:00: SPOT 6 at 2026-06-18T20:09:51.115661+07:00: Az=106.01, El=0.67
2026-06-18T12:18:44.665499+07:00: SPOT 6 at 2026-06-18T20:09:52.115661+07:00: Az=105.89, El=0.70
2026-06-18T12:18:44.666455+07:00: SPOT 6 at 2026-06-18T20:09:53.115661+07:00: Az=105.77, El=0.74
2026-06-18T12:18:44.667401+07:00: SPOT 6 at 2026-06-18T20:09:54.115661+07:00: Az=105.65, El=0.78
2026-06-18T12:18:44.668363+07:00: SPOT 6 at 2026-06-18T20:09:55.115661+07:00: Az=105.54, El=0.81
2026-06-18T12:18:44.669316+07:00: SPOT 6 at 2026-06-18T20:09:56.115661+07:00: Az=105.42, El=0.85
2026-06-18T12:18:44.670273+07:00: SPOT 6 at 2026-06-18T20:09:57.115661+07:00: Az=105.29, El=0.89
2026-06-18T12:18:44.671247+07:00: SPOT 6 at 2026-06-18T20:09:58.115661+07:00: Az=105.17, El=0.92
2026-06-18T12:18:44.672219+07:00: SPOT 6 at 2026-06-18T20:09:59.115661+07:00: Az=105.05, El=0.96
2026-06-18T12:18:44.673190+07:00: SPOT 6 at 2026-06-18T20:10:00.115661+07:00: Az=104.93, El=1.00
2026-06-18T12:18:44.674160+07:00: SPOT 6 at 2026-06-18T20:10:01.115661+07:00: Az=104.81, El=1.03
2026-06-18T12:18:44.675125+07:00: SPOT 6 at 2026-06-18T20:10:02.115661+07:00: Az=104.69, El=1.07
2026-06-18T12:18:44.676084+07:00: SPOT 6 at 2026-06-18T20:10:03.115661+07:00: Az=104.57, El=1.10
2026-06-18T12:18:44.677044+07:00: SPOT 6 at 2026-06-18T20:10:04.115661+07:00: Az=104.44, El=1.14
2026-06-18T12:18:44.678000+07:00: SPOT 6 at 2026-06-18T20:10:05.115661+07:00: Az=104.32, El=1.18
2026-06-18T12:18:44.679000+07:00: SPOT 6 at 2026-06-18T20:10:06.115661+07:00: Az=104.20, El=1.21
2026-06-18T12:18:44.679958+07:00: SPOT 6 at 2026-06-18T20:10:07.115661+07:00: Az=104.07, El=1.25
2026-06-18T12:18:44.680910+07:00: SPOT 6 at 2026-06-18T20:10:08.115661+07:00: Az=103.95, El=1.28
2026-06-18T12:18:44.681858+07:00: SPOT 6 at 2026-06-18T20:10:09.115661+07:00: Az=103.82, El=1.32
2026-06-18T12:18:44.682821+07:00: SPOT 6 at 2026-06-18T20:10:10.115661+07:00: Az=103.70, El=1.35
2026-06-18T12:18:44.683775+07:00: SPOT 6 at 2026-06-18T20:10:11.115661+07:00: Az=103.58, El=1.39
2026-06-18T12:18:44.684727+07:00: SPOT 6 at 2026-06-18T20:10:12.115661+07:00: Az=103.45, El=1.42
2026-06-18T12:18:44.685677+07:00: SPOT 6 at 2026-06-18T20:10:13.115661+07:00: Az=103.32, El=1.46
2026-06-18T12:18:44.686636+07:00: SPOT 6 at 2026-06-18T20:10:14.115661+07:00: Az=103.20, El=1.50
2026-06-18T12:18:44.687598+07:00: SPOT 6 at 2026-06-18T20:10:15.115661+07:00: Az=103.07, El=1.53
2026-06-18T12:18:44.688559+07:00: SPOT 6 at 2026-06-18T20:10:16.115661+07:00: Az=102.95, El=1.57
2026-06-18T12:18:44.689501+07:00: SPOT 6 at 2026-06-18T20:10:17.115661+07:00: Az=102.82, El=1.60
2026-06-18T12:18:44.690454+07:00: SPOT 6 at 2026-06-18T20:10:18.115661+07:00: Az=102.69, El=1.64
2026-06-18T12:18:44.691398+07:00: SPOT 6 at 2026-06-18T20:10:19.115661+07:00: Az=102.56, El=1.67
2026-06-18T12:18:44.692351+07:00: SPOT 6 at 2026-06-18T20:10:20.115661+07:00: Az=102.44, El=1.71
2026-06-18T12:18:44.693313+07:00: SPOT 6 at 2026-06-18T20:10:21.115661+07:00: Az=102.31, El=1.74
2026-06-18T12:18:44.694282+07:00: SPOT 6 at 2026-06-18T20:10:22.115661+07:00: Az=102.18, El=1.78
2026-06-18T12:18:44.695250+07:00: SPOT 6 at 2026-06-18T20:10:23.115661+07:00: Az=102.05, El=1.81
2026-06-18T12:18:44.696216+07:00: SPOT 6 at 2026-06-18T20:10:24.115661+07:00: Az=101.92, El=1.84
2026-06-18T12:18:44.697176+07:00: SPOT 6 at 2026-06-18T20:10:25.115661+07:00: Az=101.79, El=1.88
2026-06-18T12:18:44.698155+07:00: SPOT 6 at 2026-06-18T20:10:26.115661+07:00: Az=101.66, El=1.91
2026-06-18T12:18:44.699115+07:00: SPOT 6 at 2026-06-18T20:10:27.115661+07:00: Az=101.53, El=1.95
2026-06-18T12:18:44.700076+07:00: SPOT 6 at 2026-06-18T20:10:28.115661+07:00: Az=101.40, El=1.98
2026-06-18T12:18:44.701044+07:00: SPOT 6 at 2026-06-18T20:10:29.115661+07:00: Az=101.27, El=2.02
2026-06-18T12:18:44.701994+07:00: SPOT 6 at 2026-06-18T20:10:30.115661+07:00: Az=101.14, El=2.05
2026-06-18T12:18:44.702956+07:00: SPOT 6 at 2026-06-18T20:10:31.115661+07:00: Az=101.01, El=2.08
2026-06-18T12:18:44.703911+07:00: SPOT 6 at 2026-06-18T20:10:32.115661+07:00: Az=100.88, El=2.12
2026-06-18T12:18:44.704871+07:00: SPOT 6 at 2026-06-18T20:10:33.115661+07:00: Az=100.74, El=2.15
2026-06-18T12:18:44.705811+07:00: SPOT 6 at 2026-06-18T20:10:34.115661+07:00: Az=100.61, El=2.19
2026-06-18T12:18:44.706762+07:00: SPOT 6 at 2026-06-18T20:10:35.115661+07:00: Az=100.48, El=2.22
2026-06-18T12:18:44.707736+07:00: SPOT 6 at 2026-06-18T20:10:36.115661+07:00: Az=100.34, El=2.25
2026-06-18T12:18:44.708714+07:00: SPOT 6 at 2026-06-18T20:10:37.115661+07:00: Az=100.21, El=2.29
2026-06-18T12:18:44.709668+07:00: SPOT 6 at 2026-06-18T20:10:38.115661+07:00: Az=100.08, El=2.32
2026-06-18T12:18:44.710618+07:00: SPOT 6 at 2026-06-18T20:10:39.115661+07:00: Az=99.94, El=2.35
2026-06-18T12:18:44.711568+07:00: SPOT 6 at 2026-06-18T20:10:40.115661+07:00: Az=99.81, El=2.39
2026-06-18T12:18:44.712550+07:00: SPOT 6 at 2026-06-18T20:10:41.115661+07:00: Az=99.67, El=2.42
2026-06-18T12:18:44.713565+07:00: SPOT 6 at 2026-06-18T20:10:42.115661+07:00: Az=99.54, El=2.45
2026-06-18T12:18:44.714534+07:00: SPOT 6 at 2026-06-18T20:10:43.115661+07:00: Az=99.40, El=2.49
2026-06-18T12:18:44.715522+07:00: SPOT 6 at 2026-06-18T20:10:44.115661+07:00: Az=99.27, El=2.52
2026-06-18T12:18:44.716515+07:00: SPOT 6 at 2026-06-18T20:10:45.115661+07:00: Az=99.13, El=2.55
2026-06-18T12:18:44.717494+07:00: SPOT 6 at 2026-06-18T20:10:46.115661+07:00: Az=98.99, El=2.59
2026-06-18T12:18:44.718493+07:00: SPOT 6 at 2026-06-18T20:10:47.115661+07:00: Az=98.86, El=2.62
2026-06-18T12:18:44.719456+07:00: SPOT 6 at 2026-06-18T20:10:48.115661+07:00: Az=98.72, El=2.65
2026-06-18T12:18:44.720429+07:00: SPOT 6 at 2026-06-18T20:10:49.115661+07:00: Az=98.58, El=2.68
2026-06-18T12:18:44.721385+07:00: SPOT 6 at 2026-06-18T20:10:50.115661+07:00: Az=98.44, El=2.72
2026-06-18T12:18:44.722348+07:00: SPOT 6 at 2026-06-18T20:10:51.115661+07:00: Az=98.31, El=2.75
2026-06-18T12:18:44.723306+07:00: SPOT 6 at 2026-06-18T20:10:52.115661+07:00: Az=98.17, El=2.78
2026-06-18T12:18:44.724272+07:00: SPOT 6 at 2026-06-18T20:10:53.115661+07:00: Az=98.03, El=2.81
2026-06-18T12:18:44.725224+07:00: SPOT 6 at 2026-06-18T20:10:54.115661+07:00: Az=97.89, El=2.85
2026-06-18T12:18:44.726166+07:00: SPOT 6 at 2026-06-18T20:10:55.115661+07:00: Az=97.75, El=2.88
2026-06-18T12:18:44.727120+07:00: SPOT 6 at 2026-06-18T20:10:56.115661+07:00: Az=97.61, El=2.91
2026-06-18T12:18:44.728073+07:00: SPOT 6 at 2026-06-18T20:10:57.115661+07:00: Az=97.47, El=2.94
2026-06-18T12:18:44.729028+07:00: SPOT 6 at 2026-06-18T20:10:58.115661+07:00: Az=97.33, El=2.97
2026-06-18T12:18:44.730004+07:00: SPOT 6 at 2026-06-18T20:10:59.115661+07:00: Az=97.19, El=3.01
2026-06-18T12:18:44.731017+07:00: SPOT 6 at 2026-06-18T20:11:00.115661+07:00: Az=97.05, El=3.04
2026-06-18T12:18:44.732058+07:00: SPOT 6 at 2026-06-18T20:11:01.115661+07:00: Az=96.91, El=3.07
2026-06-18T12:18:44.733058+07:00: SPOT 6 at 2026-06-18T20:11:02.115661+07:00: Az=96.76, El=3.10
2026-06-18T12:18:44.734041+07:00: SPOT 6 at 2026-06-18T20:11:03.115661+07:00: Az=96.62, El=3.13
2026-06-18T12:18:44.735011+07:00: SPOT 6 at 2026-06-18T20:11:04.115661+07:00: Az=96.48, El=3.16
2026-06-18T12:18:44.735971+07:00: SPOT 6 at 2026-06-18T20:11:05.115661+07:00: Az=96.34, El=3.19
2026-06-18T12:18:44.736928+07:00: SPOT 6 at 2026-06-18T20:11:06.115661+07:00: Az=96.19, El=3.22
2026-06-18T12:18:44.737890+07:00: SPOT 6 at 2026-06-18T20:11:07.115661+07:00: Az=96.05, El=3.25
2026-06-18T12:18:44.738860+07:00: SPOT 6 at 2026-06-18T20:11:08.115661+07:00: Az=95.91, El=3.29
2026-06-18T12:18:44.739815+07:00: SPOT 6 at 2026-06-18T20:11:09.115661+07:00: Az=95.76, El=3.32
2026-06-18T12:18:44.740779+07:00: SPOT 6 at 2026-06-18T20:11:10.115661+07:00: Az=95.62, El=3.35
2026-06-18T12:18:44.741736+07:00: SPOT 6 at 2026-06-18T20:11:11.115661+07:00: Az=95.47, El=3.38
2026-06-18T12:18:44.742704+07:00: SPOT 6 at 2026-06-18T20:11:12.115661+07:00: Az=95.33, El=3.41
2026-06-18T12:18:44.743660+07:00: SPOT 6 at 2026-06-18T20:11:13.115661+07:00: Az=95.18, El=3.44
2026-06-18T12:18:44.744625+07:00: SPOT 6 at 2026-06-18T20:11:14.115661+07:00: Az=95.04, El=3.47
2026-06-18T12:18:44.745638+07:00: SPOT 6 at 2026-06-18T20:11:15.115661+07:00: Az=94.89, El=3.50
2026-06-18T12:18:44.746622+07:00: SPOT 6 at 2026-06-18T20:11:16.115661+07:00: Az=94.74, El=3.53
2026-06-18T12:18:44.747582+07:00: SPOT 6 at 2026-06-18T20:11:17.115661+07:00: Az=94.60, El=3.56
2026-06-18T12:18:44.748546+07:00: SPOT 6 at 2026-06-18T20:11:18.115661+07:00: Az=94.45, El=3.59
2026-06-18T12:18:44.750086+07:00: SPOT 6 at 2026-06-18T20:11:19.115661+07:00: Az=94.30, El=3.61
2026-06-18T12:18:44.751058+07:00: SPOT 6 at 2026-06-18T20:11:20.115661+07:00: Az=94.16, El=3.64
2026-06-18T12:18:44.752012+07:00: SPOT 6 at 2026-06-18T20:11:21.115661+07:00: Az=94.01, El=3.67
2026-06-18T12:18:44.752965+07:00: SPOT 6 at 2026-06-18T20:11:22.115661+07:00: Az=93.86, El=3.70
2026-06-18T12:18:44.753913+07:00: SPOT 6 at 2026-06-18T20:11:23.115661+07:00: Az=93.71, El=3.73
2026-06-18T12:18:44.754868+07:00: SPOT 6 at 2026-06-18T20:11:24.115661+07:00: Az=93.56, El=3.76
2026-06-18T12:18:44.755817+07:00: SPOT 6 at 2026-06-18T20:11:25.115661+07:00: Az=93.41, El=3.79
2026-06-18T12:18:44.756769+07:00: SPOT 6 at 2026-06-18T20:11:26.115661+07:00: Az=93.26, El=3.82
2026-06-18T12:18:44.757755+07:00: SPOT 6 at 2026-06-18T20:11:27.115661+07:00: Az=93.11, El=3.85
2026-06-18T12:18:44.758726+07:00: SPOT 6 at 2026-06-18T20:11:28.115661+07:00: Az=92.96, El=3.87
2026-06-18T12:18:44.759668+07:00: SPOT 6 at 2026-06-18T20:11:29.115661+07:00: Az=92.81, El=3.90
2026-06-18T12:18:44.760667+07:00: SPOT 6 at 2026-06-18T20:11:30.115661+07:00: Az=92.66, El=3.93
2026-06-18T12:18:44.761656+07:00: SPOT 6 at 2026-06-18T20:11:31.115661+07:00: Az=92.51, El=3.96
2026-06-18T12:18:44.762625+07:00: SPOT 6 at 2026-06-18T20:11:32.115661+07:00: Az=92.36, El=3.99
2026-06-18T12:18:44.763602+07:00: SPOT 6 at 2026-06-18T20:11:33.115661+07:00: Az=92.21, El=4.01
2026-06-18T12:18:44.764557+07:00: SPOT 6 at 2026-06-18T20:11:34.115661+07:00: Az=92.05, El=4.04
2026-06-18T12:18:44.765513+07:00: SPOT 6 at 2026-06-18T20:11:35.115661+07:00: Az=91.90, El=4.07
2026-06-18T12:18:44.766471+07:00: SPOT 6 at 2026-06-18T20:11:36.115661+07:00: Az=91.75, El=4.10
2026-06-18T12:18:44.767428+07:00: SPOT 6 at 2026-06-18T20:11:37.115661+07:00: Az=91.60, El=4.12
2026-06-18T12:18:44.768933+07:00: SPOT 6 at 2026-06-18T20:11:38.115661+07:00: Az=91.44, El=4.15
2026-06-18T12:18:44.769970+07:00: SPOT 6 at 2026-06-18T20:11:39.115661+07:00: Az=91.29, El=4.18
2026-06-18T12:18:44.770942+07:00: SPOT 6 at 2026-06-18T20:11:40.115661+07:00: Az=91.13, El=4.20
2026-06-18T12:18:44.771907+07:00: SPOT 6 at 2026-06-18T20:11:41.115661+07:00: Az=90.98, El=4.23
2026-06-18T12:18:44.772869+07:00: SPOT 6 at 2026-06-18T20:11:42.115661+07:00: Az=90.83, El=4.26
2026-06-18T12:18:44.773825+07:00: SPOT 6 at 2026-06-18T20:11:43.115661+07:00: Az=90.67, El=4.28
2026-06-18T12:18:44.774781+07:00: SPOT 6 at 2026-06-18T20:11:44.115661+07:00: Az=90.52, El=4.31
2026-06-18T12:18:44.775755+07:00: SPOT 6 at 2026-06-18T20:11:45.115661+07:00: Az=90.36, El=4.33
2026-06-18T12:18:44.776710+07:00: SPOT 6 at 2026-06-18T20:11:46.115661+07:00: Az=90.20, El=4.36
2026-06-18T12:18:44.777700+07:00: SPOT 6 at 2026-06-18T20:11:47.115661+07:00: Az=90.05, El=4.38
2026-06-18T12:18:44.778679+07:00: SPOT 6 at 2026-06-18T20:11:48.115661+07:00: Az=89.89, El=4.41
2026-06-18T12:18:44.779668+07:00: SPOT 6 at 2026-06-18T20:11:49.115661+07:00: Az=89.74, El=4.44
2026-06-18T12:18:44.780662+07:00: SPOT 6 at 2026-06-18T20:11:50.115661+07:00: Az=89.58, El=4.46
2026-06-18T12:18:44.781660+07:00: SPOT 6 at 2026-06-18T20:11:51.115661+07:00: Az=89.42, El=4.49
2026-06-18T12:18:44.782679+07:00: SPOT 6 at 2026-06-18T20:11:52.115661+07:00: Az=89.26, El=4.51
2026-06-18T12:18:44.783722+07:00: SPOT 6 at 2026-06-18T20:11:53.115661+07:00: Az=89.11, El=4.54
2026-06-18T12:18:44.784774+07:00: SPOT 6 at 2026-06-18T20:11:54.115661+07:00: Az=88.95, El=4.56
2026-06-18T12:18:44.785779+07:00: SPOT 6 at 2026-06-18T20:11:55.115661+07:00: Az=88.79, El=4.58
2026-06-18T12:18:44.786755+07:00: SPOT 6 at 2026-06-18T20:11:56.115661+07:00: Az=88.63, El=4.61
2026-06-18T12:18:44.787763+07:00: SPOT 6 at 2026-06-18T20:11:57.115661+07:00: Az=88.47, El=4.63
2026-06-18T12:18:44.788741+07:00: SPOT 6 at 2026-06-18T20:11:58.115661+07:00: Az=88.31, El=4.66
2026-06-18T12:18:44.789698+07:00: SPOT 6 at 2026-06-18T20:11:59.115661+07:00: Az=88.15, El=4.68
2026-06-18T12:18:44.790656+07:00: SPOT 6 at 2026-06-18T20:12:00.115661+07:00: Az=87.99, El=4.70
2026-06-18T12:18:44.791669+07:00: SPOT 6 at 2026-06-18T20:12:01.115661+07:00: Az=87.83, El=4.73
2026-06-18T12:18:44.792636+07:00: SPOT 6 at 2026-06-18T20:12:02.115661+07:00: Az=87.67, El=4.75
2026-06-18T12:18:44.793614+07:00: SPOT 6 at 2026-06-18T20:12:03.115661+07:00: Az=87.51, El=4.77
2026-06-18T12:18:44.794568+07:00: SPOT 6 at 2026-06-18T20:12:04.115661+07:00: Az=87.35, El=4.80
2026-06-18T12:18:44.795521+07:00: SPOT 6 at 2026-06-18T20:12:05.115661+07:00: Az=87.19, El=4.82
2026-06-18T12:18:44.796471+07:00: SPOT 6 at 2026-06-18T20:12:06.115661+07:00: Az=87.03, El=4.84
2026-06-18T12:18:44.797432+07:00: SPOT 6 at 2026-06-18T20:12:07.115661+07:00: Az=86.87, El=4.86
2026-06-18T12:18:44.798392+07:00: SPOT 6 at 2026-06-18T20:12:08.115661+07:00: Az=86.70, El=4.89
2026-06-18T12:18:44.799397+07:00: SPOT 6 at 2026-06-18T20:12:09.115661+07:00: Az=86.54, El=4.91
2026-06-18T12:18:44.800373+07:00: SPOT 6 at 2026-06-18T20:12:10.115661+07:00: Az=86.38, El=4.93
2026-06-18T12:18:44.801335+07:00: SPOT 6 at 2026-06-18T20:12:11.115661+07:00: Az=86.22, El=4.95
2026-06-18T12:18:44.802323+07:00: SPOT 6 at 2026-06-18T20:12:12.115661+07:00: Az=86.05, El=4.97
2026-06-18T12:18:44.803283+07:00: SPOT 6 at 2026-06-18T20:12:13.115661+07:00: Az=85.89, El=4.99
2026-06-18T12:18:44.804246+07:00: SPOT 6 at 2026-06-18T20:12:14.115661+07:00: Az=85.73, El=5.02
2026-06-18T12:18:44.805207+07:00: SPOT 6 at 2026-06-18T20:12:15.115661+07:00: Az=85.56, El=5.04
2026-06-18T12:18:44.806198+07:00: SPOT 6 at 2026-06-18T20:12:16.115661+07:00: Az=85.40, El=5.06
2026-06-18T12:18:44.807209+07:00: SPOT 6 at 2026-06-18T20:12:17.115661+07:00: Az=85.23, El=5.08
2026-06-18T12:18:44.808182+07:00: SPOT 6 at 2026-06-18T20:12:18.115661+07:00: Az=85.07, El=5.10
2026-06-18T12:18:44.809178+07:00: SPOT 6 at 2026-06-18T20:12:19.115661+07:00: Az=84.90, El=5.12
2026-06-18T12:18:44.810141+07:00: SPOT 6 at 2026-06-18T20:12:20.115661+07:00: Az=84.74, El=5.14
2026-06-18T12:18:44.811100+07:00: SPOT 6 at 2026-06-18T20:12:21.115661+07:00: Az=84.57, El=5.16
2026-06-18T12:18:44.812064+07:00: SPOT 6 at 2026-06-18T20:12:22.115661+07:00: Az=84.41, El=5.18
2026-06-18T12:18:44.813011+07:00: SPOT 6 at 2026-06-18T20:12:23.115661+07:00: Az=84.24, El=5.20
2026-06-18T12:18:44.813970+07:00: SPOT 6 at 2026-06-18T20:12:24.115661+07:00: Az=84.07, El=5.22
2026-06-18T12:18:44.814944+07:00: SPOT 6 at 2026-06-18T20:12:25.115661+07:00: Az=83.91, El=5.24
2026-06-18T12:18:44.815916+07:00: SPOT 6 at 2026-06-18T20:12:26.115661+07:00: Az=83.74, El=5.26
2026-06-18T12:18:44.816870+07:00: SPOT 6 at 2026-06-18T20:12:27.115661+07:00: Az=83.57, El=5.28
2026-06-18T12:18:44.817830+07:00: SPOT 6 at 2026-06-18T20:12:28.115661+07:00: Az=83.41, El=5.29
2026-06-18T12:18:44.818788+07:00: SPOT 6 at 2026-06-18T20:12:29.115661+07:00: Az=83.24, El=5.31
2026-06-18T12:18:44.819752+07:00: SPOT 6 at 2026-06-18T20:12:30.115661+07:00: Az=83.07, El=5.33
2026-06-18T12:18:44.820708+07:00: SPOT 6 at 2026-06-18T20:12:31.115661+07:00: Az=82.91, El=5.35
2026-06-18T12:18:44.821677+07:00: SPOT 6 at 2026-06-18T20:12:32.115661+07:00: Az=82.74, El=5.37
2026-06-18T12:18:44.822654+07:00: SPOT 6 at 2026-06-18T20:12:33.115661+07:00: Az=82.57, El=5.38
2026-06-18T12:18:44.823625+07:00: SPOT 6 at 2026-06-18T20:12:34.115661+07:00: Az=82.40, El=5.40
2026-06-18T12:18:44.824816+07:00: SPOT 6 at 2026-06-18T20:12:35.115661+07:00: Az=82.23, El=5.42
2026-06-18T12:18:44.825852+07:00: SPOT 6 at 2026-06-18T20:12:36.115661+07:00: Az=82.06, El=5.44
2026-06-18T12:18:44.826845+07:00: SPOT 6 at 2026-06-18T20:12:37.115661+07:00: Az=81.89, El=5.45
2026-06-18T12:18:44.827827+07:00: SPOT 6 at 2026-06-18T20:12:38.115661+07:00: Az=81.72, El=5.47
2026-06-18T12:18:44.828811+07:00: SPOT 6 at 2026-06-18T20:12:39.115661+07:00: Az=81.55, El=5.49
2026-06-18T12:18:44.829826+07:00: SPOT 6 at 2026-06-18T20:12:40.115661+07:00: Az=81.39, El=5.50
2026-06-18T12:18:44.830820+07:00: SPOT 6 at 2026-06-18T20:12:41.115661+07:00: Az=81.22, El=5.52
2026-06-18T12:18:44.831814+07:00: SPOT 6 at 2026-06-18T20:12:42.115661+07:00: Az=81.05, El=5.53
2026-06-18T12:18:44.832784+07:00: SPOT 6 at 2026-06-18T20:12:43.115661+07:00: Az=80.87, El=5.55
2026-06-18T12:18:44.833749+07:00: SPOT 6 at 2026-06-18T20:12:44.115661+07:00: Az=80.70, El=5.57
2026-06-18T12:18:44.834702+07:00: SPOT 6 at 2026-06-18T20:12:45.115661+07:00: Az=80.53, El=5.58
2026-06-18T12:18:44.835662+07:00: SPOT 6 at 2026-06-18T20:12:46.115661+07:00: Az=80.36, El=5.60
2026-06-18T12:18:44.836615+07:00: SPOT 6 at 2026-06-18T20:12:47.115661+07:00: Az=80.19, El=5.61
2026-06-18T12:18:44.837581+07:00: SPOT 6 at 2026-06-18T20:12:48.115661+07:00: Az=80.02, El=5.63
2026-06-18T12:18:44.838537+07:00: SPOT 6 at 2026-06-18T20:12:49.115661+07:00: Az=79.85, El=5.64
2026-06-18T12:18:44.839497+07:00: SPOT 6 at 2026-06-18T20:12:50.115661+07:00: Az=79.68, El=5.65
2026-06-18T12:18:44.840455+07:00: SPOT 6 at 2026-06-18T20:12:51.115661+07:00: Az=79.51, El=5.67
2026-06-18T12:18:44.841425+07:00: SPOT 6 at 2026-06-18T20:12:52.115661+07:00: Az=79.33, El=5.68
2026-06-18T12:18:44.842380+07:00: SPOT 6 at 2026-06-18T20:12:53.115661+07:00: Az=79.16, El=5.70
2026-06-18T12:18:44.843370+07:00: SPOT 6 at 2026-06-18T20:12:54.115661+07:00: Az=78.99, El=5.71
2026-06-18T12:18:44.844356+07:00: SPOT 6 at 2026-06-18T20:12:55.115661+07:00: Az=78.82, El=5.72
2026-06-18T12:18:44.845316+07:00: SPOT 6 at 2026-06-18T20:12:56.115661+07:00: Az=78.64, El=5.74
2026-06-18T12:18:44.846273+07:00: SPOT 6 at 2026-06-18T20:12:57.115661+07:00: Az=78.47, El=5.75
2026-06-18T12:18:44.847240+07:00: SPOT 6 at 2026-06-18T20:12:58.115661+07:00: Az=78.30, El=5.76
2026-06-18T12:18:44.848196+07:00: SPOT 6 at 2026-06-18T20:12:59.115661+07:00: Az=78.12, El=5.77
2026-06-18T12:18:44.849155+07:00: SPOT 6 at 2026-06-18T20:13:00.115661+07:00: Az=77.95, El=5.79
2026-06-18T12:18:44.850111+07:00: SPOT 6 at 2026-06-18T20:13:01.115661+07:00: Az=77.78, El=5.80
2026-06-18T12:18:44.851071+07:00: SPOT 6 at 2026-06-18T20:13:02.115661+07:00: Az=77.60, El=5.81
2026-06-18T12:18:44.852034+07:00: SPOT 6 at 2026-06-18T20:13:03.115661+07:00: Az=77.43, El=5.82
2026-06-18T12:18:44.853095+07:00: SPOT 6 at 2026-06-18T20:13:04.115661+07:00: Az=77.26, El=5.83
2026-06-18T12:18:44.854065+07:00: SPOT 6 at 2026-06-18T20:13:05.115661+07:00: Az=77.08, El=5.84
2026-06-18T12:18:44.855019+07:00: SPOT 6 at 2026-06-18T20:13:06.115661+07:00: Az=76.91, El=5.85
2026-06-18T12:18:44.855990+07:00: SPOT 6 at 2026-06-18T20:13:07.115661+07:00: Az=76.73, El=5.86
2026-06-18T12:18:44.857006+07:00: SPOT 6 at 2026-06-18T20:13:08.115661+07:00: Az=76.56, El=5.87
2026-06-18T12:18:44.858003+07:00: SPOT 6 at 2026-06-18T20:13:09.115661+07:00: Az=76.38, El=5.89
2026-06-18T12:18:44.858980+07:00: SPOT 6 at 2026-06-18T20:13:10.115661+07:00: Az=76.21, El=5.90
2026-06-18T12:18:44.860033+07:00: SPOT 6 at 2026-06-18T20:13:11.115661+07:00: Az=76.03, El=5.90
2026-06-18T12:18:44.861027+07:00: SPOT 6 at 2026-06-18T20:13:12.115661+07:00: Az=75.86, El=5.91
2026-06-18T12:18:44.862156+07:00: SPOT 6 at 2026-06-18T20:13:13.115661+07:00: Az=75.68, El=5.92
2026-06-18T12:18:44.863287+07:00: SPOT 6 at 2026-06-18T20:13:14.115661+07:00: Az=75.51, El=5.93
2026-06-18T12:18:44.864338+07:00: SPOT 6 at 2026-06-18T20:13:15.115661+07:00: Az=75.33, El=5.94
2026-06-18T12:18:44.865414+07:00: SPOT 6 at 2026-06-18T20:13:16.115661+07:00: Az=75.16, El=5.95
2026-06-18T12:18:44.866420+07:00: SPOT 6 at 2026-06-18T20:13:17.115661+07:00: Az=74.98, El=5.96
2026-06-18T12:18:44.867448+07:00: SPOT 6 at 2026-06-18T20:13:18.115661+07:00: Az=74.81, El=5.97
2026-06-18T12:18:44.868430+07:00: SPOT 6 at 2026-06-18T20:13:19.115661+07:00: Az=74.63, El=5.97
2026-06-18T12:18:44.869400+07:00: SPOT 6 at 2026-06-18T20:13:20.115661+07:00: Az=74.45, El=5.98
2026-06-18T12:18:44.870384+07:00: SPOT 6 at 2026-06-18T20:13:21.115661+07:00: Az=74.28, El=5.99
2026-06-18T12:18:44.871359+07:00: SPOT 6 at 2026-06-18T20:13:22.115661+07:00: Az=74.10, El=6.00
2026-06-18T12:18:44.872323+07:00: SPOT 6 at 2026-06-18T20:13:23.115661+07:00: Az=73.93, El=6.00
2026-06-18T12:18:44.873293+07:00: SPOT 6 at 2026-06-18T20:13:24.115661+07:00: Az=73.75, El=6.01
2026-06-18T12:18:44.874252+07:00: SPOT 6 at 2026-06-18T20:13:25.115661+07:00: Az=73.57, El=6.02
2026-06-18T12:18:44.875211+07:00: SPOT 6 at 2026-06-18T20:13:26.115661+07:00: Az=73.40, El=6.02
2026-06-18T12:18:44.876162+07:00: SPOT 6 at 2026-06-18T20:13:27.115661+07:00: Az=73.22, El=6.03
2026-06-18T12:18:44.877128+07:00: SPOT 6 at 2026-06-18T20:13:28.115661+07:00: Az=73.04, El=6.04
2026-06-18T12:18:44.878110+07:00: SPOT 6 at 2026-06-18T20:13:29.115661+07:00: Az=72.87, El=6.04
2026-06-18T12:18:44.879088+07:00: SPOT 6 at 2026-06-18T20:13:30.115661+07:00: Az=72.69, El=6.05
2026-06-18T12:18:44.880042+07:00: SPOT 6 at 2026-06-18T20:13:31.115661+07:00: Az=72.51, El=6.05
2026-06-18T12:18:44.880998+07:00: SPOT 6 at 2026-06-18T20:13:32.115661+07:00: Az=72.34, El=6.06
2026-06-18T12:18:44.881943+07:00: SPOT 6 at 2026-06-18T20:13:33.115661+07:00: Az=72.16, El=6.06
2026-06-18T12:18:44.882889+07:00: SPOT 6 at 2026-06-18T20:13:34.115661+07:00: Az=71.98, El=6.07
2026-06-18T12:18:44.883835+07:00: SPOT 6 at 2026-06-18T20:13:35.115661+07:00: Az=71.80, El=6.07
2026-06-18T12:18:44.884866+07:00: SPOT 6 at 2026-06-18T20:13:36.115661+07:00: Az=71.63, El=6.08
2026-06-18T12:18:44.885904+07:00: SPOT 6 at 2026-06-18T20:13:37.115661+07:00: Az=71.45, El=6.08
2026-06-18T12:18:44.886892+07:00: SPOT 6 at 2026-06-18T20:13:38.115661+07:00: Az=71.27, El=6.08
2026-06-18T12:18:44.887870+07:00: SPOT 6 at 2026-06-18T20:13:39.115661+07:00: Az=71.10, El=6.09
2026-06-18T12:18:44.888828+07:00: SPOT 6 at 2026-06-18T20:13:40.115661+07:00: Az=70.92, El=6.09
2026-06-18T12:18:44.889790+07:00: SPOT 6 at 2026-06-18T20:13:41.115661+07:00: Az=70.74, El=6.09
2026-06-18T12:18:44.890749+07:00: SPOT 6 at 2026-06-18T20:13:42.115661+07:00: Az=70.56, El=6.09
2026-06-18T12:18:44.891725+07:00: SPOT 6 at 2026-06-18T20:13:43.115661+07:00: Az=70.39, El=6.10
2026-06-18T12:18:44.892689+07:00: SPOT 6 at 2026-06-18T20:13:44.115661+07:00: Az=70.21, El=6.10
2026-06-18T12:18:44.893664+07:00: SPOT 6 at 2026-06-18T20:13:45.115661+07:00: Az=70.03, El=6.10
2026-06-18T12:18:44.894627+07:00: SPOT 6 at 2026-06-18T20:13:46.115661+07:00: Az=69.85, El=6.10
2026-06-18T12:18:44.895591+07:00: SPOT 6 at 2026-06-18T20:13:47.115661+07:00: Az=69.68, El=6.10
2026-06-18T12:18:44.896552+07:00: SPOT 6 at 2026-06-18T20:13:48.115661+07:00: Az=69.50, El=6.11
2026-06-18T12:18:44.897513+07:00: SPOT 6 at 2026-06-18T20:13:49.115661+07:00: Az=69.32, El=6.11
2026-06-18T12:18:44.898463+07:00: SPOT 6 at 2026-06-18T20:13:50.115661+07:00: Az=69.14, El=6.11
2026-06-18T12:18:44.899422+07:00: SPOT 6 at 2026-06-18T20:13:51.115661+07:00: Az=68.97, El=6.11
2026-06-18T12:18:44.900406+07:00: SPOT 6 at 2026-06-18T20:13:52.115661+07:00: Az=68.79, El=6.11
2026-06-18T12:18:44.901367+07:00: SPOT 6 at 2026-06-18T20:13:53.115661+07:00: Az=68.61, El=6.11
2026-06-18T12:18:44.902315+07:00: SPOT 6 at 2026-06-18T20:13:54.115661+07:00: Az=68.43, El=6.11
2026-06-18T12:18:44.903268+07:00: SPOT 6 at 2026-06-18T20:13:55.115661+07:00: Az=68.26, El=6.11
2026-06-18T12:18:44.904255+07:00: SPOT 6 at 2026-06-18T20:13:56.115661+07:00: Az=68.08, El=6.11
2026-06-18T12:18:44.905207+07:00: SPOT 6 at 2026-06-18T20:13:57.115661+07:00: Az=67.90, El=6.11
2026-06-18T12:18:44.906252+07:00: SPOT 6 at 2026-06-18T20:13:58.115661+07:00: Az=67.72, El=6.11
2026-06-18T12:18:44.907215+07:00: SPOT 6 at 2026-06-18T20:13:59.115661+07:00: Az=67.54, El=6.10
2026-06-18T12:18:44.908176+07:00: SPOT 6 at 2026-06-18T20:14:00.115661+07:00: Az=67.37, El=6.10
2026-06-18T12:18:44.909139+07:00: SPOT 6 at 2026-06-18T20:14:01.115661+07:00: Az=67.19, El=6.10
2026-06-18T12:18:44.910096+07:00: SPOT 6 at 2026-06-18T20:14:02.115661+07:00: Az=67.01, El=6.10
2026-06-18T12:18:44.911057+07:00: SPOT 6 at 2026-06-18T20:14:03.115661+07:00: Az=66.83, El=6.10
2026-06-18T12:18:44.912030+07:00: SPOT 6 at 2026-06-18T20:14:04.115661+07:00: Az=66.66, El=6.09
2026-06-18T12:18:44.912988+07:00: SPOT 6 at 2026-06-18T20:14:05.115661+07:00: Az=66.48, El=6.09
2026-06-18T12:18:44.913950+07:00: SPOT 6 at 2026-06-18T20:14:06.115661+07:00: Az=66.30, El=6.09
2026-06-18T12:18:44.914919+07:00: SPOT 6 at 2026-06-18T20:14:07.115661+07:00: Az=66.13, El=6.09
2026-06-18T12:18:44.915977+07:00: SPOT 6 at 2026-06-18T20:14:08.115661+07:00: Az=65.95, El=6.08
2026-06-18T12:18:44.916980+07:00: SPOT 6 at 2026-06-18T20:14:09.115661+07:00: Az=65.77, El=6.08
2026-06-18T12:18:44.917955+07:00: SPOT 6 at 2026-06-18T20:14:10.115661+07:00: Az=65.59, El=6.08
2026-06-18T12:18:44.918931+07:00: SPOT 6 at 2026-06-18T20:14:11.115661+07:00: Az=65.42, El=6.07
2026-06-18T12:18:44.919881+07:00: SPOT 6 at 2026-06-18T20:14:12.115661+07:00: Az=65.24, El=6.07
2026-06-18T12:18:44.920838+07:00: SPOT 6 at 2026-06-18T20:14:13.115661+07:00: Az=65.06, El=6.06
2026-06-18T12:18:44.921815+07:00: SPOT 6 at 2026-06-18T20:14:14.115661+07:00: Az=64.89, El=6.06
2026-06-18T12:18:44.922778+07:00: SPOT 6 at 2026-06-18T20:14:15.115661+07:00: Az=64.71, El=6.05
2026-06-18T12:18:44.923727+07:00: SPOT 6 at 2026-06-18T20:14:16.115661+07:00: Az=64.53, El=6.05
2026-06-18T12:18:44.924679+07:00: SPOT 6 at 2026-06-18T20:14:17.115661+07:00: Az=64.35, El=6.04
2026-06-18T12:18:44.925629+07:00: SPOT 6 at 2026-06-18T20:14:18.115661+07:00: Az=64.18, El=6.04
2026-06-18T12:18:44.926620+07:00: SPOT 6 at 2026-06-18T20:14:19.115661+07:00: Az=64.00, El=6.03
2026-06-18T12:18:44.927589+07:00: SPOT 6 at 2026-06-18T20:14:20.115661+07:00: Az=63.82, El=6.02
2026-06-18T12:18:44.928564+07:00: SPOT 6 at 2026-06-18T20:14:21.115661+07:00: Az=63.65, El=6.02
2026-06-18T12:18:44.929536+07:00: SPOT 6 at 2026-06-18T20:14:22.115661+07:00: Az=63.47, El=6.01
2026-06-18T12:18:44.930553+07:00: SPOT 6 at 2026-06-18T20:14:23.115661+07:00: Az=63.30, El=6.00
2026-06-18T12:18:44.931514+07:00: SPOT 6 at 2026-06-18T20:14:24.115661+07:00: Az=63.12, El=6.00
2026-06-18T12:18:44.932464+07:00: SPOT 6 at 2026-06-18T20:14:25.115661+07:00: Az=62.94, El=5.99
2026-06-18T12:18:44.933422+07:00: SPOT 6 at 2026-06-18T20:14:26.115661+07:00: Az=62.77, El=5.98
2026-06-18T12:18:44.934380+07:00: SPOT 6 at 2026-06-18T20:14:27.115661+07:00: Az=62.59, El=5.97
2026-06-18T12:18:44.935364+07:00: SPOT 6 at 2026-06-18T20:14:28.115661+07:00: Az=62.42, El=5.97
2026-06-18T12:18:44.936326+07:00: SPOT 6 at 2026-06-18T20:14:29.115661+07:00: Az=62.24, El=5.96
2026-06-18T12:18:44.937312+07:00: SPOT 6 at 2026-06-18T20:14:30.115661+07:00: Az=62.07, El=5.95
2026-06-18T12:18:44.938290+07:00: SPOT 6 at 2026-06-18T20:14:31.115661+07:00: Az=61.89, El=5.94
2026-06-18T12:18:44.939259+07:00: SPOT 6 at 2026-06-18T20:14:32.115661+07:00: Az=61.71, El=5.93
2026-06-18T12:18:44.940221+07:00: SPOT 6 at 2026-06-18T20:14:33.115661+07:00: Az=61.54, El=5.92
2026-06-18T12:18:44.941179+07:00: SPOT 6 at 2026-06-18T20:14:34.115661+07:00: Az=61.36, El=5.91
2026-06-18T12:18:44.942165+07:00: SPOT 6 at 2026-06-18T20:14:35.115661+07:00: Az=61.19, El=5.90
2026-06-18T12:18:44.943136+07:00: SPOT 6 at 2026-06-18T20:14:36.115661+07:00: Az=61.01, El=5.90
2026-06-18T12:18:44.944091+07:00: SPOT 6 at 2026-06-18T20:14:37.115661+07:00: Az=60.84, El=5.89
2026-06-18T12:18:44.945074+07:00: SPOT 6 at 2026-06-18T20:14:38.115661+07:00: Az=60.67, El=5.87
2026-06-18T12:18:44.946036+07:00: SPOT 6 at 2026-06-18T20:14:39.115661+07:00: Az=60.49, El=5.86
2026-06-18T12:18:44.946994+07:00: SPOT 6 at 2026-06-18T20:14:40.115661+07:00: Az=60.32, El=5.85
2026-06-18T12:18:44.947959+07:00: SPOT 6 at 2026-06-18T20:14:41.115661+07:00: Az=60.14, El=5.84
2026-06-18T12:18:44.948923+07:00: SPOT 6 at 2026-06-18T20:14:42.115661+07:00: Az=59.97, El=5.83
2026-06-18T12:18:44.949876+07:00: SPOT 6 at 2026-06-18T20:14:43.115661+07:00: Az=59.79, El=5.82
2026-06-18T12:18:44.950858+07:00: SPOT 6 at 2026-06-18T20:14:44.115661+07:00: Az=59.62, El=5.81
2026-06-18T12:18:44.951855+07:00: SPOT 6 at 2026-06-18T20:14:45.115661+07:00: Az=59.45, El=5.80
2026-06-18T12:18:44.953406+07:00: SPOT 6 at 2026-06-18T20:14:46.115661+07:00: Az=59.27, El=5.79
2026-06-18T12:18:44.954370+07:00: SPOT 6 at 2026-06-18T20:14:47.115661+07:00: Az=59.10, El=5.77
2026-06-18T12:18:44.955330+07:00: SPOT 6 at 2026-06-18T20:14:48.115661+07:00: Az=58.93, El=5.76
2026-06-18T12:18:44.956280+07:00: SPOT 6 at 2026-06-18T20:14:49.115661+07:00: Az=58.75, El=5.75
2026-06-18T12:18:44.957231+07:00: SPOT 6 at 2026-06-18T20:14:50.115661+07:00: Az=58.58, El=5.74
2026-06-18T12:18:44.958185+07:00: SPOT 6 at 2026-06-18T20:14:51.115661+07:00: Az=58.41, El=5.72
2026-06-18T12:18:44.959143+07:00: SPOT 6 at 2026-06-18T20:14:52.115661+07:00: Az=58.24, El=5.71
2026-06-18T12:18:44.960117+07:00: SPOT 6 at 2026-06-18T20:14:53.115661+07:00: Az=58.07, El=5.70
2026-06-18T12:18:44.961082+07:00: SPOT 6 at 2026-06-18T20:14:54.115661+07:00: Az=57.89, El=5.68
2026-06-18T12:18:44.962070+07:00: SPOT 6 at 2026-06-18T20:14:55.115661+07:00: Az=57.72, El=5.67
2026-06-18T12:18:44.963028+07:00: SPOT 6 at 2026-06-18T20:14:56.115661+07:00: Az=57.55, El=5.65
2026-06-18T12:18:44.963991+07:00: SPOT 6 at 2026-06-18T20:14:57.115661+07:00: Az=57.38, El=5.64
2026-06-18T12:18:44.964944+07:00: SPOT 6 at 2026-06-18T20:14:58.115661+07:00: Az=57.21, El=5.63
2026-06-18T12:18:44.965893+07:00: SPOT 6 at 2026-06-18T20:14:59.115661+07:00: Az=57.04, El=5.61
2026-06-18T12:18:44.966866+07:00: SPOT 6 at 2026-06-18T20:15:00.115661+07:00: Az=56.86, El=5.60
2026-06-18T12:18:44.968002+07:00: SPOT 6 at 2026-06-18T20:15:01.115661+07:00: Az=56.69, El=5.58
2026-06-18T12:18:44.968982+07:00: SPOT 6 at 2026-06-18T20:15:02.115661+07:00: Az=56.52, El=5.57
2026-06-18T12:18:44.969940+07:00: SPOT 6 at 2026-06-18T20:15:03.115661+07:00: Az=56.35, El=5.55
2026-06-18T12:18:44.970909+07:00: SPOT 6 at 2026-06-18T20:15:04.115661+07:00: Az=56.18, El=5.53
2026-06-18T12:18:44.971864+07:00: SPOT 6 at 2026-06-18T20:15:05.115661+07:00: Az=56.01, El=5.52
2026-06-18T12:18:44.972820+07:00: SPOT 6 at 2026-06-18T20:15:06.115661+07:00: Az=55.84, El=5.50
2026-06-18T12:18:44.973802+07:00: SPOT 6 at 2026-06-18T20:15:07.115661+07:00: Az=55.67, El=5.49
2026-06-18T12:18:44.974973+07:00: SPOT 6 at 2026-06-18T20:15:08.115661+07:00: Az=55.50, El=5.47
2026-06-18T12:18:44.975995+07:00: SPOT 6 at 2026-06-18T20:15:09.115661+07:00: Az=55.34, El=5.45
2026-06-18T12:18:44.976954+07:00: SPOT 6 at 2026-06-18T20:15:10.115661+07:00: Az=55.17, El=5.44
2026-06-18T12:18:44.977911+07:00: SPOT 6 at 2026-06-18T20:15:11.115661+07:00: Az=55.00, El=5.42
2026-06-18T12:18:44.978866+07:00: SPOT 6 at 2026-06-18T20:15:12.115661+07:00: Az=54.83, El=5.40
2026-06-18T12:18:44.979818+07:00: SPOT 6 at 2026-06-18T20:15:13.115661+07:00: Az=54.66, El=5.38
2026-06-18T12:18:44.980777+07:00: SPOT 6 at 2026-06-18T20:15:14.115661+07:00: Az=54.49, El=5.37
2026-06-18T12:18:44.981739+07:00: SPOT 6 at 2026-06-18T20:15:15.115661+07:00: Az=54.33, El=5.35
2026-06-18T12:18:44.982694+07:00: SPOT 6 at 2026-06-18T20:15:16.115661+07:00: Az=54.16, El=5.33
2026-06-18T12:18:44.983644+07:00: SPOT 6 at 2026-06-18T20:15:17.115661+07:00: Az=53.99, El=5.31
2026-06-18T12:18:44.984602+07:00: SPOT 6 at 2026-06-18T20:15:18.115661+07:00: Az=53.82, El=5.29
2026-06-18T12:18:44.985553+07:00: SPOT 6 at 2026-06-18T20:15:19.115661+07:00: Az=53.66, El=5.27
2026-06-18T12:18:44.986520+07:00: SPOT 6 at 2026-06-18T20:15:20.115661+07:00: Az=53.49, El=5.26
2026-06-18T12:18:44.987471+07:00: SPOT 6 at 2026-06-18T20:15:21.115661+07:00: Az=53.32, El=5.24
2026-06-18T12:18:44.988433+07:00: SPOT 6 at 2026-06-18T20:15:22.115661+07:00: Az=53.16, El=5.22
2026-06-18T12:18:44.989396+07:00: SPOT 6 at 2026-06-18T20:15:23.115661+07:00: Az=52.99, El=5.20
2026-06-18T12:18:44.990367+07:00: SPOT 6 at 2026-06-18T20:15:24.115661+07:00: Az=52.83, El=5.18
2026-06-18T12:18:44.991329+07:00: SPOT 6 at 2026-06-18T20:15:25.115661+07:00: Az=52.66, El=5.16
2026-06-18T12:18:44.992288+07:00: SPOT 6 at 2026-06-18T20:15:26.115661+07:00: Az=52.50, El=5.14
2026-06-18T12:18:44.993235+07:00: SPOT 6 at 2026-06-18T20:15:27.115661+07:00: Az=52.33, El=5.12
2026-06-18T12:18:44.994191+07:00: SPOT 6 at 2026-06-18T20:15:28.115661+07:00: Az=52.17, El=5.10
2026-06-18T12:18:44.995153+07:00: SPOT 6 at 2026-06-18T20:15:29.115661+07:00: Az=52.00, El=5.08
2026-06-18T12:18:44.996105+07:00: SPOT 6 at 2026-06-18T20:15:30.115661+07:00: Az=51.84, El=5.06
2026-06-18T12:18:44.997068+07:00: SPOT 6 at 2026-06-18T20:15:31.115661+07:00: Az=51.67, El=5.04
2026-06-18T12:18:44.998021+07:00: SPOT 6 at 2026-06-18T20:15:32.115661+07:00: Az=51.51, El=5.01
2026-06-18T12:18:44.998980+07:00: SPOT 6 at 2026-06-18T20:15:33.115661+07:00: Az=51.35, El=4.99
2026-06-18T12:18:44.999926+07:00: SPOT 6 at 2026-06-18T20:15:34.115661+07:00: Az=51.18, El=4.97
2026-06-18T12:18:45.000883+07:00: SPOT 6 at 2026-06-18T20:15:35.115661+07:00: Az=51.02, El=4.95
2026-06-18T12:18:45.001833+07:00: SPOT 6 at 2026-06-18T20:15:36.115661+07:00: Az=50.86, El=4.93
2026-06-18T12:18:45.002783+07:00: SPOT 6 at 2026-06-18T20:15:37.115661+07:00: Az=50.70, El=4.91
2026-06-18T12:18:45.003949+07:00: SPOT 6 at 2026-06-18T20:15:38.115661+07:00: Az=50.53, El=4.88
2026-06-18T12:18:45.005009+07:00: SPOT 6 at 2026-06-18T20:15:39.115661+07:00: Az=50.37, El=4.86
2026-06-18T12:18:45.005970+07:00: SPOT 6 at 2026-06-18T20:15:40.115661+07:00: Az=50.21, El=4.84
2026-06-18T12:18:45.006922+07:00: SPOT 6 at 2026-06-18T20:15:41.115661+07:00: Az=50.05, El=4.82
2026-06-18T12:18:45.007878+07:00: SPOT 6 at 2026-06-18T20:15:42.115661+07:00: Az=49.89, El=4.79
2026-06-18T12:18:45.008864+07:00: SPOT 6 at 2026-06-18T20:15:43.115661+07:00: Az=49.73, El=4.77
2026-06-18T12:18:45.009831+07:00: SPOT 6 at 2026-06-18T20:15:44.115661+07:00: Az=49.57, El=4.75
2026-06-18T12:18:45.010796+07:00: SPOT 6 at 2026-06-18T20:15:45.115661+07:00: Az=49.41, El=4.72
2026-06-18T12:18:45.012121+07:00: SPOT 6 at 2026-06-18T20:15:46.115661+07:00: Az=49.25, El=4.70
2026-06-18T12:18:45.013117+07:00: SPOT 6 at 2026-06-18T20:15:47.115661+07:00: Az=49.09, El=4.68
2026-06-18T12:18:45.014108+07:00: SPOT 6 at 2026-06-18T20:15:48.115661+07:00: Az=48.93, El=4.65
2026-06-18T12:18:45.015078+07:00: SPOT 6 at 2026-06-18T20:15:49.115661+07:00: Az=48.77, El=4.63
2026-06-18T12:18:45.016043+07:00: SPOT 6 at 2026-06-18T20:15:50.115661+07:00: Az=48.61, El=4.61
2026-06-18T12:18:45.016995+07:00: SPOT 6 at 2026-06-18T20:15:51.115661+07:00: Az=48.45, El=4.58
2026-06-18T12:18:45.017960+07:00: SPOT 6 at 2026-06-18T20:15:52.115661+07:00: Az=48.30, El=4.56
2026-06-18T12:18:45.018931+07:00: SPOT 6 at 2026-06-18T20:15:53.115661+07:00: Az=48.14, El=4.53
2026-06-18T12:18:45.019897+07:00: SPOT 6 at 2026-06-18T20:15:54.115661+07:00: Az=47.98, El=4.51
2026-06-18T12:18:45.020851+07:00: SPOT 6 at 2026-06-18T20:15:55.115661+07:00: Az=47.82, El=4.48
2026-06-18T12:18:45.021798+07:00: SPOT 6 at 2026-06-18T20:15:56.115661+07:00: Az=47.67, El=4.46
2026-06-18T12:18:45.022756+07:00: SPOT 6 at 2026-06-18T20:15:57.115661+07:00: Az=47.51, El=4.43
2026-06-18T12:18:45.023711+07:00: SPOT 6 at 2026-06-18T20:15:58.115661+07:00: Az=47.35, El=4.41
2026-06-18T12:18:45.024673+07:00: SPOT 6 at 2026-06-18T20:15:59.115661+07:00: Az=47.20, El=4.38
2026-06-18T12:18:45.025627+07:00: SPOT 6 at 2026-06-18T20:16:00.115661+07:00: Az=47.04, El=4.36
2026-06-18T12:18:45.026590+07:00: SPOT 6 at 2026-06-18T20:16:01.115661+07:00: Az=46.89, El=4.33
2026-06-18T12:18:45.027543+07:00: SPOT 6 at 2026-06-18T20:16:02.115661+07:00: Az=46.73, El=4.30
2026-06-18T12:18:45.028499+07:00: SPOT 6 at 2026-06-18T20:16:03.115661+07:00: Az=46.58, El=4.28
2026-06-18T12:18:45.029458+07:00: SPOT 6 at 2026-06-18T20:16:04.115661+07:00: Az=46.42, El=4.25
2026-06-18T12:18:45.030426+07:00: SPOT 6 at 2026-06-18T20:16:05.115661+07:00: Az=46.27, El=4.23
2026-06-18T12:18:45.031379+07:00: SPOT 6 at 2026-06-18T20:16:06.115661+07:00: Az=46.11, El=4.20
2026-06-18T12:18:45.032342+07:00: SPOT 6 at 2026-06-18T20:16:07.115661+07:00: Az=45.96, El=4.17
2026-06-18T12:18:45.033307+07:00: SPOT 6 at 2026-06-18T20:16:08.115661+07:00: Az=45.81, El=4.15
2026-06-18T12:18:45.034269+07:00: SPOT 6 at 2026-06-18T20:16:09.115661+07:00: Az=45.65, El=4.12
2026-06-18T12:18:45.035234+07:00: SPOT 6 at 2026-06-18T20:16:10.115661+07:00: Az=45.50, El=4.09
2026-06-18T12:18:45.036193+07:00: SPOT 6 at 2026-06-18T20:16:11.115661+07:00: Az=45.35, El=4.06
2026-06-18T12:18:45.037142+07:00: SPOT 6 at 2026-06-18T20:16:12.115661+07:00: Az=45.20, El=4.04
2026-06-18T12:18:45.038102+07:00: SPOT 6 at 2026-06-18T20:16:13.115661+07:00: Az=45.05, El=4.01
2026-06-18T12:18:45.039053+07:00: SPOT 6 at 2026-06-18T20:16:14.115661+07:00: Az=44.89, El=3.98
2026-06-18T12:18:45.040006+07:00: SPOT 6 at 2026-06-18T20:16:15.115661+07:00: Az=44.74, El=3.95
2026-06-18T12:18:45.040958+07:00: SPOT 6 at 2026-06-18T20:16:16.115661+07:00: Az=44.59, El=3.93
2026-06-18T12:18:45.041918+07:00: SPOT 6 at 2026-06-18T20:16:17.115661+07:00: Az=44.44, El=3.90
2026-06-18T12:18:45.042877+07:00: SPOT 6 at 2026-06-18T20:16:18.115661+07:00: Az=44.29, El=3.87
2026-06-18T12:18:45.043827+07:00: SPOT 6 at 2026-06-18T20:16:19.115661+07:00: Az=44.14, El=3.84
2026-06-18T12:18:45.044775+07:00: SPOT 6 at 2026-06-18T20:16:20.115661+07:00: Az=43.99, El=3.81
2026-06-18T12:18:45.046054+07:00: SPOT 6 at 2026-06-18T20:16:21.115661+07:00: Az=43.84, El=3.78
2026-06-18T12:18:45.047105+07:00: SPOT 6 at 2026-06-18T20:16:22.115661+07:00: Az=43.70, El=3.75
2026-06-18T12:18:45.048114+07:00: SPOT 6 at 2026-06-18T20:16:23.115661+07:00: Az=43.55, El=3.73
2026-06-18T12:18:45.049093+07:00: SPOT 6 at 2026-06-18T20:16:24.115661+07:00: Az=43.40, El=3.70
2026-06-18T12:18:45.050104+07:00: SPOT 6 at 2026-06-18T20:16:25.115661+07:00: Az=43.25, El=3.67
2026-06-18T12:18:45.051083+07:00: SPOT 6 at 2026-06-18T20:16:26.115661+07:00: Az=43.10, El=3.64
2026-06-18T12:18:45.052051+07:00: SPOT 6 at 2026-06-18T20:16:27.115661+07:00: Az=42.96, El=3.61
2026-06-18T12:18:45.053031+07:00: SPOT 6 at 2026-06-18T20:16:28.115661+07:00: Az=42.81, El=3.58
2026-06-18T12:18:45.053999+07:00: SPOT 6 at 2026-06-18T20:16:29.115661+07:00: Az=42.66, El=3.55
2026-06-18T12:18:45.055295+07:00: SPOT 6 at 2026-06-18T20:16:30.115661+07:00: Az=42.52, El=3.52
2026-06-18T12:18:45.056311+07:00: SPOT 6 at 2026-06-18T20:16:31.115661+07:00: Az=42.37, El=3.49
2026-06-18T12:18:45.057291+07:00: SPOT 6 at 2026-06-18T20:16:32.115661+07:00: Az=42.23, El=3.46
2026-06-18T12:18:45.058256+07:00: SPOT 6 at 2026-06-18T20:16:33.115661+07:00: Az=42.08, El=3.43
2026-06-18T12:18:45.059221+07:00: SPOT 6 at 2026-06-18T20:16:34.115661+07:00: Az=41.94, El=3.40
2026-06-18T12:18:45.060178+07:00: SPOT 6 at 2026-06-18T20:16:35.115661+07:00: Az=41.79, El=3.37
2026-06-18T12:18:45.061204+07:00: SPOT 6 at 2026-06-18T20:16:36.115661+07:00: Az=41.65, El=3.34
2026-06-18T12:18:45.062264+07:00: SPOT 6 at 2026-06-18T20:16:37.115661+07:00: Az=41.50, El=3.31
2026-06-18T12:18:45.063245+07:00: SPOT 6 at 2026-06-18T20:16:38.115661+07:00: Az=41.36, El=3.28
2026-06-18T12:18:45.064212+07:00: SPOT 6 at 2026-06-18T20:16:39.115661+07:00: Az=41.22, El=3.25
2026-06-18T12:18:45.065189+07:00: SPOT 6 at 2026-06-18T20:16:40.115661+07:00: Az=41.07, El=3.22
2026-06-18T12:18:45.066143+07:00: SPOT 6 at 2026-06-18T20:16:41.115661+07:00: Az=40.93, El=3.19
2026-06-18T12:18:45.067094+07:00: SPOT 6 at 2026-06-18T20:16:42.115661+07:00: Az=40.79, El=3.15
2026-06-18T12:18:45.068043+07:00: SPOT 6 at 2026-06-18T20:16:43.115661+07:00: Az=40.65, El=3.12
2026-06-18T12:18:45.068995+07:00: SPOT 6 at 2026-06-18T20:16:44.115661+07:00: Az=40.50, El=3.09
2026-06-18T12:18:45.069944+07:00: SPOT 6 at 2026-06-18T20:16:45.115661+07:00: Az=40.36, El=3.06
2026-06-18T12:18:45.070900+07:00: SPOT 6 at 2026-06-18T20:16:46.115661+07:00: Az=40.22, El=3.03
2026-06-18T12:18:45.072025+07:00: SPOT 6 at 2026-06-18T20:16:47.115661+07:00: Az=40.08, El=3.00
2026-06-18T12:18:45.073264+07:00: SPOT 6 at 2026-06-18T20:16:48.115661+07:00: Az=39.94, El=2.97
2026-06-18T12:18:45.074262+07:00: SPOT 6 at 2026-06-18T20:16:49.115661+07:00: Az=39.80, El=2.93
2026-06-18T12:18:45.075221+07:00: SPOT 6 at 2026-06-18T20:16:50.115661+07:00: Az=39.66, El=2.90
2026-06-18T12:18:45.076179+07:00: SPOT 6 at 2026-06-18T20:16:51.115661+07:00: Az=39.52, El=2.87
2026-06-18T12:18:45.077173+07:00: SPOT 6 at 2026-06-18T20:16:52.115661+07:00: Az=39.38, El=2.84
2026-06-18T12:18:45.078122+07:00: SPOT 6 at 2026-06-18T20:16:53.115661+07:00: Az=39.25, El=2.81
2026-06-18T12:18:45.079076+07:00: SPOT 6 at 2026-06-18T20:16:54.115661+07:00: Az=39.11, El=2.77
2026-06-18T12:18:45.080034+07:00: SPOT 6 at 2026-06-18T20:16:55.115661+07:00: Az=38.97, El=2.74
2026-06-18T12:18:45.080999+07:00: SPOT 6 at 2026-06-18T20:16:56.115661+07:00: Az=38.83, El=2.71
2026-06-18T12:18:45.081943+07:00: SPOT 6 at 2026-06-18T20:16:57.115661+07:00: Az=38.70, El=2.68
2026-06-18T12:18:45.082900+07:00: SPOT 6 at 2026-06-18T20:16:58.115661+07:00: Az=38.56, El=2.64
2026-06-18T12:18:45.083846+07:00: SPOT 6 at 2026-06-18T20:16:59.115661+07:00: Az=38.42, El=2.61
2026-06-18T12:18:45.084801+07:00: SPOT 6 at 2026-06-18T20:17:00.115661+07:00: Az=38.29, El=2.58
2026-06-18T12:18:45.085754+07:00: SPOT 6 at 2026-06-18T20:17:01.115661+07:00: Az=38.15, El=2.54
2026-06-18T12:18:45.086717+07:00: SPOT 6 at 2026-06-18T20:17:02.115661+07:00: Az=38.01, El=2.51
2026-06-18T12:18:45.087877+07:00: SPOT 6 at 2026-06-18T20:17:03.115661+07:00: Az=37.88, El=2.48
2026-06-18T12:18:45.088843+07:00: SPOT 6 at 2026-06-18T20:17:04.115661+07:00: Az=37.75, El=2.44
2026-06-18T12:18:45.089796+07:00: SPOT 6 at 2026-06-18T20:17:05.115661+07:00: Az=37.61, El=2.41
2026-06-18T12:18:45.090744+07:00: SPOT 6 at 2026-06-18T20:17:06.115661+07:00: Az=37.48, El=2.38
2026-06-18T12:18:45.091699+07:00: SPOT 6 at 2026-06-18T20:17:07.115661+07:00: Az=37.34, El=2.34
2026-06-18T12:18:45.092690+07:00: SPOT 6 at 2026-06-18T20:17:08.115661+07:00: Az=37.21, El=2.31
2026-06-18T12:18:45.093664+07:00: SPOT 6 at 2026-06-18T20:17:09.115661+07:00: Az=37.08, El=2.28
2026-06-18T12:18:45.094625+07:00: SPOT 6 at 2026-06-18T20:17:10.115661+07:00: Az=36.94, El=2.24
2026-06-18T12:18:45.095587+07:00: SPOT 6 at 2026-06-18T20:17:11.115661+07:00: Az=36.81, El=2.21
2026-06-18T12:18:45.096549+07:00: SPOT 6 at 2026-06-18T20:17:12.115661+07:00: Az=36.68, El=2.17
2026-06-18T12:18:45.097504+07:00: SPOT 6 at 2026-06-18T20:17:13.115661+07:00: Az=36.55, El=2.14
2026-06-18T12:18:45.098455+07:00: SPOT 6 at 2026-06-18T20:17:14.115661+07:00: Az=36.42, El=2.11
2026-06-18T12:18:45.099432+07:00: SPOT 6 at 2026-06-18T20:17:15.115661+07:00: Az=36.28, El=2.07
2026-06-18T12:18:45.100375+07:00: SPOT 6 at 2026-06-18T20:17:16.115661+07:00: Az=36.15, El=2.04
2026-06-18T12:18:45.101340+07:00: SPOT 6 at 2026-06-18T20:17:17.115661+07:00: Az=36.02, El=2.00
2026-06-18T12:18:45.102308+07:00: SPOT 6 at 2026-06-18T20:17:18.115661+07:00: Az=35.89, El=1.97
2026-06-18T12:18:45.103270+07:00: SPOT 6 at 2026-06-18T20:17:19.115661+07:00: Az=35.76, El=1.93
2026-06-18T12:18:45.104216+07:00: SPOT 6 at 2026-06-18T20:17:20.115661+07:00: Az=35.63, El=1.90
2026-06-18T12:18:45.105159+07:00: SPOT 6 at 2026-06-18T20:17:21.115661+07:00: Az=35.51, El=1.87
2026-06-18T12:18:45.106113+07:00: SPOT 6 at 2026-06-18T20:17:22.115661+07:00: Az=35.38, El=1.83
2026-06-18T12:18:45.107050+07:00: SPOT 6 at 2026-06-18T20:17:23.115661+07:00: Az=35.25, El=1.80
2026-06-18T12:18:45.108001+07:00: SPOT 6 at 2026-06-18T20:17:24.115661+07:00: Az=35.12, El=1.76
2026-06-18T12:18:45.109056+07:00: SPOT 6 at 2026-06-18T20:17:25.115661+07:00: Az=34.99, El=1.73
2026-06-18T12:18:45.110137+07:00: SPOT 6 at 2026-06-18T20:17:26.115661+07:00: Az=34.87, El=1.69
2026-06-18T12:18:45.111110+07:00: SPOT 6 at 2026-06-18T20:17:27.115661+07:00: Az=34.74, El=1.66
2026-06-18T12:18:45.112084+07:00: SPOT 6 at 2026-06-18T20:17:28.115661+07:00: Az=34.61, El=1.62
2026-06-18T12:18:45.113036+07:00: SPOT 6 at 2026-06-18T20:17:29.115661+07:00: Az=34.49, El=1.59
2026-06-18T12:18:45.113992+07:00: SPOT 6 at 2026-06-18T20:17:30.115661+07:00: Az=34.36, El=1.55
2026-06-18T12:18:45.114941+07:00: SPOT 6 at 2026-06-18T20:17:31.115661+07:00: Az=34.23, El=1.52
2026-06-18T12:18:45.115901+07:00: SPOT 6 at 2026-06-18T20:17:32.115661+07:00: Az=34.11, El=1.48
2026-06-18T12:18:45.116878+07:00: SPOT 6 at 2026-06-18T20:17:33.115661+07:00: Az=33.98, El=1.44
2026-06-18T12:18:45.117839+07:00: SPOT 6 at 2026-06-18T20:17:34.115661+07:00: Az=33.86, El=1.41
2026-06-18T12:18:45.118788+07:00: SPOT 6 at 2026-06-18T20:17:35.115661+07:00: Az=33.73, El=1.37
2026-06-18T12:18:45.119743+07:00: SPOT 6 at 2026-06-18T20:17:36.115661+07:00: Az=33.61, El=1.34
2026-06-18T12:18:45.120697+07:00: SPOT 6 at 2026-06-18T20:17:37.115661+07:00: Az=33.49, El=1.30
2026-06-18T12:18:45.121657+07:00: SPOT 6 at 2026-06-18T20:17:38.115661+07:00: Az=33.36, El=1.27
2026-06-18T12:18:45.122602+07:00: SPOT 6 at 2026-06-18T20:17:39.115661+07:00: Az=33.24, El=1.23
2026-06-18T12:18:45.123555+07:00: SPOT 6 at 2026-06-18T20:17:40.115661+07:00: Az=33.12, El=1.19
2026-06-18T12:18:45.124666+07:00: SPOT 6 at 2026-06-18T20:17:41.115661+07:00: Az=32.99, El=1.16
2026-06-18T12:18:45.125659+07:00: SPOT 6 at 2026-06-18T20:17:42.115661+07:00: Az=32.87, El=1.12
2026-06-18T12:18:45.126621+07:00: SPOT 6 at 2026-06-18T20:17:43.115661+07:00: Az=32.75, El=1.09
2026-06-18T12:18:45.127577+07:00: SPOT 6 at 2026-06-18T20:17:44.115661+07:00: Az=32.63, El=1.05
2026-06-18T12:18:45.128543+07:00: SPOT 6 at 2026-06-18T20:17:45.115661+07:00: Az=32.51, El=1.01
2026-06-18T12:18:45.129492+07:00: SPOT 6 at 2026-06-18T20:17:46.115661+07:00: Az=32.39, El=0.98
2026-06-18T12:18:45.130435+07:00: SPOT 6 at 2026-06-18T20:17:47.115661+07:00: Az=32.27, El=0.94
2026-06-18T12:18:45.131391+07:00: SPOT 6 at 2026-06-18T20:17:48.115661+07:00: Az=32.15, El=0.90
2026-06-18T12:18:45.132376+07:00: SPOT 6 at 2026-06-18T20:17:49.115661+07:00: Az=32.03, El=0.87
2026-06-18T12:18:45.133381+07:00: SPOT 6 at 2026-06-18T20:17:50.115661+07:00: Az=31.91, El=0.83
2026-06-18T12:18:45.134355+07:00: SPOT 6 at 2026-06-18T20:17:51.115661+07:00: Az=31.79, El=0.80
2026-06-18T12:18:45.135312+07:00: SPOT 6 at 2026-06-18T20:17:52.115661+07:00: Az=31.67, El=0.76
2026-06-18T12:18:45.136271+07:00: SPOT 6 at 2026-06-18T20:17:53.115661+07:00: Az=31.55, El=0.72
2026-06-18T12:18:45.137228+07:00: SPOT 6 at 2026-06-18T20:17:54.115661+07:00: Az=31.43, El=0.69
2026-06-18T12:18:45.138188+07:00: SPOT 6 at 2026-06-18T20:17:55.115661+07:00: Az=31.32, El=0.65
2026-06-18T12:18:45.139161+07:00: SPOT 6 at 2026-06-18T20:17:56.115661+07:00: Az=31.20, El=0.61
2026-06-18T12:18:45.140374+07:00: SPOT 6 at 2026-06-18T20:17:57.115661+07:00: Az=31.08, El=0.57
2026-06-18T12:18:45.141361+07:00: SPOT 6 at 2026-06-18T20:17:58.115661+07:00: Az=30.96, El=0.54
2026-06-18T12:18:45.142328+07:00: SPOT 6 at 2026-06-18T20:17:59.115661+07:00: Az=30.85, El=0.50
2026-06-18T12:18:45.143317+07:00: SPOT 6 at 2026-06-18T20:18:00.115661+07:00: Az=30.73, El=0.46
2026-06-18T12:18:45.144289+07:00: SPOT 6 at 2026-06-18T20:18:01.115661+07:00: Az=30.62, El=0.43
2026-06-18T12:18:45.145355+07:00: SPOT 6 at 2026-06-18T20:18:02.115661+07:00: Az=30.50, El=0.39
2026-06-18T12:18:45.146315+07:00: SPOT 6 at 2026-06-18T20:18:03.115661+07:00: Az=30.39, El=0.35
2026-06-18T12:18:45.147281+07:00: SPOT 6 at 2026-06-18T20:18:04.115661+07:00: Az=30.27, El=0.32
2026-06-18T12:18:45.148243+07:00: SPOT 6 at 2026-06-18T20:18:05.115661+07:00: Az=30.16, El=0.28
2026-06-18T12:18:45.149198+07:00: SPOT 6 at 2026-06-18T20:18:06.115661+07:00: Az=30.04, El=0.24
2026-06-18T12:18:45.150142+07:00: SPOT 6 at 2026-06-18T20:18:07.115661+07:00: Az=29.93, El=0.20
2026-06-18T12:18:45.151102+07:00: SPOT 6 at 2026-06-18T20:18:08.115661+07:00: Az=29.81, El=0.17
2026-06-18T12:18:45.152054+07:00: SPOT 6 at 2026-06-18T20:18:09.115661+07:00: Az=29.70, El=0.13
2026-06-18T12:18:45.153017+07:00: SPOT 6 at 2026-06-18T20:18:10.115661+07:00: Az=29.59, El=0.09
2026-06-18T12:18:45.153974+07:00: SPOT 6 at 2026-06-18T20:18:11.115661+07:00: Az=29.48, El=0.05
2026-06-18T12:18:45.154964+07:00: SPOT 6 at 2026-06-18T20:18:12.115661+07:00: Az=29.36, El=0.02
2026-06-18T12:18:45.155145+07:00: Calculated 520 points for SPOT 6 (Az: 29.36-108.10, El: 0.00-6.11)
2026-06-18T12:18:45.161473+07:00: Pass for SPOT 7 at 2026-06-18T21:11:10.755231+07:00, mid elevation: 44.01
2026-06-18T12:18:45.162098+07:00: Pass for SPOT 7 at 2026-06-18T22:47:13.712425+07:00, mid elevation: 10.36
2026-06-18T12:18:45.162713+07:00: Pass for SPOT 7 at 2026-06-19T09:19:09.730022+07:00, mid elevation: 27.19
2026-06-18T12:18:45.163311+07:00: Pass for SPOT 7 at 2026-06-19T10:55:54.771438+07:00, mid elevation: 17.98
2026-06-18T12:18:45.163951+07:00: Pass for SPOT 7 at 2026-06-19T20:11:16.153284+07:00, mid elevation: 8.05
2026-06-18T12:18:45.164557+07:00: Pass for SPOT 7 at 2026-06-19T21:50:20.989194+07:00, mid elevation: 57.75
2026-06-18T12:18:45.165132+07:00: Pass for SPOT 7 at 2026-06-20T08:17:07.708045+07:00, mid elevation: 2.56
2026-06-18T12:18:45.165686+07:00: Pass for SPOT 7 at 2026-06-20T09:58:44.603320+07:00, mid elevation: 86.20
2026-06-18T12:18:45.166232+07:00: Pass for SPOT 7 at 2026-06-20T11:32:23.023338+07:00, mid elevation: 4.29
2026-06-18T12:18:45.166626+07:00: Found 9 valid passes for SPOT 7
2026-06-18T12:18:45.167680+07:00: SPOT 7 at 2026-06-18T20:57:40.615750+07:00: Az=153.39, El=0.00
2026-06-18T12:18:45.168665+07:00: SPOT 7 at 2026-06-18T20:57:41.615750+07:00: Az=153.36, El=0.06
2026-06-18T12:18:45.169677+07:00: SPOT 7 at 2026-06-18T20:57:42.615750+07:00: Az=153.33, El=0.12
2026-06-18T12:18:45.170666+07:00: SPOT 7 at 2026-06-18T20:57:43.615750+07:00: Az=153.30, El=0.18
2026-06-18T12:18:45.171639+07:00: SPOT 7 at 2026-06-18T20:57:44.615750+07:00: Az=153.27, El=0.24
2026-06-18T12:18:45.172597+07:00: SPOT 7 at 2026-06-18T20:57:45.615750+07:00: Az=153.23, El=0.31
2026-06-18T12:18:45.173563+07:00: SPOT 7 at 2026-06-18T20:57:46.615750+07:00: Az=153.20, El=0.37
2026-06-18T12:18:45.174542+07:00: SPOT 7 at 2026-06-18T20:57:47.615750+07:00: Az=153.17, El=0.43
2026-06-18T12:18:45.175504+07:00: SPOT 7 at 2026-06-18T20:57:48.615750+07:00: Az=153.14, El=0.49
2026-06-18T12:18:45.176465+07:00: SPOT 7 at 2026-06-18T20:57:49.615750+07:00: Az=153.10, El=0.55
2026-06-18T12:18:45.177429+07:00: SPOT 7 at 2026-06-18T20:57:50.615750+07:00: Az=153.07, El=0.61
2026-06-18T12:18:45.178392+07:00: SPOT 7 at 2026-06-18T20:57:51.615750+07:00: Az=153.04, El=0.67
2026-06-18T12:18:45.179345+07:00: SPOT 7 at 2026-06-18T20:57:52.615750+07:00: Az=153.00, El=0.73
2026-06-18T12:18:45.180292+07:00: SPOT 7 at 2026-06-18T20:57:53.615750+07:00: Az=152.97, El=0.80
2026-06-18T12:18:45.181250+07:00: SPOT 7 at 2026-06-18T20:57:54.615750+07:00: Az=152.94, El=0.86
2026-06-18T12:18:45.182217+07:00: SPOT 7 at 2026-06-18T20:57:55.615750+07:00: Az=152.90, El=0.92
2026-06-18T12:18:45.183175+07:00: SPOT 7 at 2026-06-18T20:57:56.615750+07:00: Az=152.87, El=0.98
2026-06-18T12:18:45.184145+07:00: SPOT 7 at 2026-06-18T20:57:57.615750+07:00: Az=152.84, El=1.04
2026-06-18T12:18:45.185108+07:00: SPOT 7 at 2026-06-18T20:57:58.615750+07:00: Az=152.80, El=1.11
2026-06-18T12:18:45.186076+07:00: SPOT 7 at 2026-06-18T20:57:59.615750+07:00: Az=152.77, El=1.17
2026-06-18T12:18:45.187042+07:00: SPOT 7 at 2026-06-18T20:58:00.615750+07:00: Az=152.73, El=1.23
2026-06-18T12:18:45.188007+07:00: SPOT 7 at 2026-06-18T20:58:01.615750+07:00: Az=152.70, El=1.30
2026-06-18T12:18:45.188960+07:00: SPOT 7 at 2026-06-18T20:58:02.615750+07:00: Az=152.66, El=1.36
2026-06-18T12:18:45.189927+07:00: SPOT 7 at 2026-06-18T20:58:03.615750+07:00: Az=152.63, El=1.42
2026-06-18T12:18:45.190872+07:00: SPOT 7 at 2026-06-18T20:58:04.615750+07:00: Az=152.59, El=1.49
2026-06-18T12:18:45.191832+07:00: SPOT 7 at 2026-06-18T20:58:05.615750+07:00: Az=152.56, El=1.55
2026-06-18T12:18:45.192805+07:00: SPOT 7 at 2026-06-18T20:58:06.615750+07:00: Az=152.52, El=1.61
2026-06-18T12:18:45.193765+07:00: SPOT 7 at 2026-06-18T20:58:07.615750+07:00: Az=152.49, El=1.68
2026-06-18T12:18:45.194715+07:00: SPOT 7 at 2026-06-18T20:58:08.615750+07:00: Az=152.45, El=1.74
2026-06-18T12:18:45.195673+07:00: SPOT 7 at 2026-06-18T20:58:09.615750+07:00: Az=152.42, El=1.80
2026-06-18T12:18:45.196625+07:00: SPOT 7 at 2026-06-18T20:58:10.615750+07:00: Az=152.38, El=1.87
2026-06-18T12:18:45.197581+07:00: SPOT 7 at 2026-06-18T20:58:11.615750+07:00: Az=152.34, El=1.93
2026-06-18T12:18:45.198527+07:00: SPOT 7 at 2026-06-18T20:58:12.615750+07:00: Az=152.31, El=2.00
2026-06-18T12:18:45.199481+07:00: SPOT 7 at 2026-06-18T20:58:13.615750+07:00: Az=152.27, El=2.06
2026-06-18T12:18:45.200451+07:00: SPOT 7 at 2026-06-18T20:58:14.615750+07:00: Az=152.23, El=2.13
2026-06-18T12:18:45.201459+07:00: SPOT 7 at 2026-06-18T20:58:15.615750+07:00: Az=152.20, El=2.19
2026-06-18T12:18:45.202425+07:00: SPOT 7 at 2026-06-18T20:58:16.615750+07:00: Az=152.16, El=2.26
2026-06-18T12:18:45.203407+07:00: SPOT 7 at 2026-06-18T20:58:17.615750+07:00: Az=152.12, El=2.32
2026-06-18T12:18:45.204381+07:00: SPOT 7 at 2026-06-18T20:58:18.615750+07:00: Az=152.08, El=2.39
2026-06-18T12:18:45.205337+07:00: SPOT 7 at 2026-06-18T20:58:19.615750+07:00: Az=152.05, El=2.45
2026-06-18T12:18:45.206306+07:00: SPOT 7 at 2026-06-18T20:58:20.615750+07:00: Az=152.01, El=2.52
2026-06-18T12:18:45.207272+07:00: SPOT 7 at 2026-06-18T20:58:21.615750+07:00: Az=151.97, El=2.59
2026-06-18T12:18:45.208545+07:00: SPOT 7 at 2026-06-18T20:58:22.615750+07:00: Az=151.93, El=2.65
2026-06-18T12:18:45.209549+07:00: SPOT 7 at 2026-06-18T20:58:23.615750+07:00: Az=151.89, El=2.72
2026-06-18T12:18:45.210518+07:00: SPOT 7 at 2026-06-18T20:58:24.615750+07:00: Az=151.86, El=2.78
2026-06-18T12:18:45.211484+07:00: SPOT 7 at 2026-06-18T20:58:25.615750+07:00: Az=151.82, El=2.85
2026-06-18T12:18:45.212445+07:00: SPOT 7 at 2026-06-18T20:58:26.615750+07:00: Az=151.78, El=2.92
2026-06-18T12:18:45.213395+07:00: SPOT 7 at 2026-06-18T20:58:27.615750+07:00: Az=151.74, El=2.99
2026-06-18T12:18:45.214369+07:00: SPOT 7 at 2026-06-18T20:58:28.615750+07:00: Az=151.70, El=3.05
2026-06-18T12:18:45.215410+07:00: SPOT 7 at 2026-06-18T20:58:29.615750+07:00: Az=151.66, El=3.12
2026-06-18T12:18:45.216385+07:00: SPOT 7 at 2026-06-18T20:58:30.615750+07:00: Az=151.62, El=3.19
2026-06-18T12:18:45.217346+07:00: SPOT 7 at 2026-06-18T20:58:31.615750+07:00: Az=151.58, El=3.25
2026-06-18T12:18:45.218292+07:00: SPOT 7 at 2026-06-18T20:58:32.615750+07:00: Az=151.54, El=3.32
2026-06-18T12:18:45.219239+07:00: SPOT 7 at 2026-06-18T20:58:33.615750+07:00: Az=151.50, El=3.39
2026-06-18T12:18:45.220188+07:00: SPOT 7 at 2026-06-18T20:58:34.615750+07:00: Az=151.46, El=3.46
2026-06-18T12:18:45.221130+07:00: SPOT 7 at 2026-06-18T20:58:35.615750+07:00: Az=151.42, El=3.53
2026-06-18T12:18:45.222077+07:00: SPOT 7 at 2026-06-18T20:58:36.615750+07:00: Az=151.38, El=3.60
2026-06-18T12:18:45.223025+07:00: SPOT 7 at 2026-06-18T20:58:37.615750+07:00: Az=151.33, El=3.66
2026-06-18T12:18:45.223985+07:00: SPOT 7 at 2026-06-18T20:58:38.615750+07:00: Az=151.29, El=3.73
2026-06-18T12:18:45.224939+07:00: SPOT 7 at 2026-06-18T20:58:39.615750+07:00: Az=151.25, El=3.80
2026-06-18T12:18:45.225897+07:00: SPOT 7 at 2026-06-18T20:58:40.615750+07:00: Az=151.21, El=3.87
2026-06-18T12:18:45.226876+07:00: SPOT 7 at 2026-06-18T20:58:41.615750+07:00: Az=151.17, El=3.94
2026-06-18T12:18:45.227844+07:00: SPOT 7 at 2026-06-18T20:58:42.615750+07:00: Az=151.13, El=4.01
2026-06-18T12:18:45.228792+07:00: SPOT 7 at 2026-06-18T20:58:43.615750+07:00: Az=151.08, El=4.08
2026-06-18T12:18:45.229753+07:00: SPOT 7 at 2026-06-18T20:58:44.615750+07:00: Az=151.04, El=4.15
2026-06-18T12:18:45.230727+07:00: SPOT 7 at 2026-06-18T20:58:45.615750+07:00: Az=151.00, El=4.22
2026-06-18T12:18:45.231789+07:00: SPOT 7 at 2026-06-18T20:58:46.615750+07:00: Az=150.95, El=4.29
2026-06-18T12:18:45.232768+07:00: SPOT 7 at 2026-06-18T20:58:47.615750+07:00: Az=150.91, El=4.36
2026-06-18T12:18:45.233730+07:00: SPOT 7 at 2026-06-18T20:58:48.615750+07:00: Az=150.87, El=4.43
2026-06-18T12:18:45.234725+07:00: SPOT 7 at 2026-06-18T20:58:49.615750+07:00: Az=150.82, El=4.50
2026-06-18T12:18:45.235757+07:00: SPOT 7 at 2026-06-18T20:58:50.615750+07:00: Az=150.78, El=4.58
2026-06-18T12:18:45.236749+07:00: SPOT 7 at 2026-06-18T20:58:51.615750+07:00: Az=150.73, El=4.65
2026-06-18T12:18:45.237738+07:00: SPOT 7 at 2026-06-18T20:58:52.615750+07:00: Az=150.69, El=4.72
2026-06-18T12:18:45.239015+07:00: SPOT 7 at 2026-06-18T20:58:53.615750+07:00: Az=150.64, El=4.79
2026-06-18T12:18:45.240030+07:00: SPOT 7 at 2026-06-18T20:58:54.615750+07:00: Az=150.60, El=4.86
2026-06-18T12:18:45.241013+07:00: SPOT 7 at 2026-06-18T20:58:55.615750+07:00: Az=150.55, El=4.93
2026-06-18T12:18:45.241989+07:00: SPOT 7 at 2026-06-18T20:58:56.615750+07:00: Az=150.51, El=5.01
2026-06-18T12:18:45.243003+07:00: SPOT 7 at 2026-06-18T20:58:57.615750+07:00: Az=150.46, El=5.08
2026-06-18T12:18:45.243982+07:00: SPOT 7 at 2026-06-18T20:58:58.615750+07:00: Az=150.42, El=5.15
2026-06-18T12:18:45.244966+07:00: SPOT 7 at 2026-06-18T20:58:59.615750+07:00: Az=150.37, El=5.23
2026-06-18T12:18:45.245935+07:00: SPOT 7 at 2026-06-18T20:59:00.615750+07:00: Az=150.32, El=5.30
2026-06-18T12:18:45.246934+07:00: SPOT 7 at 2026-06-18T20:59:01.615750+07:00: Az=150.28, El=5.37
2026-06-18T12:18:45.247919+07:00: SPOT 7 at 2026-06-18T20:59:02.615750+07:00: Az=150.23, El=5.45
2026-06-18T12:18:45.248934+07:00: SPOT 7 at 2026-06-18T20:59:03.615750+07:00: Az=150.18, El=5.52
2026-06-18T12:18:45.249918+07:00: SPOT 7 at 2026-06-18T20:59:04.615750+07:00: Az=150.13, El=5.59
2026-06-18T12:18:45.250918+07:00: SPOT 7 at 2026-06-18T20:59:05.615750+07:00: Az=150.09, El=5.67
2026-06-18T12:18:45.251908+07:00: SPOT 7 at 2026-06-18T20:59:06.615750+07:00: Az=150.04, El=5.74
2026-06-18T12:18:45.252899+07:00: SPOT 7 at 2026-06-18T20:59:07.615750+07:00: Az=149.99, El=5.82
2026-06-18T12:18:45.253878+07:00: SPOT 7 at 2026-06-18T20:59:08.615750+07:00: Az=149.94, El=5.89
2026-06-18T12:18:45.254859+07:00: SPOT 7 at 2026-06-18T20:59:09.615750+07:00: Az=149.89, El=5.97
2026-06-18T12:18:45.255832+07:00: SPOT 7 at 2026-06-18T20:59:10.615750+07:00: Az=149.84, El=6.04
2026-06-18T12:18:45.256851+07:00: SPOT 7 at 2026-06-18T20:59:11.615750+07:00: Az=149.79, El=6.12
2026-06-18T12:18:45.257902+07:00: SPOT 7 at 2026-06-18T20:59:12.615750+07:00: Az=149.74, El=6.19
2026-06-18T12:18:45.258917+07:00: SPOT 7 at 2026-06-18T20:59:13.615750+07:00: Az=149.69, El=6.27
2026-06-18T12:18:45.259907+07:00: SPOT 7 at 2026-06-18T20:59:14.615750+07:00: Az=149.64, El=6.35
2026-06-18T12:18:45.260885+07:00: SPOT 7 at 2026-06-18T20:59:15.615750+07:00: Az=149.59, El=6.42
2026-06-18T12:18:45.261848+07:00: SPOT 7 at 2026-06-18T20:59:16.615750+07:00: Az=149.54, El=6.50
2026-06-18T12:18:45.262842+07:00: SPOT 7 at 2026-06-18T20:59:17.615750+07:00: Az=149.49, El=6.58
2026-06-18T12:18:45.263830+07:00: SPOT 7 at 2026-06-18T20:59:18.615750+07:00: Az=149.44, El=6.65
2026-06-18T12:18:45.264817+07:00: SPOT 7 at 2026-06-18T20:59:19.615750+07:00: Az=149.39, El=6.73
2026-06-18T12:18:45.265783+07:00: SPOT 7 at 2026-06-18T20:59:20.615750+07:00: Az=149.33, El=6.81
2026-06-18T12:18:45.266767+07:00: SPOT 7 at 2026-06-18T20:59:21.615750+07:00: Az=149.28, El=6.89
2026-06-18T12:18:45.267733+07:00: SPOT 7 at 2026-06-18T20:59:22.615750+07:00: Az=149.23, El=6.97
2026-06-18T12:18:45.268699+07:00: SPOT 7 at 2026-06-18T20:59:23.615750+07:00: Az=149.18, El=7.04
2026-06-18T12:18:45.269697+07:00: SPOT 7 at 2026-06-18T20:59:24.615750+07:00: Az=149.12, El=7.12
2026-06-18T12:18:45.270657+07:00: SPOT 7 at 2026-06-18T20:59:25.615750+07:00: Az=149.07, El=7.20
2026-06-18T12:18:45.271913+07:00: SPOT 7 at 2026-06-18T20:59:26.615750+07:00: Az=149.01, El=7.28
2026-06-18T12:18:45.272901+07:00: SPOT 7 at 2026-06-18T20:59:27.615750+07:00: Az=148.96, El=7.36
2026-06-18T12:18:45.273865+07:00: SPOT 7 at 2026-06-18T20:59:28.615750+07:00: Az=148.91, El=7.44
2026-06-18T12:18:45.274821+07:00: SPOT 7 at 2026-06-18T20:59:29.615750+07:00: Az=148.85, El=7.52
2026-06-18T12:18:45.275773+07:00: SPOT 7 at 2026-06-18T20:59:30.615750+07:00: Az=148.80, El=7.60
2026-06-18T12:18:45.276725+07:00: SPOT 7 at 2026-06-18T20:59:31.615750+07:00: Az=148.74, El=7.68
2026-06-18T12:18:45.277671+07:00: SPOT 7 at 2026-06-18T20:59:32.615750+07:00: Az=148.68, El=7.76
2026-06-18T12:18:45.278623+07:00: SPOT 7 at 2026-06-18T20:59:33.615750+07:00: Az=148.63, El=7.84
2026-06-18T12:18:45.279574+07:00: SPOT 7 at 2026-06-18T20:59:34.615750+07:00: Az=148.57, El=7.93
2026-06-18T12:18:45.280524+07:00: SPOT 7 at 2026-06-18T20:59:35.615750+07:00: Az=148.51, El=8.01
2026-06-18T12:18:45.281465+07:00: SPOT 7 at 2026-06-18T20:59:36.615750+07:00: Az=148.46, El=8.09
2026-06-18T12:18:45.282475+07:00: SPOT 7 at 2026-06-18T20:59:37.615750+07:00: Az=148.40, El=8.17
2026-06-18T12:18:45.283520+07:00: SPOT 7 at 2026-06-18T20:59:38.615750+07:00: Az=148.34, El=8.25
2026-06-18T12:18:45.284471+07:00: SPOT 7 at 2026-06-18T20:59:39.615750+07:00: Az=148.28, El=8.34
2026-06-18T12:18:45.285417+07:00: SPOT 7 at 2026-06-18T20:59:40.615750+07:00: Az=148.22, El=8.42
2026-06-18T12:18:45.286357+07:00: SPOT 7 at 2026-06-18T20:59:41.615750+07:00: Az=148.16, El=8.50
2026-06-18T12:18:45.287315+07:00: SPOT 7 at 2026-06-18T20:59:42.615750+07:00: Az=148.10, El=8.59
2026-06-18T12:18:45.288269+07:00: SPOT 7 at 2026-06-18T20:59:43.615750+07:00: Az=148.04, El=8.67
2026-06-18T12:18:45.289215+07:00: SPOT 7 at 2026-06-18T20:59:44.615750+07:00: Az=147.98, El=8.75
2026-06-18T12:18:45.290162+07:00: SPOT 7 at 2026-06-18T20:59:45.615750+07:00: Az=147.92, El=8.84
2026-06-18T12:18:45.291114+07:00: SPOT 7 at 2026-06-18T20:59:46.615750+07:00: Az=147.86, El=8.92
2026-06-18T12:18:45.292055+07:00: SPOT 7 at 2026-06-18T20:59:47.615750+07:00: Az=147.80, El=9.01
2026-06-18T12:18:45.293010+07:00: SPOT 7 at 2026-06-18T20:59:48.615750+07:00: Az=147.74, El=9.09
2026-06-18T12:18:45.293953+07:00: SPOT 7 at 2026-06-18T20:59:49.615750+07:00: Az=147.68, El=9.18
2026-06-18T12:18:45.294913+07:00: SPOT 7 at 2026-06-18T20:59:50.615750+07:00: Az=147.61, El=9.27
2026-06-18T12:18:45.295862+07:00: SPOT 7 at 2026-06-18T20:59:51.615750+07:00: Az=147.55, El=9.35
2026-06-18T12:18:45.296843+07:00: SPOT 7 at 2026-06-18T20:59:52.615750+07:00: Az=147.49, El=9.44
2026-06-18T12:18:45.297833+07:00: SPOT 7 at 2026-06-18T20:59:53.615750+07:00: Az=147.42, El=9.52
2026-06-18T12:18:45.298801+07:00: SPOT 7 at 2026-06-18T20:59:54.615750+07:00: Az=147.36, El=9.61
2026-06-18T12:18:45.299772+07:00: SPOT 7 at 2026-06-18T20:59:55.615750+07:00: Az=147.29, El=9.70
2026-06-18T12:18:45.300750+07:00: SPOT 7 at 2026-06-18T20:59:56.615750+07:00: Az=147.23, El=9.79
2026-06-18T12:18:45.301867+07:00: SPOT 7 at 2026-06-18T20:59:57.615750+07:00: Az=147.16, El=9.88
2026-06-18T12:18:45.302934+07:00: SPOT 7 at 2026-06-18T20:59:58.615750+07:00: Az=147.10, El=9.96
2026-06-18T12:18:45.304000+07:00: SPOT 7 at 2026-06-18T20:59:59.615750+07:00: Az=147.03, El=10.05
2026-06-18T12:18:45.305092+07:00: SPOT 7 at 2026-06-18T21:00:00.615750+07:00: Az=146.96, El=10.14
2026-06-18T12:18:45.306132+07:00: SPOT 7 at 2026-06-18T21:00:01.615750+07:00: Az=146.90, El=10.23
2026-06-18T12:18:45.307161+07:00: SPOT 7 at 2026-06-18T21:00:02.615750+07:00: Az=146.83, El=10.32
2026-06-18T12:18:45.308222+07:00: SPOT 7 at 2026-06-18T21:00:03.615750+07:00: Az=146.76, El=10.41
2026-06-18T12:18:45.309224+07:00: SPOT 7 at 2026-06-18T21:00:04.615750+07:00: Az=146.69, El=10.50
2026-06-18T12:18:45.310983+07:00: SPOT 7 at 2026-06-18T21:00:05.615750+07:00: Az=146.62, El=10.59
2026-06-18T12:18:45.312001+07:00: SPOT 7 at 2026-06-18T21:00:06.615750+07:00: Az=146.55, El=10.68
2026-06-18T12:18:45.312965+07:00: SPOT 7 at 2026-06-18T21:00:07.615750+07:00: Az=146.48, El=10.77
2026-06-18T12:18:45.314139+07:00: SPOT 7 at 2026-06-18T21:00:08.615750+07:00: Az=146.41, El=10.87
2026-06-18T12:18:45.315128+07:00: SPOT 7 at 2026-06-18T21:00:09.615750+07:00: Az=146.34, El=10.96
2026-06-18T12:18:45.316079+07:00: SPOT 7 at 2026-06-18T21:00:10.615750+07:00: Az=146.27, El=11.05
2026-06-18T12:18:45.317029+07:00: SPOT 7 at 2026-06-18T21:00:11.615750+07:00: Az=146.20, El=11.14
2026-06-18T12:18:45.317983+07:00: SPOT 7 at 2026-06-18T21:00:12.615750+07:00: Az=146.13, El=11.24
2026-06-18T12:18:45.318955+07:00: SPOT 7 at 2026-06-18T21:00:13.615750+07:00: Az=146.05, El=11.33
2026-06-18T12:18:45.319917+07:00: SPOT 7 at 2026-06-18T21:00:14.615750+07:00: Az=145.98, El=11.42
2026-06-18T12:18:45.320880+07:00: SPOT 7 at 2026-06-18T21:00:15.615750+07:00: Az=145.91, El=11.52
2026-06-18T12:18:45.321828+07:00: SPOT 7 at 2026-06-18T21:00:16.615750+07:00: Az=145.83, El=11.61
2026-06-18T12:18:45.322774+07:00: SPOT 7 at 2026-06-18T21:00:17.615750+07:00: Az=145.76, El=11.71
2026-06-18T12:18:45.323725+07:00: SPOT 7 at 2026-06-18T21:00:18.615750+07:00: Az=145.68, El=11.80
2026-06-18T12:18:45.324673+07:00: SPOT 7 at 2026-06-18T21:00:19.615750+07:00: Az=145.60, El=11.90
2026-06-18T12:18:45.325649+07:00: SPOT 7 at 2026-06-18T21:00:20.615750+07:00: Az=145.53, El=12.00
2026-06-18T12:18:45.326837+07:00: SPOT 7 at 2026-06-18T21:00:21.615750+07:00: Az=145.45, El=12.09
2026-06-18T12:18:45.327847+07:00: SPOT 7 at 2026-06-18T21:00:22.615750+07:00: Az=145.37, El=12.19
2026-06-18T12:18:45.328834+07:00: SPOT 7 at 2026-06-18T21:00:23.615750+07:00: Az=145.29, El=12.29
2026-06-18T12:18:45.329818+07:00: SPOT 7 at 2026-06-18T21:00:24.615750+07:00: Az=145.22, El=12.38
2026-06-18T12:18:45.330841+07:00: SPOT 7 at 2026-06-18T21:00:25.615750+07:00: Az=145.14, El=12.48
2026-06-18T12:18:45.331867+07:00: SPOT 7 at 2026-06-18T21:00:26.615750+07:00: Az=145.06, El=12.58
2026-06-18T12:18:45.333160+07:00: SPOT 7 at 2026-06-18T21:00:27.615750+07:00: Az=144.98, El=12.68
2026-06-18T12:18:45.334168+07:00: SPOT 7 at 2026-06-18T21:00:28.615750+07:00: Az=144.89, El=12.78
2026-06-18T12:18:45.335306+07:00: SPOT 7 at 2026-06-18T21:00:29.615750+07:00: Az=144.81, El=12.88
2026-06-18T12:18:45.336285+07:00: SPOT 7 at 2026-06-18T21:00:30.615750+07:00: Az=144.73, El=12.98
2026-06-18T12:18:45.337356+07:00: SPOT 7 at 2026-06-18T21:00:31.615750+07:00: Az=144.65, El=13.08
2026-06-18T12:18:45.338327+07:00: SPOT 7 at 2026-06-18T21:00:32.615750+07:00: Az=144.56, El=13.18
2026-06-18T12:18:45.339296+07:00: SPOT 7 at 2026-06-18T21:00:33.615750+07:00: Az=144.48, El=13.28
2026-06-18T12:18:45.340287+07:00: SPOT 7 at 2026-06-18T21:00:34.615750+07:00: Az=144.39, El=13.38
2026-06-18T12:18:45.341254+07:00: SPOT 7 at 2026-06-18T21:00:35.615750+07:00: Az=144.31, El=13.48
2026-06-18T12:18:45.342225+07:00: SPOT 7 at 2026-06-18T21:00:36.615750+07:00: Az=144.22, El=13.59
2026-06-18T12:18:45.343206+07:00: SPOT 7 at 2026-06-18T21:00:37.615750+07:00: Az=144.14, El=13.69
2026-06-18T12:18:45.344168+07:00: SPOT 7 at 2026-06-18T21:00:38.615750+07:00: Az=144.05, El=13.79
2026-06-18T12:18:45.345142+07:00: SPOT 7 at 2026-06-18T21:00:39.615750+07:00: Az=143.96, El=13.90
2026-06-18T12:18:45.346223+07:00: SPOT 7 at 2026-06-18T21:00:40.615750+07:00: Az=143.87, El=14.00
2026-06-18T12:18:45.347205+07:00: SPOT 7 at 2026-06-18T21:00:41.615750+07:00: Az=143.78, El=14.10
2026-06-18T12:18:45.348174+07:00: SPOT 7 at 2026-06-18T21:00:42.615750+07:00: Az=143.69, El=14.21
2026-06-18T12:18:45.349155+07:00: SPOT 7 at 2026-06-18T21:00:43.615750+07:00: Az=143.60, El=14.31
2026-06-18T12:18:45.350168+07:00: SPOT 7 at 2026-06-18T21:00:44.615750+07:00: Az=143.51, El=14.42
2026-06-18T12:18:45.351157+07:00: SPOT 7 at 2026-06-18T21:00:45.615750+07:00: Az=143.42, El=14.53
2026-06-18T12:18:45.352325+07:00: SPOT 7 at 2026-06-18T21:00:46.615750+07:00: Az=143.33, El=14.63
2026-06-18T12:18:45.353454+07:00: SPOT 7 at 2026-06-18T21:00:47.615750+07:00: Az=143.23, El=14.74
2026-06-18T12:18:45.354432+07:00: SPOT 7 at 2026-06-18T21:00:48.615750+07:00: Az=143.14, El=14.85
2026-06-18T12:18:45.355398+07:00: SPOT 7 at 2026-06-18T21:00:49.615750+07:00: Az=143.04, El=14.96
2026-06-18T12:18:45.356391+07:00: SPOT 7 at 2026-06-18T21:00:50.615750+07:00: Az=142.95, El=15.07
2026-06-18T12:18:45.357406+07:00: SPOT 7 at 2026-06-18T21:00:51.615750+07:00: Az=142.85, El=15.18
2026-06-18T12:18:45.358394+07:00: SPOT 7 at 2026-06-18T21:00:52.615750+07:00: Az=142.75, El=15.28
2026-06-18T12:18:45.359346+07:00: SPOT 7 at 2026-06-18T21:00:53.615750+07:00: Az=142.66, El=15.39
2026-06-18T12:18:45.360291+07:00: SPOT 7 at 2026-06-18T21:00:54.615750+07:00: Az=142.56, El=15.51
2026-06-18T12:18:45.361252+07:00: SPOT 7 at 2026-06-18T21:00:55.615750+07:00: Az=142.46, El=15.62
2026-06-18T12:18:45.362202+07:00: SPOT 7 at 2026-06-18T21:00:56.615750+07:00: Az=142.36, El=15.73
2026-06-18T12:18:45.363166+07:00: SPOT 7 at 2026-06-18T21:00:57.615750+07:00: Az=142.26, El=15.84
2026-06-18T12:18:45.364120+07:00: SPOT 7 at 2026-06-18T21:00:58.615750+07:00: Az=142.15, El=15.95
2026-06-18T12:18:45.365077+07:00: SPOT 7 at 2026-06-18T21:00:59.615750+07:00: Az=142.05, El=16.07
2026-06-18T12:18:45.366016+07:00: SPOT 7 at 2026-06-18T21:01:00.615750+07:00: Az=141.95, El=16.18
2026-06-18T12:18:45.366981+07:00: SPOT 7 at 2026-06-18T21:01:01.615750+07:00: Az=141.84, El=16.29
2026-06-18T12:18:45.367922+07:00: SPOT 7 at 2026-06-18T21:01:02.615750+07:00: Az=141.74, El=16.41
2026-06-18T12:18:45.368876+07:00: SPOT 7 at 2026-06-18T21:01:03.615750+07:00: Az=141.63, El=16.52
2026-06-18T12:18:45.369818+07:00: SPOT 7 at 2026-06-18T21:01:04.615750+07:00: Az=141.52, El=16.64
2026-06-18T12:18:45.371378+07:00: SPOT 7 at 2026-06-18T21:01:05.615750+07:00: Az=141.42, El=16.75
2026-06-18T12:18:45.372343+07:00: SPOT 7 at 2026-06-18T21:01:06.615750+07:00: Az=141.31, El=16.87
2026-06-18T12:18:45.373942+07:00: SPOT 7 at 2026-06-18T21:01:07.615750+07:00: Az=141.20, El=16.99
2026-06-18T12:18:45.375451+07:00: SPOT 7 at 2026-06-18T21:01:08.615750+07:00: Az=141.09, El=17.10
2026-06-18T12:18:45.376920+07:00: SPOT 7 at 2026-06-18T21:01:09.615750+07:00: Az=140.97, El=17.22
2026-06-18T12:18:45.378375+07:00: SPOT 7 at 2026-06-18T21:01:10.615750+07:00: Az=140.86, El=17.34
2026-06-18T12:18:45.379892+07:00: SPOT 7 at 2026-06-18T21:01:11.615750+07:00: Az=140.75, El=17.46
2026-06-18T12:18:45.381282+07:00: SPOT 7 at 2026-06-18T21:01:12.615750+07:00: Az=140.63, El=17.58
2026-06-18T12:18:45.382410+07:00: SPOT 7 at 2026-06-18T21:01:13.615750+07:00: Az=140.52, El=17.70
2026-06-18T12:18:45.383393+07:00: SPOT 7 at 2026-06-18T21:01:14.615750+07:00: Az=140.40, El=17.82
2026-06-18T12:18:45.384374+07:00: SPOT 7 at 2026-06-18T21:01:15.615750+07:00: Az=140.29, El=17.94
2026-06-18T12:18:45.385326+07:00: SPOT 7 at 2026-06-18T21:01:16.615750+07:00: Az=140.17, El=18.06
2026-06-18T12:18:45.386263+07:00: SPOT 7 at 2026-06-18T21:01:17.615750+07:00: Az=140.05, El=18.19
2026-06-18T12:18:45.387212+07:00: SPOT 7 at 2026-06-18T21:01:18.615750+07:00: Az=139.93, El=18.31
2026-06-18T12:18:45.388161+07:00: SPOT 7 at 2026-06-18T21:01:19.615750+07:00: Az=139.81, El=18.43
2026-06-18T12:18:45.389117+07:00: SPOT 7 at 2026-06-18T21:01:20.615750+07:00: Az=139.68, El=18.56
2026-06-18T12:18:45.390088+07:00: SPOT 7 at 2026-06-18T21:01:21.615750+07:00: Az=139.56, El=18.68
2026-06-18T12:18:45.391054+07:00: SPOT 7 at 2026-06-18T21:01:22.615750+07:00: Az=139.44, El=18.81
2026-06-18T12:18:45.392000+07:00: SPOT 7 at 2026-06-18T21:01:23.615750+07:00: Az=139.31, El=18.93
2026-06-18T12:18:45.392971+07:00: SPOT 7 at 2026-06-18T21:01:24.615750+07:00: Az=139.18, El=19.06
2026-06-18T12:18:45.393926+07:00: SPOT 7 at 2026-06-18T21:01:25.615750+07:00: Az=139.05, El=19.19
2026-06-18T12:18:45.394872+07:00: SPOT 7 at 2026-06-18T21:01:26.615750+07:00: Az=138.93, El=19.31
2026-06-18T12:18:45.395814+07:00: SPOT 7 at 2026-06-18T21:01:27.615750+07:00: Az=138.80, El=19.44
2026-06-18T12:18:45.396756+07:00: SPOT 7 at 2026-06-18T21:01:28.615750+07:00: Az=138.66, El=19.57
2026-06-18T12:18:45.397702+07:00: SPOT 7 at 2026-06-18T21:01:29.615750+07:00: Az=138.53, El=19.70
2026-06-18T12:18:45.398659+07:00: SPOT 7 at 2026-06-18T21:01:30.615750+07:00: Az=138.40, El=19.83
2026-06-18T12:18:45.399605+07:00: SPOT 7 at 2026-06-18T21:01:31.615750+07:00: Az=138.26, El=19.96
2026-06-18T12:18:45.400551+07:00: SPOT 7 at 2026-06-18T21:01:32.615750+07:00: Az=138.13, El=20.09
2026-06-18T12:18:45.401503+07:00: SPOT 7 at 2026-06-18T21:01:33.615750+07:00: Az=137.99, El=20.22
2026-06-18T12:18:45.402441+07:00: SPOT 7 at 2026-06-18T21:01:34.615750+07:00: Az=137.85, El=20.35
2026-06-18T12:18:45.403383+07:00: SPOT 7 at 2026-06-18T21:01:35.615750+07:00: Az=137.71, El=20.49
2026-06-18T12:18:45.404331+07:00: SPOT 7 at 2026-06-18T21:01:36.615750+07:00: Az=137.57, El=20.62
2026-06-18T12:18:45.405281+07:00: SPOT 7 at 2026-06-18T21:01:37.615750+07:00: Az=137.43, El=20.75
2026-06-18T12:18:45.406238+07:00: SPOT 7 at 2026-06-18T21:01:38.615750+07:00: Az=137.28, El=20.89
2026-06-18T12:18:45.407191+07:00: SPOT 7 at 2026-06-18T21:01:39.615750+07:00: Az=137.14, El=21.02
2026-06-18T12:18:45.408140+07:00: SPOT 7 at 2026-06-18T21:01:40.615750+07:00: Az=136.99, El=21.16
2026-06-18T12:18:45.409121+07:00: SPOT 7 at 2026-06-18T21:01:41.615750+07:00: Az=136.84, El=21.30
2026-06-18T12:18:45.410077+07:00: SPOT 7 at 2026-06-18T21:01:42.615750+07:00: Az=136.69, El=21.43
2026-06-18T12:18:45.411028+07:00: SPOT 7 at 2026-06-18T21:01:43.615750+07:00: Az=136.54, El=21.57
2026-06-18T12:18:45.411972+07:00: SPOT 7 at 2026-06-18T21:01:44.615750+07:00: Az=136.39, El=21.71
2026-06-18T12:18:45.412927+07:00: SPOT 7 at 2026-06-18T21:01:45.615750+07:00: Az=136.24, El=21.85
2026-06-18T12:18:45.413894+07:00: SPOT 7 at 2026-06-18T21:01:46.615750+07:00: Az=136.08, El=21.99
2026-06-18T12:18:45.414843+07:00: SPOT 7 at 2026-06-18T21:01:47.615750+07:00: Az=135.93, El=22.13
2026-06-18T12:18:45.415787+07:00: SPOT 7 at 2026-06-18T21:01:48.615750+07:00: Az=135.77, El=22.27
2026-06-18T12:18:45.416729+07:00: SPOT 7 at 2026-06-18T21:01:49.615750+07:00: Az=135.61, El=22.41
2026-06-18T12:18:45.417671+07:00: SPOT 7 at 2026-06-18T21:01:50.615750+07:00: Az=135.45, El=22.55
2026-06-18T12:18:45.418609+07:00: SPOT 7 at 2026-06-18T21:01:51.615750+07:00: Az=135.28, El=22.70
2026-06-18T12:18:45.419550+07:00: SPOT 7 at 2026-06-18T21:01:52.615750+07:00: Az=135.12, El=22.84
2026-06-18T12:18:45.420503+07:00: SPOT 7 at 2026-06-18T21:01:53.615750+07:00: Az=134.95, El=22.98
2026-06-18T12:18:45.421482+07:00: SPOT 7 at 2026-06-18T21:01:54.615750+07:00: Az=134.79, El=23.13
2026-06-18T12:18:45.422433+07:00: SPOT 7 at 2026-06-18T21:01:55.615750+07:00: Az=134.62, El=23.27
2026-06-18T12:18:45.423381+07:00: SPOT 7 at 2026-06-18T21:01:56.615750+07:00: Az=134.45, El=23.42
2026-06-18T12:18:45.424392+07:00: SPOT 7 at 2026-06-18T21:01:57.615750+07:00: Az=134.28, El=23.57
2026-06-18T12:18:45.425348+07:00: SPOT 7 at 2026-06-18T21:01:58.615750+07:00: Az=134.10, El=23.71
2026-06-18T12:18:45.426289+07:00: SPOT 7 at 2026-06-18T21:01:59.615750+07:00: Az=133.93, El=23.86
2026-06-18T12:18:45.427242+07:00: SPOT 7 at 2026-06-18T21:02:00.615750+07:00: Az=133.75, El=24.01
2026-06-18T12:18:45.428197+07:00: SPOT 7 at 2026-06-18T21:02:01.615750+07:00: Az=133.57, El=24.16
2026-06-18T12:18:45.429166+07:00: SPOT 7 at 2026-06-18T21:02:02.615750+07:00: Az=133.39, El=24.31
2026-06-18T12:18:45.430118+07:00: SPOT 7 at 2026-06-18T21:02:03.615750+07:00: Az=133.21, El=24.46
2026-06-18T12:18:45.431076+07:00: SPOT 7 at 2026-06-18T21:02:04.615750+07:00: Az=133.02, El=24.61
2026-06-18T12:18:45.432025+07:00: SPOT 7 at 2026-06-18T21:02:05.615750+07:00: Az=132.83, El=24.76
2026-06-18T12:18:45.432973+07:00: SPOT 7 at 2026-06-18T21:02:06.615750+07:00: Az=132.65, El=24.91
2026-06-18T12:18:45.433931+07:00: SPOT 7 at 2026-06-18T21:02:07.615750+07:00: Az=132.45, El=25.07
2026-06-18T12:18:45.434887+07:00: SPOT 7 at 2026-06-18T21:02:08.615750+07:00: Az=132.26, El=25.22
2026-06-18T12:18:45.435847+07:00: SPOT 7 at 2026-06-18T21:02:09.615750+07:00: Az=132.07, El=25.37
2026-06-18T12:18:45.436891+07:00: SPOT 7 at 2026-06-18T21:02:10.615750+07:00: Az=131.87, El=25.53
2026-06-18T12:18:45.437869+07:00: SPOT 7 at 2026-06-18T21:02:11.615750+07:00: Az=131.67, El=25.68
2026-06-18T12:18:45.438830+07:00: SPOT 7 at 2026-06-18T21:02:12.615750+07:00: Az=131.47, El=25.84
2026-06-18T12:18:45.439778+07:00: SPOT 7 at 2026-06-18T21:02:13.615750+07:00: Az=131.27, El=26.00
2026-06-18T12:18:45.440768+07:00: SPOT 7 at 2026-06-18T21:02:14.615750+07:00: Az=131.07, El=26.15
2026-06-18T12:18:45.441731+07:00: SPOT 7 at 2026-06-18T21:02:15.615750+07:00: Az=130.86, El=26.31
2026-06-18T12:18:45.442718+07:00: SPOT 7 at 2026-06-18T21:02:16.615750+07:00: Az=130.65, El=26.47
2026-06-18T12:18:45.443757+07:00: SPOT 7 at 2026-06-18T21:02:17.615750+07:00: Az=130.44, El=26.63
2026-06-18T12:18:45.444730+07:00: SPOT 7 at 2026-06-18T21:02:18.615750+07:00: Az=130.23, El=26.79
2026-06-18T12:18:45.445685+07:00: SPOT 7 at 2026-06-18T21:02:19.615750+07:00: Az=130.01, El=26.95
2026-06-18T12:18:45.446643+07:00: SPOT 7 at 2026-06-18T21:02:20.615750+07:00: Az=129.79, El=27.11
2026-06-18T12:18:45.447590+07:00: SPOT 7 at 2026-06-18T21:02:21.615750+07:00: Az=129.57, El=27.27
2026-06-18T12:18:45.448549+07:00: SPOT 7 at 2026-06-18T21:02:22.615750+07:00: Az=129.35, El=27.43
2026-06-18T12:18:45.449500+07:00: SPOT 7 at 2026-06-18T21:02:23.615750+07:00: Az=129.13, El=27.60
2026-06-18T12:18:45.450465+07:00: SPOT 7 at 2026-06-18T21:02:24.615750+07:00: Az=128.90, El=27.76
2026-06-18T12:18:45.451429+07:00: SPOT 7 at 2026-06-18T21:02:25.615750+07:00: Az=128.67, El=27.92
2026-06-18T12:18:45.452415+07:00: SPOT 7 at 2026-06-18T21:02:26.615750+07:00: Az=128.44, El=28.09
2026-06-18T12:18:45.453376+07:00: SPOT 7 at 2026-06-18T21:02:27.615750+07:00: Az=128.20, El=28.25
2026-06-18T12:18:45.454334+07:00: SPOT 7 at 2026-06-18T21:02:28.615750+07:00: Az=127.97, El=28.42
2026-06-18T12:18:45.455292+07:00: SPOT 7 at 2026-06-18T21:02:29.615750+07:00: Az=127.73, El=28.58
2026-06-18T12:18:45.456249+07:00: SPOT 7 at 2026-06-18T21:02:30.615750+07:00: Az=127.49, El=28.75
2026-06-18T12:18:45.457209+07:00: SPOT 7 at 2026-06-18T21:02:31.615750+07:00: Az=127.24, El=28.92
2026-06-18T12:18:45.458163+07:00: SPOT 7 at 2026-06-18T21:02:32.615750+07:00: Az=126.99, El=29.09
2026-06-18T12:18:45.459126+07:00: SPOT 7 at 2026-06-18T21:02:33.615750+07:00: Az=126.74, El=29.25
2026-06-18T12:18:45.460104+07:00: SPOT 7 at 2026-06-18T21:02:34.615750+07:00: Az=126.49, El=29.42
2026-06-18T12:18:45.461066+07:00: SPOT 7 at 2026-06-18T21:02:35.615750+07:00: Az=126.24, El=29.59
2026-06-18T12:18:45.462018+07:00: SPOT 7 at 2026-06-18T21:02:36.615750+07:00: Az=125.98, El=29.76
2026-06-18T12:18:45.462969+07:00: SPOT 7 at 2026-06-18T21:02:37.615750+07:00: Az=125.72, El=29.93
2026-06-18T12:18:45.463946+07:00: SPOT 7 at 2026-06-18T21:02:38.615750+07:00: Az=125.45, El=30.10
2026-06-18T12:18:45.464905+07:00: SPOT 7 at 2026-06-18T21:02:39.615750+07:00: Az=125.19, El=30.27
2026-06-18T12:18:45.465849+07:00: SPOT 7 at 2026-06-18T21:02:40.615750+07:00: Az=124.92, El=30.44
2026-06-18T12:18:45.467126+07:00: SPOT 7 at 2026-06-18T21:02:41.615750+07:00: Az=124.64, El=30.61
2026-06-18T12:18:45.468115+07:00: SPOT 7 at 2026-06-18T21:02:42.615750+07:00: Az=124.37, El=30.79
2026-06-18T12:18:45.469083+07:00: SPOT 7 at 2026-06-18T21:02:43.615750+07:00: Az=124.09, El=30.96
2026-06-18T12:18:45.470040+07:00: SPOT 7 at 2026-06-18T21:02:44.615750+07:00: Az=123.81, El=31.13
2026-06-18T12:18:45.470987+07:00: SPOT 7 at 2026-06-18T21:02:45.615750+07:00: Az=123.52, El=31.30
2026-06-18T12:18:45.471942+07:00: SPOT 7 at 2026-06-18T21:02:46.615750+07:00: Az=123.23, El=31.48
2026-06-18T12:18:45.472896+07:00: SPOT 7 at 2026-06-18T21:02:47.615750+07:00: Az=122.94, El=31.65
2026-06-18T12:18:45.473871+07:00: SPOT 7 at 2026-06-18T21:02:48.615750+07:00: Az=122.65, El=31.83
2026-06-18T12:18:45.474833+07:00: SPOT 7 at 2026-06-18T21:02:49.615750+07:00: Az=122.35, El=32.00
2026-06-18T12:18:45.475791+07:00: SPOT 7 at 2026-06-18T21:02:50.615750+07:00: Az=122.05, El=32.17
2026-06-18T12:18:45.476747+07:00: SPOT 7 at 2026-06-18T21:02:51.615750+07:00: Az=121.75, El=32.35
2026-06-18T12:18:45.477692+07:00: SPOT 7 at 2026-06-18T21:02:52.615750+07:00: Az=121.44, El=32.52
2026-06-18T12:18:45.478639+07:00: SPOT 7 at 2026-06-18T21:02:53.615750+07:00: Az=121.13, El=32.70
2026-06-18T12:18:45.479582+07:00: SPOT 7 at 2026-06-18T21:02:54.615750+07:00: Az=120.81, El=32.87
2026-06-18T12:18:45.480537+07:00: SPOT 7 at 2026-06-18T21:02:55.615750+07:00: Az=120.49, El=33.05
2026-06-18T12:18:45.481485+07:00: SPOT 7 at 2026-06-18T21:02:56.615750+07:00: Az=120.17, El=33.23
2026-06-18T12:18:45.482444+07:00: SPOT 7 at 2026-06-18T21:02:57.615750+07:00: Az=119.85, El=33.40
2026-06-18T12:18:45.483615+07:00: SPOT 7 at 2026-06-18T21:02:58.615750+07:00: Az=119.52, El=33.58
2026-06-18T12:18:45.484585+07:00: SPOT 7 at 2026-06-18T21:02:59.615750+07:00: Az=119.18, El=33.75
2026-06-18T12:18:45.485541+07:00: SPOT 7 at 2026-06-18T21:03:00.615750+07:00: Az=118.85, El=33.93
2026-06-18T12:18:45.486490+07:00: SPOT 7 at 2026-06-18T21:03:01.615750+07:00: Az=118.51, El=34.10
2026-06-18T12:18:45.487445+07:00: SPOT 7 at 2026-06-18T21:03:02.615750+07:00: Az=118.16, El=34.28
2026-06-18T12:18:45.488437+07:00: SPOT 7 at 2026-06-18T21:03:03.615750+07:00: Az=117.82, El=34.45
2026-06-18T12:18:45.489401+07:00: SPOT 7 at 2026-06-18T21:03:04.615750+07:00: Az=117.46, El=34.63
2026-06-18T12:18:45.490365+07:00: SPOT 7 at 2026-06-18T21:03:05.615750+07:00: Az=117.11, El=34.80
2026-06-18T12:18:45.491411+07:00: SPOT 7 at 2026-06-18T21:03:06.615750+07:00: Az=116.75, El=34.98
2026-06-18T12:18:45.492389+07:00: SPOT 7 at 2026-06-18T21:03:07.615750+07:00: Az=116.39, El=35.15
2026-06-18T12:18:45.493357+07:00: SPOT 7 at 2026-06-18T21:03:08.615750+07:00: Az=116.02, El=35.33
2026-06-18T12:18:45.494307+07:00: SPOT 7 at 2026-06-18T21:03:09.615750+07:00: Az=115.65, El=35.50
2026-06-18T12:18:45.495263+07:00: SPOT 7 at 2026-06-18T21:03:10.615750+07:00: Az=115.27, El=35.68
2026-06-18T12:18:45.496212+07:00: SPOT 7 at 2026-06-18T21:03:11.615750+07:00: Az=114.89, El=35.85
2026-06-18T12:18:45.497165+07:00: SPOT 7 at 2026-06-18T21:03:12.615750+07:00: Az=114.51, El=36.02
2026-06-18T12:18:45.498112+07:00: SPOT 7 at 2026-06-18T21:03:13.615750+07:00: Az=114.12, El=36.20
2026-06-18T12:18:45.499067+07:00: SPOT 7 at 2026-06-18T21:03:14.615750+07:00: Az=113.73, El=36.37
2026-06-18T12:18:45.500012+07:00: SPOT 7 at 2026-06-18T21:03:15.615750+07:00: Az=113.33, El=36.54
2026-06-18T12:18:45.500959+07:00: SPOT 7 at 2026-06-18T21:03:16.615750+07:00: Az=112.93, El=36.71
2026-06-18T12:18:45.501927+07:00: SPOT 7 at 2026-06-18T21:03:17.615750+07:00: Az=112.52, El=36.88
2026-06-18T12:18:45.502872+07:00: SPOT 7 at 2026-06-18T21:03:18.615750+07:00: Az=112.11, El=37.05
2026-06-18T12:18:45.503871+07:00: SPOT 7 at 2026-06-18T21:03:19.615750+07:00: Az=111.70, El=37.22
2026-06-18T12:18:45.504825+07:00: SPOT 7 at 2026-06-18T21:03:20.615750+07:00: Az=111.28, El=37.39
2026-06-18T12:18:45.505771+07:00: SPOT 7 at 2026-06-18T21:03:21.615750+07:00: Az=110.86, El=37.56
2026-06-18T12:18:45.506760+07:00: SPOT 7 at 2026-06-18T21:03:22.615750+07:00: Az=110.43, El=37.72
2026-06-18T12:18:45.508006+07:00: SPOT 7 at 2026-06-18T21:03:23.615750+07:00: Az=110.00, El=37.89
2026-06-18T12:18:45.509012+07:00: SPOT 7 at 2026-06-18T21:03:24.615750+07:00: Az=109.57, El=38.05
2026-06-18T12:18:45.509970+07:00: SPOT 7 at 2026-06-18T21:03:25.615750+07:00: Az=109.12, El=38.22
2026-06-18T12:18:45.510914+07:00: SPOT 7 at 2026-06-18T21:03:26.615750+07:00: Az=108.68, El=38.38
2026-06-18T12:18:45.511858+07:00: SPOT 7 at 2026-06-18T21:03:27.615750+07:00: Az=108.23, El=38.54
2026-06-18T12:18:45.512801+07:00: SPOT 7 at 2026-06-18T21:03:28.615750+07:00: Az=107.78, El=38.70
2026-06-18T12:18:45.513760+07:00: SPOT 7 at 2026-06-18T21:03:29.615750+07:00: Az=107.32, El=38.86
2026-06-18T12:18:45.514716+07:00: SPOT 7 at 2026-06-18T21:03:30.615750+07:00: Az=106.85, El=39.02
2026-06-18T12:18:45.515975+07:00: SPOT 7 at 2026-06-18T21:03:31.615750+07:00: Az=106.39, El=39.17
2026-06-18T12:18:45.516961+07:00: SPOT 7 at 2026-06-18T21:03:32.615750+07:00: Az=105.91, El=39.33
2026-06-18T12:18:45.517916+07:00: SPOT 7 at 2026-06-18T21:03:33.615750+07:00: Az=105.44, El=39.48
2026-06-18T12:18:45.518860+07:00: SPOT 7 at 2026-06-18T21:03:34.615750+07:00: Az=104.95, El=39.64
2026-06-18T12:18:45.519823+07:00: SPOT 7 at 2026-06-18T21:03:35.615750+07:00: Az=104.47, El=39.79
2026-06-18T12:18:45.521644+07:00: SPOT 7 at 2026-06-18T21:03:36.615750+07:00: Az=103.98, El=39.93
2026-06-18T12:18:45.522644+07:00: SPOT 7 at 2026-06-18T21:03:37.615750+07:00: Az=103.48, El=40.08
2026-06-18T12:18:45.523625+07:00: SPOT 7 at 2026-06-18T21:03:38.615750+07:00: Az=102.98, El=40.23
2026-06-18T12:18:45.524588+07:00: SPOT 7 at 2026-06-18T21:03:39.615750+07:00: Az=102.48, El=40.37
2026-06-18T12:18:45.525547+07:00: SPOT 7 at 2026-06-18T21:03:40.615750+07:00: Az=101.97, El=40.51
2026-06-18T12:18:45.526491+07:00: SPOT 7 at 2026-06-18T21:03:41.615750+07:00: Az=101.45, El=40.65
2026-06-18T12:18:45.527437+07:00: SPOT 7 at 2026-06-18T21:03:42.615750+07:00: Az=100.94, El=40.79
2026-06-18T12:18:45.528375+07:00: SPOT 7 at 2026-06-18T21:03:43.615750+07:00: Az=100.41, El=40.93
2026-06-18T12:18:45.529332+07:00: SPOT 7 at 2026-06-18T21:03:44.615750+07:00: Az=99.89, El=41.06
2026-06-18T12:18:45.530284+07:00: SPOT 7 at 2026-06-18T21:03:45.615750+07:00: Az=99.35, El=41.19
2026-06-18T12:18:45.531245+07:00: SPOT 7 at 2026-06-18T21:03:46.615750+07:00: Az=98.82, El=41.32
2026-06-18T12:18:45.532212+07:00: SPOT 7 at 2026-06-18T21:03:47.615750+07:00: Az=98.28, El=41.45
2026-06-18T12:18:45.533178+07:00: SPOT 7 at 2026-06-18T21:03:48.615750+07:00: Az=97.73, El=41.57
2026-06-18T12:18:45.534133+07:00: SPOT 7 at 2026-06-18T21:03:49.615750+07:00: Az=97.19, El=41.69
2026-06-18T12:18:45.535092+07:00: SPOT 7 at 2026-06-18T21:03:50.615750+07:00: Az=96.63, El=41.81
2026-06-18T12:18:45.536080+07:00: SPOT 7 at 2026-06-18T21:03:51.615750+07:00: Az=96.08, El=41.93
2026-06-18T12:18:45.537039+07:00: SPOT 7 at 2026-06-18T21:03:52.615750+07:00: Az=95.51, El=42.05
2026-06-18T12:18:45.537982+07:00: SPOT 7 at 2026-06-18T21:03:53.615750+07:00: Az=94.95, El=42.16
2026-06-18T12:18:45.538927+07:00: SPOT 7 at 2026-06-18T21:03:54.615750+07:00: Az=94.38, El=42.27
2026-06-18T12:18:45.539870+07:00: SPOT 7 at 2026-06-18T21:03:55.615750+07:00: Az=93.81, El=42.37
2026-06-18T12:18:45.540831+07:00: SPOT 7 at 2026-06-18T21:03:56.615750+07:00: Az=93.23, El=42.48
2026-06-18T12:18:45.541788+07:00: SPOT 7 at 2026-06-18T21:03:57.615750+07:00: Az=92.65, El=42.58
2026-06-18T12:18:45.542737+07:00: SPOT 7 at 2026-06-18T21:03:58.615750+07:00: Az=92.07, El=42.67
2026-06-18T12:18:45.543684+07:00: SPOT 7 at 2026-06-18T21:03:59.615750+07:00: Az=91.48, El=42.77
2026-06-18T12:18:45.544649+07:00: SPOT 7 at 2026-06-18T21:04:00.615750+07:00: Az=90.89, El=42.86
2026-06-18T12:18:45.545624+07:00: SPOT 7 at 2026-06-18T21:04:01.615750+07:00: Az=90.29, El=42.95
2026-06-18T12:18:45.546566+07:00: SPOT 7 at 2026-06-18T21:04:02.615750+07:00: Az=89.69, El=43.03
2026-06-18T12:18:45.547512+07:00: SPOT 7 at 2026-06-18T21:04:03.615750+07:00: Az=89.09, El=43.11
2026-06-18T12:18:45.548490+07:00: SPOT 7 at 2026-06-18T21:04:04.615750+07:00: Az=88.49, El=43.19
2026-06-18T12:18:45.549517+07:00: SPOT 7 at 2026-06-18T21:04:05.615750+07:00: Az=87.88, El=43.27
2026-06-18T12:18:45.550495+07:00: SPOT 7 at 2026-06-18T21:04:06.615750+07:00: Az=87.27, El=43.34
2026-06-18T12:18:45.551459+07:00: SPOT 7 at 2026-06-18T21:04:07.615750+07:00: Az=86.66, El=43.41
2026-06-18T12:18:45.552416+07:00: SPOT 7 at 2026-06-18T21:04:08.615750+07:00: Az=86.05, El=43.47
2026-06-18T12:18:45.553383+07:00: SPOT 7 at 2026-06-18T21:04:09.615750+07:00: Az=85.43, El=43.53
2026-06-18T12:18:45.554334+07:00: SPOT 7 at 2026-06-18T21:04:10.615750+07:00: Az=84.81, El=43.59
2026-06-18T12:18:45.555299+07:00: SPOT 7 at 2026-06-18T21:04:11.615750+07:00: Az=84.19, El=43.64
2026-06-18T12:18:45.556259+07:00: SPOT 7 at 2026-06-18T21:04:12.615750+07:00: Az=83.56, El=43.69
2026-06-18T12:18:45.557245+07:00: SPOT 7 at 2026-06-18T21:04:13.615750+07:00: Az=82.94, El=43.74
2026-06-18T12:18:45.558296+07:00: SPOT 7 at 2026-06-18T21:04:14.615750+07:00: Az=82.31, El=43.78
2026-06-18T12:18:45.559270+07:00: SPOT 7 at 2026-06-18T21:04:15.615750+07:00: Az=81.68, El=43.82
2026-06-18T12:18:45.560226+07:00: SPOT 7 at 2026-06-18T21:04:16.615750+07:00: Az=81.05, El=43.86
2026-06-18T12:18:45.561175+07:00: SPOT 7 at 2026-06-18T21:04:17.615750+07:00: Az=80.42, El=43.89
2026-06-18T12:18:45.562124+07:00: SPOT 7 at 2026-06-18T21:04:18.615750+07:00: Az=79.78, El=43.92
2026-06-18T12:18:45.563067+07:00: SPOT 7 at 2026-06-18T21:04:19.615750+07:00: Az=79.15, El=43.94
2026-06-18T12:18:45.564029+07:00: SPOT 7 at 2026-06-18T21:04:20.615750+07:00: Az=78.51, El=43.96
2026-06-18T12:18:45.564988+07:00: SPOT 7 at 2026-06-18T21:04:21.615750+07:00: Az=77.88, El=43.98
2026-06-18T12:18:45.565961+07:00: SPOT 7 at 2026-06-18T21:04:22.615750+07:00: Az=77.24, El=43.99
2026-06-18T12:18:45.566914+07:00: SPOT 7 at 2026-06-18T21:04:23.615750+07:00: Az=76.60, El=44.00
2026-06-18T12:18:45.567878+07:00: SPOT 7 at 2026-06-18T21:04:24.615750+07:00: Az=75.97, El=44.01
2026-06-18T12:18:45.568827+07:00: SPOT 7 at 2026-06-18T21:04:25.615750+07:00: Az=75.33, El=44.01
2026-06-18T12:18:45.569781+07:00: SPOT 7 at 2026-06-18T21:04:26.615750+07:00: Az=74.69, El=44.00
2026-06-18T12:18:45.570744+07:00: SPOT 7 at 2026-06-18T21:04:27.615750+07:00: Az=74.05, El=44.00
2026-06-18T12:18:45.571706+07:00: SPOT 7 at 2026-06-18T21:04:28.615750+07:00: Az=73.42, El=43.99
2026-06-18T12:18:45.572658+07:00: SPOT 7 at 2026-06-18T21:04:29.615750+07:00: Az=72.78, El=43.97
2026-06-18T12:18:45.573626+07:00: SPOT 7 at 2026-06-18T21:04:30.615750+07:00: Az=72.15, El=43.95
2026-06-18T12:18:45.574584+07:00: SPOT 7 at 2026-06-18T21:04:31.615750+07:00: Az=71.51, El=43.93
2026-06-18T12:18:45.576171+07:00: SPOT 7 at 2026-06-18T21:04:32.615750+07:00: Az=70.88, El=43.90
2026-06-18T12:18:45.577129+07:00: SPOT 7 at 2026-06-18T21:04:33.615750+07:00: Az=70.24, El=43.87
2026-06-18T12:18:45.578079+07:00: SPOT 7 at 2026-06-18T21:04:34.615750+07:00: Az=69.61, El=43.84
2026-06-18T12:18:45.579018+07:00: SPOT 7 at 2026-06-18T21:04:35.615750+07:00: Az=68.98, El=43.80
2026-06-18T12:18:45.579961+07:00: SPOT 7 at 2026-06-18T21:04:36.615750+07:00: Az=68.36, El=43.76
2026-06-18T12:18:45.580897+07:00: SPOT 7 at 2026-06-18T21:04:37.615750+07:00: Az=67.73, El=43.72
2026-06-18T12:18:45.581845+07:00: SPOT 7 at 2026-06-18T21:04:38.615750+07:00: Az=67.10, El=43.67
2026-06-18T12:18:45.582833+07:00: SPOT 7 at 2026-06-18T21:04:39.615750+07:00: Az=66.48, El=43.62
2026-06-18T12:18:45.583952+07:00: SPOT 7 at 2026-06-18T21:04:40.615750+07:00: Az=65.86, El=43.56
2026-06-18T12:18:45.584908+07:00: SPOT 7 at 2026-06-18T21:04:41.615750+07:00: Az=65.24, El=43.50
2026-06-18T12:18:45.585861+07:00: SPOT 7 at 2026-06-18T21:04:42.615750+07:00: Az=64.63, El=43.44
2026-06-18T12:18:45.586849+07:00: SPOT 7 at 2026-06-18T21:04:43.615750+07:00: Az=64.01, El=43.37
2026-06-18T12:18:45.587830+07:00: SPOT 7 at 2026-06-18T21:04:44.615750+07:00: Az=63.40, El=43.30
2026-06-18T12:18:45.588787+07:00: SPOT 7 at 2026-06-18T21:04:45.615750+07:00: Az=62.80, El=43.23
2026-06-18T12:18:45.589748+07:00: SPOT 7 at 2026-06-18T21:04:46.615750+07:00: Az=62.19, El=43.15
2026-06-18T12:18:45.590728+07:00: SPOT 7 at 2026-06-18T21:04:47.615750+07:00: Az=61.59, El=43.07
2026-06-18T12:18:45.591688+07:00: SPOT 7 at 2026-06-18T21:04:48.615750+07:00: Az=60.99, El=42.99
2026-06-18T12:18:45.592630+07:00: SPOT 7 at 2026-06-18T21:04:49.615750+07:00: Az=60.39, El=42.90
2026-06-18T12:18:45.593577+07:00: SPOT 7 at 2026-06-18T21:04:50.615750+07:00: Az=59.80, El=42.81
2026-06-18T12:18:45.594521+07:00: SPOT 7 at 2026-06-18T21:04:51.615750+07:00: Az=59.21, El=42.72
2026-06-18T12:18:45.595462+07:00: SPOT 7 at 2026-06-18T21:04:52.615750+07:00: Az=58.63, El=42.62
2026-06-18T12:18:45.596408+07:00: SPOT 7 at 2026-06-18T21:04:53.615750+07:00: Az=58.05, El=42.52
2026-06-18T12:18:45.597350+07:00: SPOT 7 at 2026-06-18T21:04:54.615750+07:00: Az=57.47, El=42.42
2026-06-18T12:18:45.598327+07:00: SPOT 7 at 2026-06-18T21:04:55.615750+07:00: Az=56.89, El=42.32
2026-06-18T12:18:45.599355+07:00: SPOT 7 at 2026-06-18T21:04:56.615750+07:00: Az=56.32, El=42.21
2026-06-18T12:18:45.600328+07:00: SPOT 7 at 2026-06-18T21:04:57.615750+07:00: Az=55.76, El=42.10
2026-06-18T12:18:45.601280+07:00: SPOT 7 at 2026-06-18T21:04:58.615750+07:00: Az=55.19, El=41.98
2026-06-18T12:18:45.602230+07:00: SPOT 7 at 2026-06-18T21:04:59.615750+07:00: Az=54.64, El=41.87
2026-06-18T12:18:45.603172+07:00: SPOT 7 at 2026-06-18T21:05:00.615750+07:00: Az=54.08, El=41.75
2026-06-18T12:18:45.604142+07:00: SPOT 7 at 2026-06-18T21:05:01.615750+07:00: Az=53.53, El=41.63
2026-06-18T12:18:45.605081+07:00: SPOT 7 at 2026-06-18T21:05:02.615750+07:00: Az=52.99, El=41.51
2026-06-18T12:18:45.606158+07:00: SPOT 7 at 2026-06-18T21:05:03.615750+07:00: Az=52.44, El=41.38
2026-06-18T12:18:45.607385+07:00: SPOT 7 at 2026-06-18T21:05:04.615750+07:00: Az=51.91, El=41.25
2026-06-18T12:18:45.608377+07:00: SPOT 7 at 2026-06-18T21:05:05.615750+07:00: Az=51.37, El=41.12
2026-06-18T12:18:45.609340+07:00: SPOT 7 at 2026-06-18T21:05:06.615750+07:00: Az=50.85, El=40.99
2026-06-18T12:18:45.610298+07:00: SPOT 7 at 2026-06-18T21:05:07.615750+07:00: Az=50.32, El=40.85
2026-06-18T12:18:45.611248+07:00: SPOT 7 at 2026-06-18T21:05:08.615750+07:00: Az=49.80, El=40.72
2026-06-18T12:18:45.612197+07:00: SPOT 7 at 2026-06-18T21:05:09.615750+07:00: Az=49.29, El=40.58
2026-06-18T12:18:45.613147+07:00: SPOT 7 at 2026-06-18T21:05:10.615750+07:00: Az=48.78, El=40.44
2026-06-18T12:18:45.614092+07:00: SPOT 7 at 2026-06-18T21:05:11.615750+07:00: Az=48.27, El=40.29
2026-06-18T12:18:45.615061+07:00: SPOT 7 at 2026-06-18T21:05:12.615750+07:00: Az=47.77, El=40.15
2026-06-18T12:18:45.616024+07:00: SPOT 7 at 2026-06-18T21:05:13.615750+07:00: Az=47.27, El=40.00
2026-06-18T12:18:45.616979+07:00: SPOT 7 at 2026-06-18T21:05:14.615750+07:00: Az=46.78, El=39.86
2026-06-18T12:18:45.617930+07:00: SPOT 7 at 2026-06-18T21:05:15.615750+07:00: Az=46.29, El=39.71
2026-06-18T12:18:45.618881+07:00: SPOT 7 at 2026-06-18T21:05:16.615750+07:00: Az=45.81, El=39.55
2026-06-18T12:18:45.619826+07:00: SPOT 7 at 2026-06-18T21:05:17.615750+07:00: Az=45.33, El=39.40
2026-06-18T12:18:45.620765+07:00: SPOT 7 at 2026-06-18T21:05:18.615750+07:00: Az=44.86, El=39.25
2026-06-18T12:18:45.621719+07:00: SPOT 7 at 2026-06-18T21:05:19.615750+07:00: Az=44.39, El=39.09
2026-06-18T12:18:45.622676+07:00: SPOT 7 at 2026-06-18T21:05:20.615750+07:00: Az=43.92, El=38.93
2026-06-18T12:18:45.623630+07:00: SPOT 7 at 2026-06-18T21:05:21.615750+07:00: Az=43.46, El=38.78
2026-06-18T12:18:45.624579+07:00: SPOT 7 at 2026-06-18T21:05:22.615750+07:00: Az=43.01, El=38.62
2026-06-18T12:18:45.625527+07:00: SPOT 7 at 2026-06-18T21:05:23.615750+07:00: Az=42.56, El=38.46
2026-06-18T12:18:45.626496+07:00: SPOT 7 at 2026-06-18T21:05:24.615750+07:00: Az=42.11, El=38.29
2026-06-18T12:18:45.627481+07:00: SPOT 7 at 2026-06-18T21:05:25.615750+07:00: Az=41.67, El=38.13
2026-06-18T12:18:45.628427+07:00: SPOT 7 at 2026-06-18T21:05:26.615750+07:00: Az=41.23, El=37.97
2026-06-18T12:18:45.629373+07:00: SPOT 7 at 2026-06-18T21:05:27.615750+07:00: Az=40.80, El=37.80
2026-06-18T12:18:45.630315+07:00: SPOT 7 at 2026-06-18T21:05:28.615750+07:00: Az=40.37, El=37.64
2026-06-18T12:18:45.631298+07:00: SPOT 7 at 2026-06-18T21:05:29.615750+07:00: Az=39.94, El=37.47
2026-06-18T12:18:45.632272+07:00: SPOT 7 at 2026-06-18T21:05:30.615750+07:00: Az=39.52, El=37.30
2026-06-18T12:18:45.633297+07:00: SPOT 7 at 2026-06-18T21:05:31.615750+07:00: Az=39.11, El=37.13
2026-06-18T12:18:45.634274+07:00: SPOT 7 at 2026-06-18T21:05:32.615750+07:00: Az=38.70, El=36.96
2026-06-18T12:18:45.635232+07:00: SPOT 7 at 2026-06-18T21:05:33.615750+07:00: Az=38.29, El=36.79
2026-06-18T12:18:45.636178+07:00: SPOT 7 at 2026-06-18T21:05:34.615750+07:00: Az=37.89, El=36.62
2026-06-18T12:18:45.637129+07:00: SPOT 7 at 2026-06-18T21:05:35.615750+07:00: Az=37.49, El=36.45
2026-06-18T12:18:45.638076+07:00: SPOT 7 at 2026-06-18T21:05:36.615750+07:00: Az=37.10, El=36.28
2026-06-18T12:18:45.639021+07:00: SPOT 7 at 2026-06-18T21:05:37.615750+07:00: Az=36.71, El=36.11
2026-06-18T12:18:45.639965+07:00: SPOT 7 at 2026-06-18T21:05:38.615750+07:00: Az=36.32, El=35.94
2026-06-18T12:18:45.641306+07:00: SPOT 7 at 2026-06-18T21:05:39.615750+07:00: Az=35.94, El=35.76
2026-06-18T12:18:45.642338+07:00: SPOT 7 at 2026-06-18T21:05:40.615750+07:00: Az=35.57, El=35.59
2026-06-18T12:18:45.643312+07:00: SPOT 7 at 2026-06-18T21:05:41.615750+07:00: Az=35.19, El=35.42
2026-06-18T12:18:45.644270+07:00: SPOT 7 at 2026-06-18T21:05:42.615750+07:00: Az=34.83, El=35.24
2026-06-18T12:18:45.645228+07:00: SPOT 7 at 2026-06-18T21:05:43.615750+07:00: Az=34.46, El=35.07
2026-06-18T12:18:45.646184+07:00: SPOT 7 at 2026-06-18T21:05:44.615750+07:00: Az=34.10, El=34.89
2026-06-18T12:18:45.647140+07:00: SPOT 7 at 2026-06-18T21:05:45.615750+07:00: Az=33.74, El=34.72
2026-06-18T12:18:45.648091+07:00: SPOT 7 at 2026-06-18T21:05:46.615750+07:00: Az=33.39, El=34.54
2026-06-18T12:18:45.649066+07:00: SPOT 7 at 2026-06-18T21:05:47.615750+07:00: Az=33.04, El=34.37
2026-06-18T12:18:45.650020+07:00: SPOT 7 at 2026-06-18T21:05:48.615750+07:00: Az=32.70, El=34.19
2026-06-18T12:18:45.650963+07:00: SPOT 7 at 2026-06-18T21:05:49.615750+07:00: Az=32.36, El=34.02
2026-06-18T12:18:45.651917+07:00: SPOT 7 at 2026-06-18T21:05:50.615750+07:00: Az=32.02, El=33.84
2026-06-18T12:18:45.652911+07:00: SPOT 7 at 2026-06-18T21:05:51.615750+07:00: Az=31.69, El=33.67
2026-06-18T12:18:45.653911+07:00: SPOT 7 at 2026-06-18T21:05:52.615750+07:00: Az=31.36, El=33.49
2026-06-18T12:18:45.654872+07:00: SPOT 7 at 2026-06-18T21:05:53.615750+07:00: Az=31.03, El=33.32
2026-06-18T12:18:45.655834+07:00: SPOT 7 at 2026-06-18T21:05:54.615750+07:00: Az=30.71, El=33.14
2026-06-18T12:18:45.656791+07:00: SPOT 7 at 2026-06-18T21:05:55.615750+07:00: Az=30.39, El=32.97
2026-06-18T12:18:45.657747+07:00: SPOT 7 at 2026-06-18T21:05:56.615750+07:00: Az=30.07, El=32.79
2026-06-18T12:18:45.658693+07:00: SPOT 7 at 2026-06-18T21:05:57.615750+07:00: Az=29.76, El=32.62
2026-06-18T12:18:45.659648+07:00: SPOT 7 at 2026-06-18T21:05:58.615750+07:00: Az=29.45, El=32.44
2026-06-18T12:18:45.660600+07:00: SPOT 7 at 2026-06-18T21:05:59.615750+07:00: Az=29.15, El=32.27
2026-06-18T12:18:45.661551+07:00: SPOT 7 at 2026-06-18T21:06:00.615750+07:00: Az=28.84, El=32.09
2026-06-18T12:18:45.662514+07:00: SPOT 7 at 2026-06-18T21:06:01.615750+07:00: Az=28.55, El=31.92
2026-06-18T12:18:45.663472+07:00: SPOT 7 at 2026-06-18T21:06:02.615750+07:00: Az=28.25, El=31.74
2026-06-18T12:18:45.664415+07:00: SPOT 7 at 2026-06-18T21:06:03.615750+07:00: Az=27.96, El=31.57
2026-06-18T12:18:45.665386+07:00: SPOT 7 at 2026-06-18T21:06:04.615750+07:00: Az=27.67, El=31.40
2026-06-18T12:18:45.666350+07:00: SPOT 7 at 2026-06-18T21:06:05.615750+07:00: Az=27.38, El=31.22
2026-06-18T12:18:45.667350+07:00: SPOT 7 at 2026-06-18T21:06:06.615750+07:00: Az=27.10, El=31.05
2026-06-18T12:18:45.668310+07:00: SPOT 7 at 2026-06-18T21:06:07.615750+07:00: Az=26.82, El=30.88
2026-06-18T12:18:45.669262+07:00: SPOT 7 at 2026-06-18T21:06:08.615750+07:00: Az=26.55, El=30.71
2026-06-18T12:18:45.670221+07:00: SPOT 7 at 2026-06-18T21:06:09.615750+07:00: Az=26.27, El=30.54
2026-06-18T12:18:45.671167+07:00: SPOT 7 at 2026-06-18T21:06:10.615750+07:00: Az=26.00, El=30.36
2026-06-18T12:18:45.672121+07:00: SPOT 7 at 2026-06-18T21:06:11.615750+07:00: Az=25.74, El=30.19
2026-06-18T12:18:45.673063+07:00: SPOT 7 at 2026-06-18T21:06:12.615750+07:00: Az=25.47, El=30.02
2026-06-18T12:18:45.674016+07:00: SPOT 7 at 2026-06-18T21:06:13.615750+07:00: Az=25.21, El=29.85
2026-06-18T12:18:45.674969+07:00: SPOT 7 at 2026-06-18T21:06:14.615750+07:00: Az=24.95, El=29.68
2026-06-18T12:18:45.675940+07:00: SPOT 7 at 2026-06-18T21:06:15.615750+07:00: Az=24.70, El=29.52
2026-06-18T12:18:45.676903+07:00: SPOT 7 at 2026-06-18T21:06:16.615750+07:00: Az=24.44, El=29.35
2026-06-18T12:18:45.677877+07:00: SPOT 7 at 2026-06-18T21:06:17.615750+07:00: Az=24.19, El=29.18
2026-06-18T12:18:45.678835+07:00: SPOT 7 at 2026-06-18T21:06:18.615750+07:00: Az=23.94, El=29.01
2026-06-18T12:18:45.679812+07:00: SPOT 7 at 2026-06-18T21:06:19.615750+07:00: Az=23.70, El=28.84
2026-06-18T12:18:45.680821+07:00: SPOT 7 at 2026-06-18T21:06:20.615750+07:00: Az=23.46, El=28.68
2026-06-18T12:18:45.681772+07:00: SPOT 7 at 2026-06-18T21:06:21.615750+07:00: Az=23.22, El=28.51
2026-06-18T12:18:45.682723+07:00: SPOT 7 at 2026-06-18T21:06:22.615750+07:00: Az=22.98, El=28.35
2026-06-18T12:18:45.683691+07:00: SPOT 7 at 2026-06-18T21:06:23.615750+07:00: Az=22.74, El=28.18
2026-06-18T12:18:45.684641+07:00: SPOT 7 at 2026-06-18T21:06:24.615750+07:00: Az=22.51, El=28.02
2026-06-18T12:18:45.685612+07:00: SPOT 7 at 2026-06-18T21:06:25.615750+07:00: Az=22.28, El=27.85
2026-06-18T12:18:45.686593+07:00: SPOT 7 at 2026-06-18T21:06:26.615750+07:00: Az=22.06, El=27.69
2026-06-18T12:18:45.687552+07:00: SPOT 7 at 2026-06-18T21:06:27.615750+07:00: Az=21.83, El=27.53
2026-06-18T12:18:45.688501+07:00: SPOT 7 at 2026-06-18T21:06:28.615750+07:00: Az=21.61, El=27.36
2026-06-18T12:18:45.689445+07:00: SPOT 7 at 2026-06-18T21:06:29.615750+07:00: Az=21.39, El=27.20
2026-06-18T12:18:45.690387+07:00: SPOT 7 at 2026-06-18T21:06:30.615750+07:00: Az=21.17, El=27.04
2026-06-18T12:18:45.691330+07:00: SPOT 7 at 2026-06-18T21:06:31.615750+07:00: Az=20.96, El=26.88
2026-06-18T12:18:45.692293+07:00: SPOT 7 at 2026-06-18T21:06:32.615750+07:00: Az=20.74, El=26.72
2026-06-18T12:18:45.693242+07:00: SPOT 7 at 2026-06-18T21:06:33.615750+07:00: Az=20.53, El=26.56
2026-06-18T12:18:45.694203+07:00: SPOT 7 at 2026-06-18T21:06:34.615750+07:00: Az=20.32, El=26.40
2026-06-18T12:18:45.695163+07:00: SPOT 7 at 2026-06-18T21:06:35.615750+07:00: Az=20.12, El=26.25
2026-06-18T12:18:45.696142+07:00: SPOT 7 at 2026-06-18T21:06:36.615750+07:00: Az=19.91, El=26.09
2026-06-18T12:18:45.697128+07:00: SPOT 7 at 2026-06-18T21:06:37.615750+07:00: Az=19.71, El=25.93
2026-06-18T12:18:45.698137+07:00: SPOT 7 at 2026-06-18T21:06:38.615750+07:00: Az=19.51, El=25.78
2026-06-18T12:18:45.699115+07:00: SPOT 7 at 2026-06-18T21:06:39.615750+07:00: Az=19.31, El=25.62
2026-06-18T12:18:45.700078+07:00: SPOT 7 at 2026-06-18T21:06:40.615750+07:00: Az=19.11, El=25.47
2026-06-18T12:18:45.701023+07:00: SPOT 7 at 2026-06-18T21:06:41.615750+07:00: Az=18.92, El=25.31
2026-06-18T12:18:45.701972+07:00: SPOT 7 at 2026-06-18T21:06:42.615750+07:00: Az=18.73, El=25.16
2026-06-18T12:18:45.702917+07:00: SPOT 7 at 2026-06-18T21:06:43.615750+07:00: Az=18.54, El=25.01
2026-06-18T12:18:45.703877+07:00: SPOT 7 at 2026-06-18T21:06:44.615750+07:00: Az=18.35, El=24.85
2026-06-18T12:18:45.704833+07:00: SPOT 7 at 2026-06-18T21:06:45.615750+07:00: Az=18.16, El=24.70
2026-06-18T12:18:45.705795+07:00: SPOT 7 at 2026-06-18T21:06:46.615750+07:00: Az=17.98, El=24.55
2026-06-18T12:18:45.706778+07:00: SPOT 7 at 2026-06-18T21:06:47.615750+07:00: Az=17.79, El=24.40
2026-06-18T12:18:45.707797+07:00: SPOT 7 at 2026-06-18T21:06:48.615750+07:00: Az=17.61, El=24.25
2026-06-18T12:18:45.708901+07:00: SPOT 7 at 2026-06-18T21:06:49.615750+07:00: Az=17.43, El=24.10
2026-06-18T12:18:45.709905+07:00: SPOT 7 at 2026-06-18T21:06:50.615750+07:00: Az=17.26, El=23.95
2026-06-18T12:18:45.710876+07:00: SPOT 7 at 2026-06-18T21:06:51.615750+07:00: Az=17.08, El=23.80
2026-06-18T12:18:45.711845+07:00: SPOT 7 at 2026-06-18T21:06:52.615750+07:00: Az=16.91, El=23.66
2026-06-18T12:18:45.712798+07:00: SPOT 7 at 2026-06-18T21:06:53.615750+07:00: Az=16.74, El=23.51
2026-06-18T12:18:45.713752+07:00: SPOT 7 at 2026-06-18T21:06:54.615750+07:00: Az=16.56, El=23.36
2026-06-18T12:18:45.714697+07:00: SPOT 7 at 2026-06-18T21:06:55.615750+07:00: Az=16.40, El=23.22
2026-06-18T12:18:45.715649+07:00: SPOT 7 at 2026-06-18T21:06:56.615750+07:00: Az=16.23, El=23.07
2026-06-18T12:18:45.716600+07:00: SPOT 7 at 2026-06-18T21:06:57.615750+07:00: Az=16.06, El=22.93
2026-06-18T12:18:45.717566+07:00: SPOT 7 at 2026-06-18T21:06:58.615750+07:00: Az=15.90, El=22.79
2026-06-18T12:18:45.718516+07:00: SPOT 7 at 2026-06-18T21:06:59.615750+07:00: Az=15.74, El=22.64
2026-06-18T12:18:45.719489+07:00: SPOT 7 at 2026-06-18T21:07:00.615750+07:00: Az=15.58, El=22.50
2026-06-18T12:18:45.720554+07:00: SPOT 7 at 2026-06-18T21:07:01.615750+07:00: Az=15.42, El=22.36
2026-06-18T12:18:45.721524+07:00: SPOT 7 at 2026-06-18T21:07:02.615750+07:00: Az=15.26, El=22.22
2026-06-18T12:18:45.722477+07:00: SPOT 7 at 2026-06-18T21:07:03.615750+07:00: Az=15.10, El=22.08
2026-06-18T12:18:45.723435+07:00: SPOT 7 at 2026-06-18T21:07:04.615750+07:00: Az=14.95, El=21.94
2026-06-18T12:18:45.724379+07:00: SPOT 7 at 2026-06-18T21:07:05.615750+07:00: Az=14.80, El=21.80
2026-06-18T12:18:45.725335+07:00: SPOT 7 at 2026-06-18T21:07:06.615750+07:00: Az=14.64, El=21.66
2026-06-18T12:18:45.726283+07:00: SPOT 7 at 2026-06-18T21:07:07.615750+07:00: Az=14.49, El=21.52
2026-06-18T12:18:45.727230+07:00: SPOT 7 at 2026-06-18T21:07:08.615750+07:00: Az=14.34, El=21.39
2026-06-18T12:18:45.728184+07:00: SPOT 7 at 2026-06-18T21:07:09.615750+07:00: Az=14.20, El=21.25
2026-06-18T12:18:45.729140+07:00: SPOT 7 at 2026-06-18T21:07:10.615750+07:00: Az=14.05, El=21.11
2026-06-18T12:18:45.730104+07:00: SPOT 7 at 2026-06-18T21:07:11.615750+07:00: Az=13.91, El=20.98
2026-06-18T12:18:45.731063+07:00: SPOT 7 at 2026-06-18T21:07:12.615750+07:00: Az=13.76, El=20.84
2026-06-18T12:18:45.732020+07:00: SPOT 7 at 2026-06-18T21:07:13.615750+07:00: Az=13.62, El=20.71
2026-06-18T12:18:45.732966+07:00: SPOT 7 at 2026-06-18T21:07:14.615750+07:00: Az=13.48, El=20.58
2026-06-18T12:18:45.733921+07:00: SPOT 7 at 2026-06-18T21:07:15.615750+07:00: Az=13.34, El=20.44
2026-06-18T12:18:45.734879+07:00: SPOT 7 at 2026-06-18T21:07:16.615750+07:00: Az=13.20, El=20.31
2026-06-18T12:18:45.735839+07:00: SPOT 7 at 2026-06-18T21:07:17.615750+07:00: Az=13.06, El=20.18
2026-06-18T12:18:45.736786+07:00: SPOT 7 at 2026-06-18T21:07:18.615750+07:00: Az=12.93, El=20.05
2026-06-18T12:18:45.737744+07:00: SPOT 7 at 2026-06-18T21:07:19.615750+07:00: Az=12.79, El=19.92
2026-06-18T12:18:45.738700+07:00: SPOT 7 at 2026-06-18T21:07:20.615750+07:00: Az=12.66, El=19.79
2026-06-18T12:18:45.739652+07:00: SPOT 7 at 2026-06-18T21:07:21.615750+07:00: Az=12.53, El=19.66
2026-06-18T12:18:45.740615+07:00: SPOT 7 at 2026-06-18T21:07:22.615750+07:00: Az=12.40, El=19.53
2026-06-18T12:18:45.741620+07:00: SPOT 7 at 2026-06-18T21:07:23.615750+07:00: Az=12.27, El=19.40
2026-06-18T12:18:45.742627+07:00: SPOT 7 at 2026-06-18T21:07:24.615750+07:00: Az=12.14, El=19.27
2026-06-18T12:18:45.743591+07:00: SPOT 7 at 2026-06-18T21:07:25.615750+07:00: Az=12.01, El=19.15
2026-06-18T12:18:45.744545+07:00: SPOT 7 at 2026-06-18T21:07:26.615750+07:00: Az=11.89, El=19.02
2026-06-18T12:18:45.745498+07:00: SPOT 7 at 2026-06-18T21:07:27.615750+07:00: Az=11.76, El=18.89
2026-06-18T12:18:45.746442+07:00: SPOT 7 at 2026-06-18T21:07:28.615750+07:00: Az=11.64, El=18.77
2026-06-18T12:18:45.747388+07:00: SPOT 7 at 2026-06-18T21:07:29.615750+07:00: Az=11.51, El=18.64
2026-06-18T12:18:45.748373+07:00: SPOT 7 at 2026-06-18T21:07:30.615750+07:00: Az=11.39, El=18.52
2026-06-18T12:18:45.749321+07:00: SPOT 7 at 2026-06-18T21:07:31.615750+07:00: Az=11.27, El=18.40
2026-06-18T12:18:45.750506+07:00: SPOT 7 at 2026-06-18T21:07:32.615750+07:00: Az=11.15, El=18.27
2026-06-18T12:18:45.751530+07:00: SPOT 7 at 2026-06-18T21:07:33.615750+07:00: Az=11.03, El=18.15
2026-06-18T12:18:45.752497+07:00: SPOT 7 at 2026-06-18T21:07:34.615750+07:00: Az=10.92, El=18.03
2026-06-18T12:18:45.753448+07:00: SPOT 7 at 2026-06-18T21:07:35.615750+07:00: Az=10.80, El=17.91
2026-06-18T12:18:45.754415+07:00: SPOT 7 at 2026-06-18T21:07:36.615750+07:00: Az=10.68, El=17.79
2026-06-18T12:18:45.755460+07:00: SPOT 7 at 2026-06-18T21:07:37.615750+07:00: Az=10.57, El=17.67
2026-06-18T12:18:45.756446+07:00: SPOT 7 at 2026-06-18T21:07:38.615750+07:00: Az=10.45, El=17.55
2026-06-18T12:18:45.757426+07:00: SPOT 7 at 2026-06-18T21:07:39.615750+07:00: Az=10.34, El=17.43
2026-06-18T12:18:45.758393+07:00: SPOT 7 at 2026-06-18T21:07:40.615750+07:00: Az=10.23, El=17.31
2026-06-18T12:18:45.759347+07:00: SPOT 7 at 2026-06-18T21:07:41.615750+07:00: Az=10.12, El=17.19
2026-06-18T12:18:45.760304+07:00: SPOT 7 at 2026-06-18T21:07:42.615750+07:00: Az=10.01, El=17.07
2026-06-18T12:18:45.761257+07:00: SPOT 7 at 2026-06-18T21:07:43.615750+07:00: Az=9.90, El=16.96
2026-06-18T12:18:45.762201+07:00: SPOT 7 at 2026-06-18T21:07:44.615750+07:00: Az=9.79, El=16.84
2026-06-18T12:18:45.763146+07:00: SPOT 7 at 2026-06-18T21:07:45.615750+07:00: Az=9.68, El=16.72
2026-06-18T12:18:45.764085+07:00: SPOT 7 at 2026-06-18T21:07:46.615750+07:00: Az=9.58, El=16.61
2026-06-18T12:18:45.765035+07:00: SPOT 7 at 2026-06-18T21:07:47.615750+07:00: Az=9.47, El=16.49
2026-06-18T12:18:45.765983+07:00: SPOT 7 at 2026-06-18T21:07:48.615750+07:00: Az=9.37, El=16.38
2026-06-18T12:18:45.766941+07:00: SPOT 7 at 2026-06-18T21:07:49.615750+07:00: Az=9.26, El=16.26
2026-06-18T12:18:45.767885+07:00: SPOT 7 at 2026-06-18T21:07:50.615750+07:00: Az=9.16, El=16.15
2026-06-18T12:18:45.768840+07:00: SPOT 7 at 2026-06-18T21:07:51.615750+07:00: Az=9.06, El=16.04
2026-06-18T12:18:45.769829+07:00: SPOT 7 at 2026-06-18T21:07:52.615750+07:00: Az=8.96, El=15.92
2026-06-18T12:18:45.770782+07:00: SPOT 7 at 2026-06-18T21:07:53.615750+07:00: Az=8.86, El=15.81
2026-06-18T12:18:45.771727+07:00: SPOT 7 at 2026-06-18T21:07:54.615750+07:00: Az=8.76, El=15.70
2026-06-18T12:18:45.772667+07:00: SPOT 7 at 2026-06-18T21:07:55.615750+07:00: Az=8.66, El=15.59
2026-06-18T12:18:45.773614+07:00: SPOT 7 at 2026-06-18T21:07:56.615750+07:00: Az=8.56, El=15.48
2026-06-18T12:18:45.774565+07:00: SPOT 7 at 2026-06-18T21:07:57.615750+07:00: Az=8.46, El=15.37
2026-06-18T12:18:45.775514+07:00: SPOT 7 at 2026-06-18T21:07:58.615750+07:00: Az=8.37, El=15.26
2026-06-18T12:18:45.777021+07:00: SPOT 7 at 2026-06-18T21:07:59.615750+07:00: Az=8.27, El=15.15
2026-06-18T12:18:45.777962+07:00: SPOT 7 at 2026-06-18T21:08:00.615750+07:00: Az=8.18, El=15.04
2026-06-18T12:18:45.778898+07:00: SPOT 7 at 2026-06-18T21:08:01.615750+07:00: Az=8.08, El=14.93
2026-06-18T12:18:45.779836+07:00: SPOT 7 at 2026-06-18T21:08:02.615750+07:00: Az=7.99, El=14.83
2026-06-18T12:18:45.780769+07:00: SPOT 7 at 2026-06-18T21:08:03.615750+07:00: Az=7.90, El=14.72
2026-06-18T12:18:45.781709+07:00: SPOT 7 at 2026-06-18T21:08:04.615750+07:00: Az=7.81, El=14.61
2026-06-18T12:18:45.782649+07:00: SPOT 7 at 2026-06-18T21:08:05.615750+07:00: Az=7.71, El=14.50
2026-06-18T12:18:45.783592+07:00: SPOT 7 at 2026-06-18T21:08:06.615750+07:00: Az=7.62, El=14.40
2026-06-18T12:18:45.784523+07:00: SPOT 7 at 2026-06-18T21:08:07.615750+07:00: Az=7.53, El=14.29
2026-06-18T12:18:45.785473+07:00: SPOT 7 at 2026-06-18T21:08:08.615750+07:00: Az=7.45, El=14.19
2026-06-18T12:18:45.786403+07:00: SPOT 7 at 2026-06-18T21:08:09.615750+07:00: Az=7.36, El=14.08
2026-06-18T12:18:45.787335+07:00: SPOT 7 at 2026-06-18T21:08:10.615750+07:00: Az=7.27, El=13.98
2026-06-18T12:18:45.788263+07:00: SPOT 7 at 2026-06-18T21:08:11.615750+07:00: Az=7.18, El=13.87
2026-06-18T12:18:45.789231+07:00: SPOT 7 at 2026-06-18T21:08:12.615750+07:00: Az=7.10, El=13.77
2026-06-18T12:18:45.790166+07:00: SPOT 7 at 2026-06-18T21:08:13.615750+07:00: Az=7.01, El=13.67
2026-06-18T12:18:45.791110+07:00: SPOT 7 at 2026-06-18T21:08:14.615750+07:00: Az=6.92, El=13.57
2026-06-18T12:18:45.792039+07:00: SPOT 7 at 2026-06-18T21:08:15.615750+07:00: Az=6.84, El=13.46
2026-06-18T12:18:45.792981+07:00: SPOT 7 at 2026-06-18T21:08:16.615750+07:00: Az=6.76, El=13.36
2026-06-18T12:18:45.793924+07:00: SPOT 7 at 2026-06-18T21:08:17.615750+07:00: Az=6.67, El=13.26
2026-06-18T12:18:45.794868+07:00: SPOT 7 at 2026-06-18T21:08:18.615750+07:00: Az=6.59, El=13.16
2026-06-18T12:18:45.795828+07:00: SPOT 7 at 2026-06-18T21:08:19.615750+07:00: Az=6.51, El=13.06
2026-06-18T12:18:45.796761+07:00: SPOT 7 at 2026-06-18T21:08:20.615750+07:00: Az=6.43, El=12.96
2026-06-18T12:18:45.797715+07:00: SPOT 7 at 2026-06-18T21:08:21.615750+07:00: Az=6.35, El=12.86
2026-06-18T12:18:45.798662+07:00: SPOT 7 at 2026-06-18T21:08:22.615750+07:00: Az=6.27, El=12.76
2026-06-18T12:18:45.799616+07:00: SPOT 7 at 2026-06-18T21:08:23.615750+07:00: Az=6.19, El=12.66
2026-06-18T12:18:45.800564+07:00: SPOT 7 at 2026-06-18T21:08:24.615750+07:00: Az=6.11, El=12.56
2026-06-18T12:18:45.801514+07:00: SPOT 7 at 2026-06-18T21:08:25.615750+07:00: Az=6.03, El=12.46
2026-06-18T12:18:45.802459+07:00: SPOT 7 at 2026-06-18T21:08:26.615750+07:00: Az=5.95, El=12.37
2026-06-18T12:18:45.803409+07:00: SPOT 7 at 2026-06-18T21:08:27.615750+07:00: Az=5.88, El=12.27
2026-06-18T12:18:45.804354+07:00: SPOT 7 at 2026-06-18T21:08:28.615750+07:00: Az=5.80, El=12.17
2026-06-18T12:18:45.805333+07:00: SPOT 7 at 2026-06-18T21:08:29.615750+07:00: Az=5.72, El=12.08
2026-06-18T12:18:45.806313+07:00: SPOT 7 at 2026-06-18T21:08:30.615750+07:00: Az=5.65, El=11.98
2026-06-18T12:18:45.807313+07:00: SPOT 7 at 2026-06-18T21:08:31.615750+07:00: Az=5.57, El=11.88
2026-06-18T12:18:45.808362+07:00: SPOT 7 at 2026-06-18T21:08:32.615750+07:00: Az=5.50, El=11.79
2026-06-18T12:18:45.809426+07:00: SPOT 7 at 2026-06-18T21:08:33.615750+07:00: Az=5.42, El=11.69
2026-06-18T12:18:45.810488+07:00: SPOT 7 at 2026-06-18T21:08:34.615750+07:00: Az=5.35, El=11.60
2026-06-18T12:18:45.811499+07:00: SPOT 7 at 2026-06-18T21:08:35.615750+07:00: Az=5.28, El=11.50
2026-06-18T12:18:45.812488+07:00: SPOT 7 at 2026-06-18T21:08:36.615750+07:00: Az=5.20, El=11.41
2026-06-18T12:18:45.813497+07:00: SPOT 7 at 2026-06-18T21:08:37.615750+07:00: Az=5.13, El=11.32
2026-06-18T12:18:45.814493+07:00: SPOT 7 at 2026-06-18T21:08:38.615750+07:00: Az=5.06, El=11.22
2026-06-18T12:18:45.815455+07:00: SPOT 7 at 2026-06-18T21:08:39.615750+07:00: Az=4.99, El=11.13
2026-06-18T12:18:45.816410+07:00: SPOT 7 at 2026-06-18T21:08:40.615750+07:00: Az=4.92, El=11.04
2026-06-18T12:18:45.817364+07:00: SPOT 7 at 2026-06-18T21:08:41.615750+07:00: Az=4.85, El=10.95
2026-06-18T12:18:45.818321+07:00: SPOT 7 at 2026-06-18T21:08:42.615750+07:00: Az=4.78, El=10.85
2026-06-18T12:18:45.819290+07:00: SPOT 7 at 2026-06-18T21:08:43.615750+07:00: Az=4.71, El=10.76
2026-06-18T12:18:45.820270+07:00: SPOT 7 at 2026-06-18T21:08:44.615750+07:00: Az=4.64, El=10.67
2026-06-18T12:18:45.821236+07:00: SPOT 7 at 2026-06-18T21:08:45.615750+07:00: Az=4.58, El=10.58
2026-06-18T12:18:45.822195+07:00: SPOT 7 at 2026-06-18T21:08:46.615750+07:00: Az=4.51, El=10.49
2026-06-18T12:18:45.823154+07:00: SPOT 7 at 2026-06-18T21:08:47.615750+07:00: Az=4.44, El=10.40
2026-06-18T12:18:45.824107+07:00: SPOT 7 at 2026-06-18T21:08:48.615750+07:00: Az=4.38, El=10.31
2026-06-18T12:18:45.825064+07:00: SPOT 7 at 2026-06-18T21:08:49.615750+07:00: Az=4.31, El=10.22
2026-06-18T12:18:45.826027+07:00: SPOT 7 at 2026-06-18T21:08:50.615750+07:00: Az=4.24, El=10.13
2026-06-18T12:18:45.826987+07:00: SPOT 7 at 2026-06-18T21:08:51.615750+07:00: Az=4.18, El=10.04
2026-06-18T12:18:45.827960+07:00: SPOT 7 at 2026-06-18T21:08:52.615750+07:00: Az=4.11, El=9.95
2026-06-18T12:18:45.828918+07:00: SPOT 7 at 2026-06-18T21:08:53.615750+07:00: Az=4.05, El=9.87
2026-06-18T12:18:45.829924+07:00: SPOT 7 at 2026-06-18T21:08:54.615750+07:00: Az=3.99, El=9.78
2026-06-18T12:18:45.830908+07:00: SPOT 7 at 2026-06-18T21:08:55.615750+07:00: Az=3.92, El=9.69
2026-06-18T12:18:45.831883+07:00: SPOT 7 at 2026-06-18T21:08:56.615750+07:00: Az=3.86, El=9.60
2026-06-18T12:18:45.832843+07:00: SPOT 7 at 2026-06-18T21:08:57.615750+07:00: Az=3.80, El=9.52
2026-06-18T12:18:45.833815+07:00: SPOT 7 at 2026-06-18T21:08:58.615750+07:00: Az=3.73, El=9.43
2026-06-18T12:18:45.834763+07:00: SPOT 7 at 2026-06-18T21:08:59.615750+07:00: Az=3.67, El=9.34
2026-06-18T12:18:45.835728+07:00: SPOT 7 at 2026-06-18T21:09:00.615750+07:00: Az=3.61, El=9.26
2026-06-18T12:18:45.836740+07:00: SPOT 7 at 2026-06-18T21:09:01.615750+07:00: Az=3.55, El=9.17
2026-06-18T12:18:45.837704+07:00: SPOT 7 at 2026-06-18T21:09:02.615750+07:00: Az=3.49, El=9.09
2026-06-18T12:18:45.838682+07:00: SPOT 7 at 2026-06-18T21:09:03.615750+07:00: Az=3.43, El=9.00
2026-06-18T12:18:45.839629+07:00: SPOT 7 at 2026-06-18T21:09:04.615750+07:00: Az=3.37, El=8.92
2026-06-18T12:18:45.840583+07:00: SPOT 7 at 2026-06-18T21:09:05.615750+07:00: Az=3.31, El=8.83
2026-06-18T12:18:45.841543+07:00: SPOT 7 at 2026-06-18T21:09:06.615750+07:00: Az=3.25, El=8.75
2026-06-18T12:18:45.842502+07:00: SPOT 7 at 2026-06-18T21:09:07.615750+07:00: Az=3.19, El=8.66
2026-06-18T12:18:45.843500+07:00: SPOT 7 at 2026-06-18T21:09:08.615750+07:00: Az=3.14, El=8.58
2026-06-18T12:18:45.844478+07:00: SPOT 7 at 2026-06-18T21:09:09.615750+07:00: Az=3.08, El=8.50
2026-06-18T12:18:45.845439+07:00: SPOT 7 at 2026-06-18T21:09:10.615750+07:00: Az=3.02, El=8.41
2026-06-18T12:18:45.846392+07:00: SPOT 7 at 2026-06-18T21:09:11.615750+07:00: Az=2.96, El=8.33
2026-06-18T12:18:45.847363+07:00: SPOT 7 at 2026-06-18T21:09:12.615750+07:00: Az=2.91, El=8.25
2026-06-18T12:18:45.848314+07:00: SPOT 7 at 2026-06-18T21:09:13.615750+07:00: Az=2.85, El=8.16
2026-06-18T12:18:45.849289+07:00: SPOT 7 at 2026-06-18T21:09:14.615750+07:00: Az=2.79, El=8.08
2026-06-18T12:18:45.850256+07:00: SPOT 7 at 2026-06-18T21:09:15.615750+07:00: Az=2.74, El=8.00
2026-06-18T12:18:45.851220+07:00: SPOT 7 at 2026-06-18T21:09:16.615750+07:00: Az=2.68, El=7.92
2026-06-18T12:18:45.852220+07:00: SPOT 7 at 2026-06-18T21:09:17.615750+07:00: Az=2.63, El=7.84
2026-06-18T12:18:45.853214+07:00: SPOT 7 at 2026-06-18T21:09:18.615750+07:00: Az=2.57, El=7.76
2026-06-18T12:18:45.854202+07:00: SPOT 7 at 2026-06-18T21:09:19.615750+07:00: Az=2.52, El=7.68
2026-06-18T12:18:45.855181+07:00: SPOT 7 at 2026-06-18T21:09:20.615750+07:00: Az=2.47, El=7.60
2026-06-18T12:18:45.856166+07:00: SPOT 7 at 2026-06-18T21:09:21.615750+07:00: Az=2.41, El=7.52
2026-06-18T12:18:45.857129+07:00: SPOT 7 at 2026-06-18T21:09:22.615750+07:00: Az=2.36, El=7.44
2026-06-18T12:18:45.858081+07:00: SPOT 7 at 2026-06-18T21:09:23.615750+07:00: Az=2.31, El=7.36
2026-06-18T12:18:45.859032+07:00: SPOT 7 at 2026-06-18T21:09:24.615750+07:00: Az=2.25, El=7.28
2026-06-18T12:18:45.859992+07:00: SPOT 7 at 2026-06-18T21:09:25.615750+07:00: Az=2.20, El=7.20
2026-06-18T12:18:45.860937+07:00: SPOT 7 at 2026-06-18T21:09:26.615750+07:00: Az=2.15, El=7.12
2026-06-18T12:18:45.861897+07:00: SPOT 7 at 2026-06-18T21:09:27.615750+07:00: Az=2.10, El=7.04
2026-06-18T12:18:45.862849+07:00: SPOT 7 at 2026-06-18T21:09:28.615750+07:00: Az=2.05, El=6.96
2026-06-18T12:18:45.863808+07:00: SPOT 7 at 2026-06-18T21:09:29.615750+07:00: Az=2.00, El=6.88
2026-06-18T12:18:45.864760+07:00: SPOT 7 at 2026-06-18T21:09:30.615750+07:00: Az=1.94, El=6.81
2026-06-18T12:18:45.865714+07:00: SPOT 7 at 2026-06-18T21:09:31.615750+07:00: Az=1.89, El=6.73
2026-06-18T12:18:45.866661+07:00: SPOT 7 at 2026-06-18T21:09:32.615750+07:00: Az=1.84, El=6.65
2026-06-18T12:18:45.867639+07:00: SPOT 7 at 2026-06-18T21:09:33.615750+07:00: Az=1.79, El=6.57
2026-06-18T12:18:45.868624+07:00: SPOT 7 at 2026-06-18T21:09:34.615750+07:00: Az=1.75, El=6.50
2026-06-18T12:18:45.869598+07:00: SPOT 7 at 2026-06-18T21:09:35.615750+07:00: Az=1.70, El=6.42
2026-06-18T12:18:45.870558+07:00: SPOT 7 at 2026-06-18T21:09:36.615750+07:00: Az=1.65, El=6.34
2026-06-18T12:18:45.871552+07:00: SPOT 7 at 2026-06-18T21:09:37.615750+07:00: Az=1.60, El=6.27
2026-06-18T12:18:45.872523+07:00: SPOT 7 at 2026-06-18T21:09:38.615750+07:00: Az=1.55, El=6.19
2026-06-18T12:18:45.873941+07:00: SPOT 7 at 2026-06-18T21:09:39.615750+07:00: Az=1.50, El=6.12
2026-06-18T12:18:45.874928+07:00: SPOT 7 at 2026-06-18T21:09:40.615750+07:00: Az=1.45, El=6.04
2026-06-18T12:18:45.875926+07:00: SPOT 7 at 2026-06-18T21:09:41.615750+07:00: Az=1.41, El=5.97
2026-06-18T12:18:45.876920+07:00: SPOT 7 at 2026-06-18T21:09:42.615750+07:00: Az=1.36, El=5.89
2026-06-18T12:18:45.877915+07:00: SPOT 7 at 2026-06-18T21:09:43.615750+07:00: Az=1.31, El=5.82
2026-06-18T12:18:45.878895+07:00: SPOT 7 at 2026-06-18T21:09:44.615750+07:00: Az=1.27, El=5.74
2026-06-18T12:18:45.879862+07:00: SPOT 7 at 2026-06-18T21:09:45.615750+07:00: Az=1.22, El=5.67
2026-06-18T12:18:45.880817+07:00: SPOT 7 at 2026-06-18T21:09:46.615750+07:00: Az=1.17, El=5.59
2026-06-18T12:18:45.881748+07:00: SPOT 7 at 2026-06-18T21:09:47.615750+07:00: Az=1.13, El=5.52
2026-06-18T12:18:45.882729+07:00: SPOT 7 at 2026-06-18T21:09:48.615750+07:00: Az=1.08, El=5.44
2026-06-18T12:18:45.883663+07:00: SPOT 7 at 2026-06-18T21:09:49.615750+07:00: Az=1.04, El=5.37
2026-06-18T12:18:45.884607+07:00: SPOT 7 at 2026-06-18T21:09:50.615750+07:00: Az=0.99, El=5.30
2026-06-18T12:18:45.885541+07:00: SPOT 7 at 2026-06-18T21:09:51.615750+07:00: Az=0.95, El=5.22
2026-06-18T12:18:45.886478+07:00: SPOT 7 at 2026-06-18T21:09:52.615750+07:00: Az=0.90, El=5.15
2026-06-18T12:18:45.887416+07:00: SPOT 7 at 2026-06-18T21:09:53.615750+07:00: Az=0.86, El=5.08
2026-06-18T12:18:45.888358+07:00: SPOT 7 at 2026-06-18T21:09:54.615750+07:00: Az=0.82, El=5.01
2026-06-18T12:18:45.889308+07:00: SPOT 7 at 2026-06-18T21:09:55.615750+07:00: Az=0.77, El=4.93
2026-06-18T12:18:45.890248+07:00: SPOT 7 at 2026-06-18T21:09:56.615750+07:00: Az=0.73, El=4.86
2026-06-18T12:18:45.891196+07:00: SPOT 7 at 2026-06-18T21:09:57.615750+07:00: Az=0.69, El=4.79
2026-06-18T12:18:45.892147+07:00: SPOT 7 at 2026-06-18T21:09:58.615750+07:00: Az=0.64, El=4.72
2026-06-18T12:18:45.893112+07:00: SPOT 7 at 2026-06-18T21:09:59.615750+07:00: Az=0.60, El=4.65
2026-06-18T12:18:45.894069+07:00: SPOT 7 at 2026-06-18T21:10:00.615750+07:00: Az=0.56, El=4.58
2026-06-18T12:18:45.895026+07:00: SPOT 7 at 2026-06-18T21:10:01.615750+07:00: Az=0.52, El=4.50
2026-06-18T12:18:45.896001+07:00: SPOT 7 at 2026-06-18T21:10:02.615750+07:00: Az=0.47, El=4.43
2026-06-18T12:18:45.896986+07:00: SPOT 7 at 2026-06-18T21:10:03.615750+07:00: Az=0.43, El=4.36
2026-06-18T12:18:45.897972+07:00: SPOT 7 at 2026-06-18T21:10:04.615750+07:00: Az=0.39, El=4.29
2026-06-18T12:18:45.898922+07:00: SPOT 7 at 2026-06-18T21:10:05.615750+07:00: Az=0.35, El=4.22
2026-06-18T12:18:45.899866+07:00: SPOT 7 at 2026-06-18T21:10:06.615750+07:00: Az=0.31, El=4.15
2026-06-18T12:18:45.900811+07:00: SPOT 7 at 2026-06-18T21:10:07.615750+07:00: Az=0.27, El=4.08
2026-06-18T12:18:45.901755+07:00: SPOT 7 at 2026-06-18T21:10:08.615750+07:00: Az=0.23, El=4.01
2026-06-18T12:18:45.902706+07:00: SPOT 7 at 2026-06-18T21:10:09.615750+07:00: Az=0.19, El=3.94
2026-06-18T12:18:45.903657+07:00: SPOT 7 at 2026-06-18T21:10:10.615750+07:00: Az=0.15, El=3.87
2026-06-18T12:18:45.904617+07:00: SPOT 7 at 2026-06-18T21:10:11.615750+07:00: Az=0.11, El=3.80
2026-06-18T12:18:45.905565+07:00: SPOT 7 at 2026-06-18T21:10:12.615750+07:00: Az=0.07, El=3.74
2026-06-18T12:18:45.906538+07:00: SPOT 7 at 2026-06-18T21:10:13.615750+07:00: Az=0.03, El=3.67
2026-06-18T12:18:45.907492+07:00: SPOT 7 at 2026-06-18T21:10:14.615750+07:00: Az=359.99, El=3.60
2026-06-18T12:18:45.908444+07:00: SPOT 7 at 2026-06-18T21:10:15.615750+07:00: Az=359.95, El=3.53
2026-06-18T12:18:45.909719+07:00: SPOT 7 at 2026-06-18T21:10:16.615750+07:00: Az=359.91, El=3.46
2026-06-18T12:18:45.910764+07:00: SPOT 7 at 2026-06-18T21:10:17.615750+07:00: Az=359.87, El=3.39
2026-06-18T12:18:45.911714+07:00: SPOT 7 at 2026-06-18T21:10:18.615750+07:00: Az=359.83, El=3.32
2026-06-18T12:18:45.912646+07:00: SPOT 7 at 2026-06-18T21:10:19.615750+07:00: Az=359.80, El=3.26
2026-06-18T12:18:45.913620+07:00: SPOT 7 at 2026-06-18T21:10:20.615750+07:00: Az=359.76, El=3.19
2026-06-18T12:18:45.914551+07:00: SPOT 7 at 2026-06-18T21:10:21.615750+07:00: Az=359.72, El=3.12
2026-06-18T12:18:45.915478+07:00: SPOT 7 at 2026-06-18T21:10:22.615750+07:00: Az=359.68, El=3.05
2026-06-18T12:18:45.916412+07:00: SPOT 7 at 2026-06-18T21:10:23.615750+07:00: Az=359.65, El=2.99
2026-06-18T12:18:45.917356+07:00: SPOT 7 at 2026-06-18T21:10:24.615750+07:00: Az=359.61, El=2.92
2026-06-18T12:18:45.918289+07:00: SPOT 7 at 2026-06-18T21:10:25.615750+07:00: Az=359.57, El=2.85
2026-06-18T12:18:45.919215+07:00: SPOT 7 at 2026-06-18T21:10:26.615750+07:00: Az=359.53, El=2.79
2026-06-18T12:18:45.920147+07:00: SPOT 7 at 2026-06-18T21:10:27.615750+07:00: Az=359.50, El=2.72
2026-06-18T12:18:45.921076+07:00: SPOT 7 at 2026-06-18T21:10:28.615750+07:00: Az=359.46, El=2.66
2026-06-18T12:18:45.922011+07:00: SPOT 7 at 2026-06-18T21:10:29.615750+07:00: Az=359.43, El=2.59
2026-06-18T12:18:45.923072+07:00: SPOT 7 at 2026-06-18T21:10:30.615750+07:00: Az=359.39, El=2.52
2026-06-18T12:18:45.924179+07:00: SPOT 7 at 2026-06-18T21:10:31.615750+07:00: Az=359.35, El=2.46
2026-06-18T12:18:45.925214+07:00: SPOT 7 at 2026-06-18T21:10:32.615750+07:00: Az=359.32, El=2.39
2026-06-18T12:18:45.926242+07:00: SPOT 7 at 2026-06-18T21:10:33.615750+07:00: Az=359.28, El=2.33
2026-06-18T12:18:45.927246+07:00: SPOT 7 at 2026-06-18T21:10:34.615750+07:00: Az=359.25, El=2.26
2026-06-18T12:18:45.928270+07:00: SPOT 7 at 2026-06-18T21:10:35.615750+07:00: Az=359.21, El=2.20
2026-06-18T12:18:45.929279+07:00: SPOT 7 at 2026-06-18T21:10:36.615750+07:00: Az=359.18, El=2.13
2026-06-18T12:18:45.930336+07:00: SPOT 7 at 2026-06-18T21:10:37.615750+07:00: Az=359.14, El=2.07
2026-06-18T12:18:45.931522+07:00: SPOT 7 at 2026-06-18T21:10:38.615750+07:00: Az=359.11, El=2.00
2026-06-18T12:18:45.932484+07:00: SPOT 7 at 2026-06-18T21:10:39.615750+07:00: Az=359.07, El=1.94
2026-06-18T12:18:45.933442+07:00: SPOT 7 at 2026-06-18T21:10:40.615750+07:00: Az=359.04, El=1.87
2026-06-18T12:18:45.934396+07:00: SPOT 7 at 2026-06-18T21:10:41.615750+07:00: Az=359.01, El=1.81
2026-06-18T12:18:45.935352+07:00: SPOT 7 at 2026-06-18T21:10:42.615750+07:00: Az=358.97, El=1.74
2026-06-18T12:18:45.936296+07:00: SPOT 7 at 2026-06-18T21:10:43.615750+07:00: Az=358.94, El=1.68
2026-06-18T12:18:45.937267+07:00: SPOT 7 at 2026-06-18T21:10:44.615750+07:00: Az=358.91, El=1.62
2026-06-18T12:18:45.938216+07:00: SPOT 7 at 2026-06-18T21:10:45.615750+07:00: Az=358.87, El=1.55
2026-06-18T12:18:45.939202+07:00: SPOT 7 at 2026-06-18T21:10:46.615750+07:00: Az=358.84, El=1.49
2026-06-18T12:18:45.940158+07:00: SPOT 7 at 2026-06-18T21:10:47.615750+07:00: Az=358.81, El=1.43
2026-06-18T12:18:45.941118+07:00: SPOT 7 at 2026-06-18T21:10:48.615750+07:00: Az=358.77, El=1.36
2026-06-18T12:18:45.942064+07:00: SPOT 7 at 2026-06-18T21:10:49.615750+07:00: Az=358.74, El=1.30
2026-06-18T12:18:45.943021+07:00: SPOT 7 at 2026-06-18T21:10:50.615750+07:00: Az=358.71, El=1.24
2026-06-18T12:18:45.943996+07:00: SPOT 7 at 2026-06-18T21:10:51.615750+07:00: Az=358.68, El=1.17
2026-06-18T12:18:45.944962+07:00: SPOT 7 at 2026-06-18T21:10:52.615750+07:00: Az=358.64, El=1.11
2026-06-18T12:18:45.945957+07:00: SPOT 7 at 2026-06-18T21:10:53.615750+07:00: Az=358.61, El=1.05
2026-06-18T12:18:45.946981+07:00: SPOT 7 at 2026-06-18T21:10:54.615750+07:00: Az=358.58, El=0.99
2026-06-18T12:18:45.948057+07:00: SPOT 7 at 2026-06-18T21:10:55.615750+07:00: Az=358.55, El=0.92
2026-06-18T12:18:45.949046+07:00: SPOT 7 at 2026-06-18T21:10:56.615750+07:00: Az=358.52, El=0.86
2026-06-18T12:18:45.950004+07:00: SPOT 7 at 2026-06-18T21:10:57.615750+07:00: Az=358.49, El=0.80
2026-06-18T12:18:45.950946+07:00: SPOT 7 at 2026-06-18T21:10:58.615750+07:00: Az=358.45, El=0.74
2026-06-18T12:18:45.951893+07:00: SPOT 7 at 2026-06-18T21:10:59.615750+07:00: Az=358.42, El=0.68
2026-06-18T12:18:45.952842+07:00: SPOT 7 at 2026-06-18T21:11:00.615750+07:00: Az=358.39, El=0.62
2026-06-18T12:18:45.953828+07:00: SPOT 7 at 2026-06-18T21:11:01.615750+07:00: Az=358.36, El=0.55
2026-06-18T12:18:45.954831+07:00: SPOT 7 at 2026-06-18T21:11:02.615750+07:00: Az=358.33, El=0.49
2026-06-18T12:18:45.955789+07:00: SPOT 7 at 2026-06-18T21:11:03.615750+07:00: Az=358.30, El=0.43
2026-06-18T12:18:45.956735+07:00: SPOT 7 at 2026-06-18T21:11:04.615750+07:00: Az=358.27, El=0.37
2026-06-18T12:18:45.957680+07:00: SPOT 7 at 2026-06-18T21:11:05.615750+07:00: Az=358.24, El=0.31
2026-06-18T12:18:45.958629+07:00: SPOT 7 at 2026-06-18T21:11:06.615750+07:00: Az=358.21, El=0.25
2026-06-18T12:18:45.959578+07:00: SPOT 7 at 2026-06-18T21:11:07.615750+07:00: Az=358.18, El=0.19
2026-06-18T12:18:45.960521+07:00: SPOT 7 at 2026-06-18T21:11:08.615750+07:00: Az=358.15, El=0.13
2026-06-18T12:18:45.961468+07:00: SPOT 7 at 2026-06-18T21:11:09.615750+07:00: Az=358.12, El=0.07
2026-06-18T12:18:45.962416+07:00: SPOT 7 at 2026-06-18T21:11:10.615750+07:00: Az=358.09, El=0.01
2026-06-18T12:18:45.962595+07:00: Calculated 811 points for SPOT 7 (Az: 0.03-359.99, El: 0.00-44.01)
2026-06-18T12:18:45.963010+07:00: Finished calculating satellite data (Visible: 28, Info: 3)
2026-06-18T12:18:45.963422+07:00: Saving JSON for VNREDSat-1: TrackTimestamps=748, AzimuthAngles=748, ElevationAngles=748
2026-06-18T12:18:45.963432+07:00: Sample AzimuthAngles=[np.float64(140.2922040515413), np.float64(140.23131578920498), np.float64(140.1701736453065), np.float64(140.10877601057732), np.float64(140.04712126208437)], ElevationAngles=[np.float64(0.006223266263133412), np.float64(0.062468823528422736), np.float64(0.11880650768169265), np.float64(0.17523671783010347), np.float64(0.23175985532644133)]
2026-06-18T12:18:45.964348+07:00: Saving JSON for SPOT 6: TrackTimestamps=520, AzimuthAngles=520, ElevationAngles=520
2026-06-18T12:18:45.964358+07:00: Sample AzimuthAngles=[np.float64(108.09664365056307), np.float64(107.98349535620244), np.float64(107.87003833467408), np.float64(107.7562719676774), np.float64(107.6421956389039)], ElevationAngles=[np.float64(0.002899383186459782), np.float64(0.040221812298781), np.float64(0.07750577748002975), np.float64(0.11475072376223579), np.float64(0.15195609259009768)]
2026-06-18T12:18:45.965016+07:00: Saving JSON for SPOT 7: TrackTimestamps=811, AzimuthAngles=811, ElevationAngles=811
2026-06-18T12:18:45.965024+07:00: Sample AzimuthAngles=[np.float64(153.39353681055627), np.float64(153.36189171054784), np.float64(153.3301076697995), np.float64(153.2981836928043), np.float64(153.2661187718398)], ElevationAngles=[np.float64(0.0028439456675424125), np.float64(0.0630972814505212), np.float64(0.1234770283146089), np.float64(0.1839839699198555), np.float64(0.24461890047669324)]
2026-06-18T12:18:45.987966+07:00: JSON files saved successfully
2026-06-18T12:18:45.988236+07:00: Main completed successfully
